
==================================================
Starting End-to-End Pipeline for: dataset_dev_run_1
==================================================
[1/3] Running Algorithm 1 (SAC)
  wrote dataset_dev_run_1_event_table.json  (3152 events, 44299 read total)
  wrote dataset_dev_run_1_session_correlation.csv  (3152 correlated pairs)
[2/3] Running Algorithm 2 (Graph Construction)
     => Generated 134 base session graphs natively in RAM
[3/3] Running Algorithm 3 (Behavior Abstraction & Serialization)
     [+] Wrote enriched_session_42044_Data_Exfiltration.graphml (Nodes: 9, Edges: 9)
     [+] Wrote enriched_session_42055_Sabotage.graphml (Nodes: 3, Edges: 2)
     [+] Wrote enriched_session_42075_Data_Exfiltration.graphml (Nodes: 4, Edges: 3)
     [+] Wrote enriched_session_42088_Data_Exfiltration.graphml (Nodes: 4, Edges: 3)
     [+] Wrote enriched_session_41926_Data_Exfiltration.graphml (Nodes: 9, Edges: 8)
     [+] Wrote enriched_session_42051_Normal.graphml (Nodes: 13, Edges: 17)
     [+] Wrote enriched_session_42077_Normal.graphml (Nodes: 13, Edges: 17)
     [+] Wrote enriched_session_42065_Normal.graphml (Nodes: 13, Edges: 17)
     [+] Wrote enriched_session_42059_Normal.graphml (Nodes: 13, Edges: 17)
     [+] Wrote enriched_session_42074_Normal.graphml (Nodes: 13, Edges: 17)
     [+] Wrote enriched_session_42078_Normal.graphml (Nodes: 13, Edges: 17)
     [+] Wrote enriched_session_42054_Normal.graphml (Nodes: 13, Edges: 17)
     [+] Wrote enriched_session_42053_Normal.graphml (Nodes: 13, Edges: 17)
     [+] Wrote enriched_session_42073_Normal.graphml (Nodes: 13, Edges: 17)
     [+] Wrote enriched_session_42048_Normal.graphml (Nodes: 13, Edges: 17)
     [+] Wrote enriched_session_42060_Normal.graphml (Nodes: 13, Edges: 17)
     [+] Wrote enriched_session_42084_Normal.graphml (Nodes: 13, Edges: 17)
     [+] Wrote enriched_session_42071_Normal.graphml (Nodes: 13, Edges: 17)
     [+] Wrote enriched_session_42107_Normal.graphml (Nodes: 13, Edges: 17)
     [+] Wrote enriched_session_42050_Normal.graphml (Nodes: 13, Edges: 17)
     [+] Wrote enriched_session_42089_Normal.graphml (Nodes: 13, Edges: 17)
     [+] Wrote enriched_session_42066_Normal.graphml (Nodes: 13, Edges: 17)
     [+] Wrote enriched_session_42080_Normal.graphml (Nodes: 13, Edges: 17)
     [+] Wrote enriched_session_42052_Normal.graphml (Nodes: 13, Edges: 17)
     [+] Wrote enriched_session_42094_Normal.graphml (Nodes: 13, Edges: 17)
     [+] Wrote enriched_session_42098_Normal.graphml (Nodes: 13, Edges: 17)
     [+] Wrote enriched_session_42109_Normal.graphml (Nodes: 13, Edges: 17)
     [+] Wrote enriched_session_42114_Normal.graphml (Nodes: 13, Edges: 17)
     [+] Wrote enriched_session_42115_Normal.graphml (Nodes: 13, Edges: 17)
     [+] Wrote enriched_session_42116_Normal.graphml (Nodes: 13, Edges: 17)
     [+] Wrote enriched_session_42096_Normal.graphml (Nodes: 13, Edges: 17)
     [+] Wrote enriched_session_42101_Normal.graphml (Nodes: 13, Edges: 17)
     [+] Wrote enriched_session_42086_Normal.graphml (Nodes: 13, Edges: 17)
     [+] Wrote enriched_session_42117_Normal.graphml (Nodes: 13, Edges: 17)
     [+] Wrote enriched_session_42092_Normal.graphml (Nodes: 13, Edges: 17)
     [+] Wrote enriched_session_42062_Normal.graphml (Nodes: 13, Edges: 17)
     [+] Wrote enriched_session_42067_Normal.graphml (Nodes: 13, Edges: 17)
     [+] Wrote enriched_session_42091_Normal.graphml (Nodes: 13, Edges: 17)
     [+] Wrote enriched_session_42072_Normal.graphml (Nodes: 13, Edges: 17)
     [+] Wrote enriched_session_42100_Normal.graphml (Nodes: 13, Edges: 17)
     [+] Wrote enriched_session_42106_Normal.graphml (Nodes: 13, Edges: 17)
     [+] Wrote enriched_session_42049_Normal.graphml (Nodes: 13, Edges: 17)
     [+] Wrote enriched_session_42056_Normal.graphml (Nodes: 13, Edges: 17)
     [+] Wrote enriched_session_42070_Normal.graphml (Nodes: 13, Edges: 17)
     [+] Wrote enriched_session_42058_Normal.graphml (Nodes: 13, Edges: 17)
     [+] Wrote enriched_session_42079_Normal.graphml (Nodes: 13, Edges: 17)
     [+] Wrote enriched_session_42090_Normal.graphml (Nodes: 13, Edges: 17)
     [+] Wrote enriched_session_42097_Normal.graphml (Nodes: 13, Edges: 17)
     [+] Wrote enriched_session_42113_Normal.graphml (Nodes: 13, Edges: 17)
     [+] Wrote enriched_session_42057_Normal.graphml (Nodes: 13, Edges: 17)
     [+] Wrote enriched_session_42076_Normal.graphml (Nodes: 13, Edges: 17)
     [+] Wrote enriched_session_42095_Normal.graphml (Nodes: 13, Edges: 17)
     [+] Wrote enriched_session_42083_Normal.graphml (Nodes: 13, Edges: 17)
     [+] Wrote enriched_session_42112_Normal.graphml (Nodes: 13, Edges: 17)
     [+] Wrote enriched_session_42081_Normal.graphml (Nodes: 13, Edges: 17)
     [+] Wrote enriched_session_42119_Data_Exfiltration.graphml (Nodes: 4, Edges: 3)
     [+] Wrote enriched_session_42120_Data_Exfiltration.graphml (Nodes: 4, Edges: 3)
     [+] Wrote enriched_session_42128_Data_Exfiltration.graphml (Nodes: 4, Edges: 3)
     [+] Wrote enriched_session_42129_Data_Exfiltration.graphml (Nodes: 4, Edges: 3)
     [+] Wrote enriched_session_42133_Data_Exfiltration.graphml (Nodes: 4, Edges: 4)
     [+] Wrote enriched_session_42134_Data_Exfiltration.graphml (Nodes: 4, Edges: 4)
     [+] Wrote enriched_session_42135_Data_Exfiltration.graphml (Nodes: 4, Edges: 4)
     [+] Wrote enriched_session_42136_Data_Exfiltration.graphml (Nodes: 2, Edges: 1)
     [+] Wrote enriched_session_42145_Data_Exfiltration.graphml (Nodes: 3, Edges: 2)
     [+] Wrote enriched_session_42147_Unauthorized_DB_Read.graphml (Nodes: 4, Edges: 4)
     [+] Wrote enriched_session_42148_Unauthorized_DB_Read.graphml (Nodes: 4, Edges: 4)
     [+] Wrote enriched_session_42149_Unauthorized_DB_Read.graphml (Nodes: 4, Edges: 4)
     [+] Wrote enriched_session_42150_Data_Exfiltration.graphml (Nodes: 2, Edges: 1)
     [+] Wrote enriched_session_42163_Data_Exfiltration.graphml (Nodes: 4, Edges: 3)
     [+] Wrote enriched_session_42206_Data_Exfiltration.graphml (Nodes: 2, Edges: 1)
     [+] Wrote enriched_session_42208_Data_Exfiltration.graphml (Nodes: 27, Edges: 30)
     [+] Wrote enriched_session_42230_Data_Exfiltration.graphml (Nodes: 59, Edges: 59)
     [+] Wrote enriched_session_42234_Data_Exfiltration.graphml (Nodes: 21, Edges: 21)
     [+] Wrote enriched_session_42237_Data_Exfiltration.graphml (Nodes: 22, Edges: 22)
     [+] Wrote enriched_session_42264_Data_Exfiltration.graphml (Nodes: 21, Edges: 21)
     [+] Wrote enriched_session_42279_Data_Exfiltration.graphml (Nodes: 22, Edges: 22)
     [+] Wrote enriched_session_42294_Data_Exfiltration.graphml (Nodes: 20, Edges: 20)
     [+] Wrote enriched_session_42309_Data_Exfiltration.graphml (Nodes: 26, Edges: 30)
     [+] Wrote enriched_session_42339_Attack.graphml (Nodes: 26, Edges: 30)
     [+] Wrote enriched_session_42349_Attack.graphml (Nodes: 29, Edges: 35)
     [+] Wrote enriched_session_42375_Attack.graphml (Nodes: 26, Edges: 30)
     [+] Wrote enriched_session_42405_Attack.graphml (Nodes: 26, Edges: 30)
     [+] Wrote enriched_session_42422_Attack.graphml (Nodes: 61, Edges: 65)
     [+] Wrote enriched_session_42438_Attack.graphml (Nodes: 19, Edges: 17)
     [+] Wrote enriched_session_42452_Attack.graphml (Nodes: 13, Edges: 11)
     [+] Wrote enriched_session_42454_Attack.graphml (Nodes: 19, Edges: 17)
     [+] Wrote enriched_session_42462_Attack.graphml (Nodes: 13, Edges: 11)
     [+] Wrote enriched_session_42470_Attack.graphml (Nodes: 19, Edges: 17)
     [+] Wrote enriched_session_42479_Attack.graphml (Nodes: 18, Edges: 17)
     [+] Wrote enriched_session_42497_Attack.graphml (Nodes: 19, Edges: 17)
     [+] Wrote enriched_session_42511_Attack.graphml (Nodes: 22, Edges: 22)
     [+] Wrote enriched_session_42527_Attack.graphml (Nodes: 22, Edges: 22)
     [+] Wrote enriched_session_42542_Attack.graphml (Nodes: 18, Edges: 16)
     [+] Wrote enriched_session_42555_Attack.graphml (Nodes: 22, Edges: 22)
     [+] Wrote enriched_session_42570_Attack.graphml (Nodes: 13, Edges: 11)
     [+] Wrote enriched_session_42583_Attack.graphml (Nodes: 62, Edges: 65)
     [+] Wrote enriched_session_42599_Attack.graphml (Nodes: 13, Edges: 11)
     [+] Wrote enriched_session_42600_Attack.graphml (Nodes: 36, Edges: 39)
     [+] Wrote enriched_session_42616_Attack.graphml (Nodes: 23, Edges: 23)
     [+] Wrote enriched_session_42631_Attack.graphml (Nodes: 23, Edges: 23)
     [+] Wrote enriched_session_42650_Attack.graphml (Nodes: 72, Edges: 73)
     [+] Wrote enriched_session_42651_Attack.graphml (Nodes: 61, Edges: 64)
     [+] Wrote enriched_session_42667_Attack.graphml (Nodes: 35, Edges: 38)
     [+] Wrote enriched_session_42683_Attack.graphml (Nodes: 127, Edges: 127)
     [+] Wrote enriched_session_42698_SQL_Injection.graphml (Nodes: 62, Edges: 67)
     [+] Wrote enriched_session_42766_Attack.graphml (Nodes: 21, Edges: 21)
     [+] Wrote enriched_session_42781_Attack.graphml (Nodes: 21, Edges: 21)
     [+] Wrote enriched_session_42796_Attack.graphml (Nodes: 20, Edges: 20)
     [+] Wrote enriched_session_42838_Attack.graphml (Nodes: 29, Edges: 35)
     [+] Wrote enriched_session_42855_Attack.graphml (Nodes: 62, Edges: 67)
     [+] Wrote enriched_session_42871_Attack.graphml (Nodes: 61, Edges: 65)
     [+] Wrote enriched_session_42887_Attack.graphml (Nodes: 13, Edges: 11)
     [+] Wrote enriched_session_42889_Attack.graphml (Nodes: 13, Edges: 11)
     [+] Wrote enriched_session_42891_Attack.graphml (Nodes: 18, Edges: 17)
     [+] Wrote enriched_session_42904_Attack.graphml (Nodes: 22, Edges: 22)
     [+] Wrote enriched_session_42920_Attack.graphml (Nodes: 18, Edges: 16)
     [+] Wrote enriched_session_42933_Attack.graphml (Nodes: 13, Edges: 11)
     [+] Wrote enriched_session_42946_Attack.graphml (Nodes: 13, Edges: 11)
     [+] Wrote enriched_session_42980_Normal.graphml (Nodes: 26, Edges: 25)
     [+] Wrote enriched_session_42983_Normal.graphml (Nodes: 13, Edges: 11)
     [+] Wrote enriched_session_42987_Normal.graphml (Nodes: 59, Edges: 59)
     [+] Wrote enriched_session_42995_Normal.graphml (Nodes: 72, Edges: 73)
     [+] Wrote enriched_session_43027_OS_Privilege_Escalation.graphml (Nodes: 21, Edges: 21)
     [+] Wrote enriched_session_43042_OS_Privilege_Escalation.graphml (Nodes: 21, Edges: 21)
     [+] Wrote enriched_session_43057_OS_Privilege_Escalation.graphml (Nodes: 20, Edges: 20)
     [+] Wrote enriched_session_43085_OS_Privilege_Escalation.graphml (Nodes: 29, Edges: 35)
     [+] Wrote enriched_session_43115_Attack.graphml (Nodes: 61, Edges: 65)
     [+] Wrote enriched_session_43131_Attack.graphml (Nodes: 13, Edges: 11)
     [+] Wrote enriched_session_43133_Attack.graphml (Nodes: 13, Edges: 11)
     [+] Wrote enriched_session_43135_Attack.graphml (Nodes: 18, Edges: 17)
     [+] Wrote enriched_session_43148_Attack.graphml (Nodes: 22, Edges: 22)
     [+] Wrote enriched_session_43164_Attack.graphml (Nodes: 18, Edges: 16)
     [+] Wrote enriched_session_43177_Attack.graphml (Nodes: 13, Edges: 11)
     [+] Wrote enriched_session_43190_Attack.graphml (Nodes: 13, Edges: 11)

==================================================
Starting End-to-End Pipeline for: dataset_dev_run_10
==================================================
[1/3] Running Algorithm 1 (SAC)
  wrote dataset_dev_run_10_event_table.json  (2318 events, 19510 read total)
  wrote dataset_dev_run_10_session_correlation.csv  (2318 correlated pairs)
[2/3] Running Algorithm 2 (Graph Construction)
     => Generated 107 base session graphs natively in RAM
[3/3] Running Algorithm 3 (Behavior Abstraction & Serialization)
     [+] Wrote enriched_session_52063_Data_Exfiltration.graphml (Nodes: 4, Edges: 3)
     [+] Wrote enriched_session_52064_Data_Exfiltration.graphml (Nodes: 9, Edges: 9)
     [+] Wrote enriched_session_52084_Sabotage.graphml (Nodes: 3, Edges: 2)
     [+] Wrote enriched_session_52087_Data_Exfiltration.graphml (Nodes: 4, Edges: 3)
     [+] Wrote enriched_session_52069_Normal.graphml (Nodes: 13, Edges: 17)
     [+] Wrote enriched_session_52086_Normal.graphml (Nodes: 13, Edges: 17)
     [+] Wrote enriched_session_52071_Normal.graphml (Nodes: 13, Edges: 17)
     [+] Wrote enriched_session_52075_Normal.graphml (Nodes: 13, Edges: 17)
     [+] Wrote enriched_session_52110_Normal.graphml (Nodes: 13, Edges: 17)
     [+] Wrote enriched_session_52115_Normal.graphml (Nodes: 13, Edges: 17)
     [+] Wrote enriched_session_52070_Normal.graphml (Nodes: 13, Edges: 17)
     [+] Wrote enriched_session_52118_Normal.graphml (Nodes: 13, Edges: 17)
     [+] Wrote enriched_session_52072_Normal.graphml (Nodes: 13, Edges: 17)
     [+] Wrote enriched_session_52122_Normal.graphml (Nodes: 13, Edges: 17)
     [+] Wrote enriched_session_52073_Normal.graphml (Nodes: 13, Edges: 17)
     [+] Wrote enriched_session_52127_Normal.graphml (Nodes: 13, Edges: 17)
     [+] Wrote enriched_session_52083_Normal.graphml (Nodes: 13, Edges: 17)
     [+] Wrote enriched_session_52077_Normal.graphml (Nodes: 13, Edges: 17)
     [+] Wrote enriched_session_52081_Normal.graphml (Nodes: 13, Edges: 17)
     [+] Wrote enriched_session_52089_Normal.graphml (Nodes: 13, Edges: 17)
     [+] Wrote enriched_session_52107_Normal.graphml (Nodes: 13, Edges: 17)
     [+] Wrote enriched_session_52092_Normal.graphml (Nodes: 13, Edges: 17)
     [+] Wrote enriched_session_52096_Normal.graphml (Nodes: 13, Edges: 17)
     [+] Wrote enriched_session_52080_Normal.graphml (Nodes: 13, Edges: 17)
     [+] Wrote enriched_session_52136_Normal.graphml (Nodes: 13, Edges: 17)
     [+] Wrote enriched_session_52074_Normal.graphml (Nodes: 13, Edges: 17)
     [+] Wrote enriched_session_52085_Normal.graphml (Nodes: 13, Edges: 17)
     [+] Wrote enriched_session_52098_Normal.graphml (Nodes: 13, Edges: 17)
     [+] Wrote enriched_session_52078_Normal.graphml (Nodes: 13, Edges: 17)
     [+] Wrote enriched_session_52108_Normal.graphml (Nodes: 13, Edges: 17)
     [+] Wrote enriched_session_52111_Normal.graphml (Nodes: 13, Edges: 17)
     [+] Wrote enriched_session_52090_Normal.graphml (Nodes: 13, Edges: 17)
     [+] Wrote enriched_session_52097_Normal.graphml (Nodes: 13, Edges: 17)
     [+] Wrote enriched_session_52130_Normal.graphml (Nodes: 13, Edges: 17)
     [+] Wrote enriched_session_52106_Normal.graphml (Nodes: 13, Edges: 17)
     [+] Wrote enriched_session_52133_Normal.graphml (Nodes: 13, Edges: 17)
     [+] Wrote enriched_session_52125_Normal.graphml (Nodes: 13, Edges: 17)
     [+] Wrote enriched_session_52120_Normal.graphml (Nodes: 13, Edges: 17)
     [+] Wrote enriched_session_52126_Normal.graphml (Nodes: 13, Edges: 17)
     [+] Wrote enriched_session_52105_Normal.graphml (Nodes: 13, Edges: 17)
     [+] Wrote enriched_session_52132_Normal.graphml (Nodes: 13, Edges: 17)
     [+] Wrote enriched_session_52134_Normal.graphml (Nodes: 13, Edges: 17)
     [+] Wrote enriched_session_52135_Normal.graphml (Nodes: 13, Edges: 17)
     [+] Wrote enriched_session_52088_Normal.graphml (Nodes: 13, Edges: 17)
     [+] Wrote enriched_session_52076_Normal.graphml (Nodes: 13, Edges: 17)
     [+] Wrote enriched_session_52109_Normal.graphml (Nodes: 13, Edges: 17)
     [+] Wrote enriched_session_52121_Normal.graphml (Nodes: 13, Edges: 17)
     [+] Wrote enriched_session_52123_Normal.graphml (Nodes: 13, Edges: 17)
     [+] Wrote enriched_session_52131_Normal.graphml (Nodes: 13, Edges: 17)
     [+] Wrote enriched_session_52094_Normal.graphml (Nodes: 13, Edges: 17)
     [+] Wrote enriched_session_52082_Normal.graphml (Nodes: 13, Edges: 17)
     [+] Wrote enriched_session_52104_Normal.graphml (Nodes: 13, Edges: 17)
     [+] Wrote enriched_session_52079_Normal.graphml (Nodes: 13, Edges: 17)
     [+] Wrote enriched_session_52114_Normal.graphml (Nodes: 13, Edges: 17)
     [+] Wrote enriched_session_52137_Data_Exfiltration.graphml (Nodes: 4, Edges: 3)
     [+] Wrote enriched_session_52141_Data_Exfiltration.graphml (Nodes: 4, Edges: 3)
     [+] Wrote enriched_session_52147_Data_Exfiltration.graphml (Nodes: 4, Edges: 3)
     [+] Wrote enriched_session_52149_Data_Exfiltration.graphml (Nodes: 4, Edges: 4)
     [+] Wrote enriched_session_52151_Data_Exfiltration.graphml (Nodes: 4, Edges: 4)
     [+] Wrote enriched_session_52150_Data_Exfiltration.graphml (Nodes: 4, Edges: 4)
     [+] Wrote enriched_session_52152_Data_Exfiltration.graphml (Nodes: 4, Edges: 3)
     [+] Wrote enriched_session_52155_Data_Exfiltration.graphml (Nodes: 2, Edges: 1)
     [+] Wrote enriched_session_52164_Data_Exfiltration.graphml (Nodes: 3, Edges: 2)
     [+] Wrote enriched_session_52166_Unauthorized_DB_Read.graphml (Nodes: 4, Edges: 4)
     [+] Wrote enriched_session_52167_Unauthorized_DB_Read.graphml (Nodes: 4, Edges: 4)
     [+] Wrote enriched_session_52168_Unauthorized_DB_Read.graphml (Nodes: 4, Edges: 4)
     [+] Wrote enriched_session_52169_Data_Exfiltration.graphml (Nodes: 29, Edges: 27)
     [+] Wrote enriched_session_52182_Data_Exfiltration.graphml (Nodes: 61, Edges: 66)
     [+] Wrote enriched_session_52201_Data_Exfiltration.graphml (Nodes: 12, Edges: 10)
     [+] Wrote enriched_session_52202_Data_Exfiltration.graphml (Nodes: 35, Edges: 39)
     [+] Wrote enriched_session_52218_Data_Exfiltration.graphml (Nodes: 22, Edges: 23)
     [+] Wrote enriched_session_52233_Data_Exfiltration.graphml (Nodes: 22, Edges: 23)
     [+] Wrote enriched_session_52248_Data_Exfiltration.graphml (Nodes: 26, Edges: 31)
     [+] Wrote enriched_session_52265_Data_Exfiltration.graphml (Nodes: 26, Edges: 30)
     [+] Wrote enriched_session_52282_Data_Exfiltration.graphml (Nodes: 26, Edges: 30)
     [+] Wrote enriched_session_52299_Data_Exfiltration.graphml (Nodes: 26, Edges: 30)
     [+] Wrote enriched_session_52316_Data_Exfiltration.graphml (Nodes: 19, Edges: 17)
     [+] Wrote enriched_session_52330_Data_Exfiltration.graphml (Nodes: 19, Edges: 17)
     [+] Wrote enriched_session_52344_Data_Exfiltration.graphml (Nodes: 19, Edges: 18)
     [+] Wrote enriched_session_52358_Data_Exfiltration.graphml (Nodes: 19, Edges: 18)
     [+] Wrote enriched_session_52372_Data_Exfiltration.graphml (Nodes: 22, Edges: 23)
     [+] Wrote enriched_session_52387_Data_Exfiltration.graphml (Nodes: 22, Edges: 23)
     [+] Wrote enriched_session_52402_Data_Exfiltration.graphml (Nodes: 62, Edges: 66)
     [+] Wrote enriched_session_52418_Data_Exfiltration.graphml (Nodes: 36, Edges: 40)
     [+] Wrote enriched_session_52434_Data_Exfiltration.graphml (Nodes: 23, Edges: 24)
     [+] Wrote enriched_session_52449_Data_Exfiltration.graphml (Nodes: 23, Edges: 24)
     [+] Wrote enriched_session_52464_Data_Exfiltration.graphml (Nodes: 61, Edges: 65)
     [+] Wrote enriched_session_52480_Data_Exfiltration.graphml (Nodes: 35, Edges: 39)
     [+] Wrote enriched_session_52496_Data_Exfiltration.graphml (Nodes: 127, Edges: 127)
     [+] Wrote enriched_session_52511_Data_Exfiltration.graphml (Nodes: 62, Edges: 67)
     [+] Wrote enriched_session_52529_Data_Exfiltration.graphml (Nodes: 62, Edges: 67)
     [+] Wrote enriched_session_52542_Normal.graphml (Nodes: 18, Edges: 17)
     [+] Wrote enriched_session_52548_Normal.graphml (Nodes: 13, Edges: 11)
     [+] Wrote enriched_session_52551_Normal.graphml (Nodes: 59, Edges: 60)
     [+] Wrote enriched_session_52559_Normal.graphml (Nodes: 72, Edges: 74)
     [+] Wrote enriched_session_52591_OS_Privilege_Escalation.graphml (Nodes: 21, Edges: 22)
     [+] Wrote enriched_session_52606_OS_Privilege_Escalation.graphml (Nodes: 21, Edges: 22)
     [+] Wrote enriched_session_52621_OS_Privilege_Escalation.graphml (Nodes: 20, Edges: 21)
     [+] Wrote enriched_session_52649_OS_Privilege_Escalation.graphml (Nodes: 29, Edges: 36)
     [+] Wrote enriched_session_52679_Attack.graphml (Nodes: 61, Edges: 65)
     [+] Wrote enriched_session_52695_Attack.graphml (Nodes: 13, Edges: 11)
     [+] Wrote enriched_session_52697_Attack.graphml (Nodes: 13, Edges: 11)
     [+] Wrote enriched_session_52699_Attack.graphml (Nodes: 18, Edges: 17)
     [+] Wrote enriched_session_52712_Attack.graphml (Nodes: 24, Edges: 25)
     [+] Wrote enriched_session_52728_Attack.graphml (Nodes: 18, Edges: 16)
     [+] Wrote enriched_session_52741_Attack.graphml (Nodes: 13, Edges: 11)
     [+] Wrote enriched_session_52754_Attack.graphml (Nodes: 13, Edges: 11)

==================================================
Starting End-to-End Pipeline for: dataset_dev_run_11
==================================================
[1/3] Running Algorithm 1 (SAC)
  wrote dataset_dev_run_11_event_table.json  (2358 events, 37344 read total)
  wrote dataset_dev_run_11_session_correlation.csv  (2358 correlated pairs)
[2/3] Running Algorithm 2 (Graph Construction)
     => Generated 107 base session graphs natively in RAM
[3/3] Running Algorithm 3 (Behavior Abstraction & Serialization)
     [+] Wrote enriched_session_53085_Data_Exfiltration.graphml (Nodes: 4, Edges: 3)
     [+] Wrote enriched_session_53087_Data_Exfiltration.graphml (Nodes: 9, Edges: 9)
     [+] Wrote enriched_session_53088_Sabotage.graphml (Nodes: 3, Edges: 2)
     [+] Wrote enriched_session_53089_Data_Exfiltration.graphml (Nodes: 4, Edges: 3)
     [+] Wrote enriched_session_53113_Normal.graphml (Nodes: 13, Edges: 17)
     [+] Wrote enriched_session_53132_Normal.graphml (Nodes: 13, Edges: 17)
     [+] Wrote enriched_session_53144_Normal.graphml (Nodes: 13, Edges: 17)
     [+] Wrote enriched_session_53107_Normal.graphml (Nodes: 13, Edges: 17)
     [+] Wrote enriched_session_53108_Normal.graphml (Nodes: 13, Edges: 17)
     [+] Wrote enriched_session_53098_Normal.graphml (Nodes: 13, Edges: 17)
     [+] Wrote enriched_session_53100_Normal.graphml (Nodes: 13, Edges: 17)
     [+] Wrote enriched_session_53135_Normal.graphml (Nodes: 13, Edges: 17)
     [+] Wrote enriched_session_53131_Normal.graphml (Nodes: 13, Edges: 17)
     [+] Wrote enriched_session_53123_Normal.graphml (Nodes: 13, Edges: 17)
     [+] Wrote enriched_session_53101_Normal.graphml (Nodes: 13, Edges: 17)
     [+] Wrote enriched_session_53122_Normal.graphml (Nodes: 13, Edges: 17)
     [+] Wrote enriched_session_53109_Normal.graphml (Nodes: 13, Edges: 17)
     [+] Wrote enriched_session_53138_Normal.graphml (Nodes: 13, Edges: 17)
     [+] Wrote enriched_session_53120_Normal.graphml (Nodes: 13, Edges: 17)
     [+] Wrote enriched_session_53114_Normal.graphml (Nodes: 13, Edges: 17)
     [+] Wrote enriched_session_53157_Normal.graphml (Nodes: 13, Edges: 17)
     [+] Wrote enriched_session_53141_Normal.graphml (Nodes: 13, Edges: 17)
     [+] Wrote enriched_session_53128_Normal.graphml (Nodes: 13, Edges: 17)
     [+] Wrote enriched_session_53158_Normal.graphml (Nodes: 13, Edges: 17)
     [+] Wrote enriched_session_53151_Normal.graphml (Nodes: 13, Edges: 17)
     [+] Wrote enriched_session_53140_Normal.graphml (Nodes: 13, Edges: 17)
     [+] Wrote enriched_session_53150_Normal.graphml (Nodes: 13, Edges: 17)
     [+] Wrote enriched_session_53097_Normal.graphml (Nodes: 13, Edges: 17)
     [+] Wrote enriched_session_53110_Normal.graphml (Nodes: 13, Edges: 17)
     [+] Wrote enriched_session_53117_Normal.graphml (Nodes: 13, Edges: 17)
     [+] Wrote enriched_session_53134_Normal.graphml (Nodes: 13, Edges: 17)
     [+] Wrote enriched_session_53112_Normal.graphml (Nodes: 13, Edges: 17)
     [+] Wrote enriched_session_53143_Normal.graphml (Nodes: 13, Edges: 17)
     [+] Wrote enriched_session_53115_Normal.graphml (Nodes: 13, Edges: 17)
     [+] Wrote enriched_session_53145_Normal.graphml (Nodes: 13, Edges: 17)
     [+] Wrote enriched_session_53125_Normal.graphml (Nodes: 13, Edges: 17)
     [+] Wrote enriched_session_53096_Normal.graphml (Nodes: 13, Edges: 17)
     [+] Wrote enriched_session_53126_Normal.graphml (Nodes: 13, Edges: 17)
     [+] Wrote enriched_session_53156_Normal.graphml (Nodes: 13, Edges: 17)
     [+] Wrote enriched_session_53133_Normal.graphml (Nodes: 13, Edges: 17)
     [+] Wrote enriched_session_53152_Normal.graphml (Nodes: 13, Edges: 17)
     [+] Wrote enriched_session_53136_Normal.graphml (Nodes: 13, Edges: 17)
     [+] Wrote enriched_session_53139_Normal.graphml (Nodes: 13, Edges: 17)
     [+] Wrote enriched_session_53142_Normal.graphml (Nodes: 13, Edges: 17)
     [+] Wrote enriched_session_53146_Normal.graphml (Nodes: 13, Edges: 17)
     [+] Wrote enriched_session_53148_Normal.graphml (Nodes: 13, Edges: 17)
     [+] Wrote enriched_session_53155_Normal.graphml (Nodes: 13, Edges: 17)
     [+] Wrote enriched_session_53102_Normal.graphml (Nodes: 13, Edges: 17)
     [+] Wrote enriched_session_53154_Normal.graphml (Nodes: 13, Edges: 17)
     [+] Wrote enriched_session_53127_Normal.graphml (Nodes: 13, Edges: 17)
     [+] Wrote enriched_session_53149_Normal.graphml (Nodes: 13, Edges: 17)
     [+] Wrote enriched_session_53153_Normal.graphml (Nodes: 13, Edges: 17)
     [+] Wrote enriched_session_53137_Normal.graphml (Nodes: 13, Edges: 17)
     [+] Wrote enriched_session_53147_Normal.graphml (Nodes: 13, Edges: 17)
     [+] Wrote enriched_session_53159_Data_Exfiltration.graphml (Nodes: 4, Edges: 3)
     [+] Wrote enriched_session_53162_Data_Exfiltration.graphml (Nodes: 4, Edges: 3)
     [+] Wrote enriched_session_53169_Data_Exfiltration.graphml (Nodes: 4, Edges: 4)
     [+] Wrote enriched_session_53170_Data_Exfiltration.graphml (Nodes: 4, Edges: 4)
     [+] Wrote enriched_session_53171_Data_Exfiltration.graphml (Nodes: 4, Edges: 4)
     [+] Wrote enriched_session_53172_Data_Exfiltration.graphml (Nodes: 4, Edges: 3)
     [+] Wrote enriched_session_53173_Data_Exfiltration.graphml (Nodes: 4, Edges: 3)
     [+] Wrote enriched_session_53177_Data_Exfiltration.graphml (Nodes: 2, Edges: 1)
     [+] Wrote enriched_session_53186_Data_Exfiltration.graphml (Nodes: 3, Edges: 2)
     [+] Wrote enriched_session_53188_Unauthorized_DB_Read.graphml (Nodes: 8, Edges: 7)
     [+] Wrote enriched_session_53189_Unauthorized_DB_Read.graphml (Nodes: 6, Edges: 5)
     [+] Wrote enriched_session_53190_Unauthorized_DB_Read.graphml (Nodes: 6, Edges: 5)
     [+] Wrote enriched_session_53191_Data_Exfiltration.graphml (Nodes: 37, Edges: 35)
     [+] Wrote enriched_session_53204_Data_Exfiltration.graphml (Nodes: 61, Edges: 65)
     [+] Wrote enriched_session_53222_Data_Exfiltration.graphml (Nodes: 12, Edges: 10)
     [+] Wrote enriched_session_53223_Data_Exfiltration.graphml (Nodes: 35, Edges: 39)
     [+] Wrote enriched_session_53239_Data_Exfiltration.graphml (Nodes: 22, Edges: 23)
     [+] Wrote enriched_session_53254_Data_Exfiltration.graphml (Nodes: 22, Edges: 23)
     [+] Wrote enriched_session_53269_Data_Exfiltration.graphml (Nodes: 26, Edges: 31)
     [+] Wrote enriched_session_53286_Data_Exfiltration.graphml (Nodes: 26, Edges: 30)
     [+] Wrote enriched_session_53303_Data_Exfiltration.graphml (Nodes: 26, Edges: 30)
     [+] Wrote enriched_session_53320_Data_Exfiltration.graphml (Nodes: 26, Edges: 30)
     [+] Wrote enriched_session_53337_Data_Exfiltration.graphml (Nodes: 19, Edges: 17)
     [+] Wrote enriched_session_53351_Data_Exfiltration.graphml (Nodes: 19, Edges: 17)
     [+] Wrote enriched_session_53365_Data_Exfiltration.graphml (Nodes: 19, Edges: 18)
     [+] Wrote enriched_session_53379_Data_Exfiltration.graphml (Nodes: 19, Edges: 18)
     [+] Wrote enriched_session_53393_Data_Exfiltration.graphml (Nodes: 22, Edges: 23)
     [+] Wrote enriched_session_53408_Data_Exfiltration.graphml (Nodes: 22, Edges: 23)
     [+] Wrote enriched_session_53423_Data_Exfiltration.graphml (Nodes: 62, Edges: 66)
     [+] Wrote enriched_session_53439_Data_Exfiltration.graphml (Nodes: 36, Edges: 40)
     [+] Wrote enriched_session_53455_Data_Exfiltration.graphml (Nodes: 23, Edges: 24)
     [+] Wrote enriched_session_53470_Data_Exfiltration.graphml (Nodes: 23, Edges: 24)
     [+] Wrote enriched_session_53485_Data_Exfiltration.graphml (Nodes: 61, Edges: 65)
     [+] Wrote enriched_session_53501_Data_Exfiltration.graphml (Nodes: 35, Edges: 38)
     [+] Wrote enriched_session_53517_Data_Exfiltration.graphml (Nodes: 127, Edges: 127)
     [+] Wrote enriched_session_53532_Data_Exfiltration.graphml (Nodes: 62, Edges: 67)
     [+] Wrote enriched_session_53549_Data_Exfiltration.graphml (Nodes: 62, Edges: 68)
     [+] Wrote enriched_session_53580_Normal.graphml (Nodes: 24, Edges: 23)
     [+] Wrote enriched_session_53583_Normal.graphml (Nodes: 13, Edges: 11)
     [+] Wrote enriched_session_53586_Normal.graphml (Nodes: 59, Edges: 60)
     [+] Wrote enriched_session_53594_Normal.graphml (Nodes: 72, Edges: 74)
     [+] Wrote enriched_session_53626_OS_Privilege_Escalation.graphml (Nodes: 21, Edges: 22)
     [+] Wrote enriched_session_53641_OS_Privilege_Escalation.graphml (Nodes: 21, Edges: 22)
     [+] Wrote enriched_session_53656_OS_Privilege_Escalation.graphml (Nodes: 20, Edges: 21)
     [+] Wrote enriched_session_53684_Attack.graphml (Nodes: 29, Edges: 35)
     [+] Wrote enriched_session_53714_Attack.graphml (Nodes: 61, Edges: 65)
     [+] Wrote enriched_session_53730_Attack.graphml (Nodes: 13, Edges: 11)
     [+] Wrote enriched_session_53732_Attack.graphml (Nodes: 13, Edges: 11)
     [+] Wrote enriched_session_53734_Attack.graphml (Nodes: 18, Edges: 17)
     [+] Wrote enriched_session_53747_Attack.graphml (Nodes: 22, Edges: 23)
     [+] Wrote enriched_session_53763_Attack.graphml (Nodes: 18, Edges: 16)
     [+] Wrote enriched_session_53776_Attack.graphml (Nodes: 13, Edges: 11)
     [+] Wrote enriched_session_53789_Attack.graphml (Nodes: 13, Edges: 11)

==================================================
Starting End-to-End Pipeline for: dataset_dev_run_12
==================================================
[1/3] Running Algorithm 1 (SAC)
  wrote dataset_dev_run_12_event_table.json  (2373 events, 17482 read total)
  wrote dataset_dev_run_12_session_correlation.csv  (2373 correlated pairs)
[2/3] Running Algorithm 2 (Graph Construction)
     => Generated 107 base session graphs natively in RAM
[3/3] Running Algorithm 3 (Behavior Abstraction & Serialization)
     [+] Wrote enriched_session_54109_Normal.graphml (Nodes: 9, Edges: 9)
     [+] Wrote enriched_session_54110_Sabotage.graphml (Nodes: 3, Edges: 2)
     [+] Wrote enriched_session_54128_Normal.graphml (Nodes: 4, Edges: 3)
     [+] Wrote enriched_session_54138_Data_Exfiltration.graphml (Nodes: 4, Edges: 3)
     [+] Wrote enriched_session_54122_Normal.graphml (Nodes: 13, Edges: 17)
     [+] Wrote enriched_session_54140_Normal.graphml (Nodes: 13, Edges: 17)
     [+] Wrote enriched_session_54137_Normal.graphml (Nodes: 13, Edges: 17)
     [+] Wrote enriched_session_54118_Normal.graphml (Nodes: 13, Edges: 17)
     [+] Wrote enriched_session_54166_Normal.graphml (Nodes: 13, Edges: 17)
     [+] Wrote enriched_session_54132_Normal.graphml (Nodes: 13, Edges: 17)
     [+] Wrote enriched_session_54126_Normal.graphml (Nodes: 13, Edges: 17)
     [+] Wrote enriched_session_54135_Normal.graphml (Nodes: 13, Edges: 17)
     [+] Wrote enriched_session_54151_Normal.graphml (Nodes: 13, Edges: 17)
     [+] Wrote enriched_session_54124_Normal.graphml (Nodes: 13, Edges: 17)
     [+] Wrote enriched_session_54150_Normal.graphml (Nodes: 13, Edges: 17)
     [+] Wrote enriched_session_54144_Normal.graphml (Nodes: 13, Edges: 17)
     [+] Wrote enriched_session_54117_Normal.graphml (Nodes: 13, Edges: 17)
     [+] Wrote enriched_session_54181_Normal.graphml (Nodes: 13, Edges: 17)
     [+] Wrote enriched_session_54131_Normal.graphml (Nodes: 13, Edges: 17)
     [+] Wrote enriched_session_54129_Normal.graphml (Nodes: 13, Edges: 17)
     [+] Wrote enriched_session_54123_Normal.graphml (Nodes: 13, Edges: 17)
     [+] Wrote enriched_session_54141_Normal.graphml (Nodes: 13, Edges: 17)
     [+] Wrote enriched_session_54136_Normal.graphml (Nodes: 13, Edges: 17)
     [+] Wrote enriched_session_54127_Normal.graphml (Nodes: 13, Edges: 17)
     [+] Wrote enriched_session_54130_Normal.graphml (Nodes: 13, Edges: 17)
     [+] Wrote enriched_session_54142_Normal.graphml (Nodes: 13, Edges: 17)
     [+] Wrote enriched_session_54134_Normal.graphml (Nodes: 13, Edges: 17)
     [+] Wrote enriched_session_54146_Normal.graphml (Nodes: 13, Edges: 17)
     [+] Wrote enriched_session_54139_Normal.graphml (Nodes: 13, Edges: 17)
     [+] Wrote enriched_session_54171_Normal.graphml (Nodes: 13, Edges: 17)
     [+] Wrote enriched_session_54155_Normal.graphml (Nodes: 13, Edges: 17)
     [+] Wrote enriched_session_54161_Normal.graphml (Nodes: 13, Edges: 17)
     [+] Wrote enriched_session_54176_Normal.graphml (Nodes: 13, Edges: 17)
     [+] Wrote enriched_session_54154_Normal.graphml (Nodes: 13, Edges: 17)
     [+] Wrote enriched_session_54169_Normal.graphml (Nodes: 13, Edges: 17)
     [+] Wrote enriched_session_54178_Normal.graphml (Nodes: 13, Edges: 17)
     [+] Wrote enriched_session_54115_Normal.graphml (Nodes: 13, Edges: 17)
     [+] Wrote enriched_session_54175_Normal.graphml (Nodes: 13, Edges: 17)
     [+] Wrote enriched_session_54125_Normal.graphml (Nodes: 13, Edges: 17)
     [+] Wrote enriched_session_54160_Normal.graphml (Nodes: 13, Edges: 17)
     [+] Wrote enriched_session_54153_Normal.graphml (Nodes: 13, Edges: 17)
     [+] Wrote enriched_session_54157_Normal.graphml (Nodes: 13, Edges: 17)
     [+] Wrote enriched_session_54149_Normal.graphml (Nodes: 13, Edges: 17)
     [+] Wrote enriched_session_54179_Normal.graphml (Nodes: 13, Edges: 17)
     [+] Wrote enriched_session_54152_Normal.graphml (Nodes: 13, Edges: 17)
     [+] Wrote enriched_session_54167_Normal.graphml (Nodes: 13, Edges: 17)
     [+] Wrote enriched_session_54174_Normal.graphml (Nodes: 13, Edges: 17)
     [+] Wrote enriched_session_54164_Normal.graphml (Nodes: 13, Edges: 17)
     [+] Wrote enriched_session_54180_Normal.graphml (Nodes: 13, Edges: 17)
     [+] Wrote enriched_session_54182_Normal.graphml (Nodes: 13, Edges: 17)
     [+] Wrote enriched_session_54177_Normal.graphml (Nodes: 13, Edges: 17)
     [+] Wrote enriched_session_54148_Normal.graphml (Nodes: 13, Edges: 17)
     [+] Wrote enriched_session_54156_Normal.graphml (Nodes: 13, Edges: 17)
     [+] Wrote enriched_session_54173_Normal.graphml (Nodes: 13, Edges: 17)
     [+] Wrote enriched_session_54183_Normal.graphml (Nodes: 4, Edges: 3)
     [+] Wrote enriched_session_54187_Normal.graphml (Nodes: 4, Edges: 3)
     [+] Wrote enriched_session_54193_Normal.graphml (Nodes: 4, Edges: 3)
     [+] Wrote enriched_session_54195_Normal.graphml (Nodes: 4, Edges: 3)
     [+] Wrote enriched_session_54198_Normal.graphml (Nodes: 4, Edges: 4)
     [+] Wrote enriched_session_54200_Normal.graphml (Nodes: 4, Edges: 4)
     [+] Wrote enriched_session_54199_Normal.graphml (Nodes: 4, Edges: 4)
     [+] Wrote enriched_session_54201_Normal.graphml (Nodes: 2, Edges: 1)
     [+] Wrote enriched_session_54203_Normal.graphml (Nodes: 3, Edges: 2)
     [+] Wrote enriched_session_54212_Normal.graphml (Nodes: 26, Edges: 24)
     [+] Wrote enriched_session_54213_Unauthorized_DB_Read.graphml (Nodes: 10, Edges: 9)
     [+] Wrote enriched_session_54216_Unauthorized_DB_Read.graphml (Nodes: 19, Edges: 18)
     [+] Wrote enriched_session_54217_Unauthorized_DB_Read.graphml (Nodes: 19, Edges: 18)
     [+] Wrote enriched_session_54218_Data_Exfiltration.graphml (Nodes: 12, Edges: 10)
     [+] Wrote enriched_session_54231_Data_Exfiltration.graphml (Nodes: 61, Edges: 65)
     [+] Wrote enriched_session_54247_Data_Exfiltration.graphml (Nodes: 35, Edges: 39)
     [+] Wrote enriched_session_54263_Data_Exfiltration.graphml (Nodes: 22, Edges: 23)
     [+] Wrote enriched_session_54278_Data_Exfiltration.graphml (Nodes: 22, Edges: 23)
     [+] Wrote enriched_session_54293_Data_Exfiltration.graphml (Nodes: 26, Edges: 31)
     [+] Wrote enriched_session_54310_Data_Exfiltration.graphml (Nodes: 26, Edges: 31)
     [+] Wrote enriched_session_54327_Data_Exfiltration.graphml (Nodes: 26, Edges: 31)
     [+] Wrote enriched_session_54344_Data_Exfiltration.graphml (Nodes: 26, Edges: 31)
     [+] Wrote enriched_session_54361_Data_Exfiltration.graphml (Nodes: 19, Edges: 17)
     [+] Wrote enriched_session_54375_Data_Exfiltration.graphml (Nodes: 19, Edges: 17)
     [+] Wrote enriched_session_54389_Data_Exfiltration.graphml (Nodes: 19, Edges: 17)
     [+] Wrote enriched_session_54403_Data_Exfiltration.graphml (Nodes: 19, Edges: 17)
     [+] Wrote enriched_session_54417_Data_Exfiltration.graphml (Nodes: 22, Edges: 22)
     [+] Wrote enriched_session_54432_Data_Exfiltration.graphml (Nodes: 22, Edges: 22)
     [+] Wrote enriched_session_54447_Data_Exfiltration.graphml (Nodes: 62, Edges: 66)
     [+] Wrote enriched_session_54463_Data_Exfiltration.graphml (Nodes: 36, Edges: 40)
     [+] Wrote enriched_session_54479_Data_Exfiltration.graphml (Nodes: 23, Edges: 24)
     [+] Wrote enriched_session_54494_Data_Exfiltration.graphml (Nodes: 23, Edges: 24)
     [+] Wrote enriched_session_54509_Data_Exfiltration.graphml (Nodes: 61, Edges: 65)
     [+] Wrote enriched_session_54525_Data_Exfiltration.graphml (Nodes: 35, Edges: 39)
     [+] Wrote enriched_session_54541_Data_Exfiltration.graphml (Nodes: 127, Edges: 128)
     [+] Wrote enriched_session_54556_Data_Exfiltration.graphml (Nodes: 62, Edges: 67)
     [+] Wrote enriched_session_54573_Data_Exfiltration.graphml (Nodes: 62, Edges: 67)
     [+] Wrote enriched_session_54590_Normal.graphml (Nodes: 18, Edges: 17)
     [+] Wrote enriched_session_54594_Normal.graphml (Nodes: 13, Edges: 11)
     [+] Wrote enriched_session_54597_Normal.graphml (Nodes: 59, Edges: 59)
     [+] Wrote enriched_session_54605_Normal.graphml (Nodes: 72, Edges: 74)
     [+] Wrote enriched_session_54637_OS_Privilege_Escalation.graphml (Nodes: 21, Edges: 22)
     [+] Wrote enriched_session_54652_OS_Privilege_Escalation.graphml (Nodes: 21, Edges: 22)
     [+] Wrote enriched_session_54667_OS_Privilege_Escalation.graphml (Nodes: 20, Edges: 21)
     [+] Wrote enriched_session_54695_OS_Privilege_Escalation.graphml (Nodes: 29, Edges: 36)
     [+] Wrote enriched_session_54725_OS_Privilege_Escalation.graphml (Nodes: 61, Edges: 66)
     [+] Wrote enriched_session_54741_Privilege_Abuse.graphml (Nodes: 13, Edges: 11)
     [+] Wrote enriched_session_54743_Privilege_Abuse.graphml (Nodes: 13, Edges: 11)
     [+] Wrote enriched_session_54745_Privilege_Abuse.graphml (Nodes: 18, Edges: 17)
     [+] Wrote enriched_session_54758_SQL_Injection.graphml (Nodes: 22, Edges: 22)
     [+] Wrote enriched_session_54774_SQL_Injection.graphml (Nodes: 18, Edges: 16)
     [+] Wrote enriched_session_54787_SQL_Injection.graphml (Nodes: 13, Edges: 11)
     [+] Wrote enriched_session_54800_SQL_Injection.graphml (Nodes: 13, Edges: 11)

==================================================
Starting End-to-End Pipeline for: dataset_dev_run_13
==================================================
[1/3] Running Algorithm 1 (SAC)
  wrote dataset_dev_run_13_event_table.json  (2329 events, 16794 read total)
  wrote dataset_dev_run_13_session_correlation.csv  (2329 correlated pairs)
[2/3] Running Algorithm 2 (Graph Construction)
     => Generated 107 base session graphs natively in RAM
[3/3] Running Algorithm 3 (Behavior Abstraction & Serialization)
     [+] Wrote enriched_session_55113_Data_Exfiltration.graphml (Nodes: 4, Edges: 3)
     [+] Wrote enriched_session_55114_Data_Exfiltration.graphml (Nodes: 4, Edges: 3)
     [+] Wrote enriched_session_55119_Data_Exfiltration.graphml (Nodes: 9, Edges: 9)
     [+] Wrote enriched_session_55123_Sabotage.graphml (Nodes: 3, Edges: 2)
     [+] Wrote enriched_session_55183_Data_Exfiltration.graphml (Nodes: 4, Edges: 3)
     [+] Wrote enriched_session_55184_Data_Exfiltration.graphml (Nodes: 4, Edges: 3)
     [+] Wrote enriched_session_55155_Normal.graphml (Nodes: 13, Edges: 17)
     [+] Wrote enriched_session_55149_Normal.graphml (Nodes: 13, Edges: 17)
     [+] Wrote enriched_session_55131_Normal.graphml (Nodes: 13, Edges: 17)
     [+] Wrote enriched_session_55162_Normal.graphml (Nodes: 13, Edges: 17)
     [+] Wrote enriched_session_55137_Normal.graphml (Nodes: 13, Edges: 17)
     [+] Wrote enriched_session_55154_Normal.graphml (Nodes: 13, Edges: 17)
     [+] Wrote enriched_session_55158_Normal.graphml (Nodes: 13, Edges: 17)
     [+] Wrote enriched_session_55160_Normal.graphml (Nodes: 13, Edges: 17)
     [+] Wrote enriched_session_55173_Normal.graphml (Nodes: 13, Edges: 17)
     [+] Wrote enriched_session_55132_Normal.graphml (Nodes: 13, Edges: 17)
     [+] Wrote enriched_session_55130_Normal.graphml (Nodes: 13, Edges: 17)
     [+] Wrote enriched_session_55164_Normal.graphml (Nodes: 13, Edges: 17)
     [+] Wrote enriched_session_55139_Normal.graphml (Nodes: 13, Edges: 17)
     [+] Wrote enriched_session_55177_Normal.graphml (Nodes: 13, Edges: 17)
     [+] Wrote enriched_session_55140_Normal.graphml (Nodes: 13, Edges: 17)
     [+] Wrote enriched_session_55168_Normal.graphml (Nodes: 13, Edges: 17)
     [+] Wrote enriched_session_55146_Normal.graphml (Nodes: 13, Edges: 17)
     [+] Wrote enriched_session_55156_Normal.graphml (Nodes: 13, Edges: 17)
     [+] Wrote enriched_session_55171_Normal.graphml (Nodes: 13, Edges: 17)
     [+] Wrote enriched_session_55166_Normal.graphml (Nodes: 13, Edges: 17)
     [+] Wrote enriched_session_55169_Normal.graphml (Nodes: 13, Edges: 17)
     [+] Wrote enriched_session_55145_Normal.graphml (Nodes: 13, Edges: 17)
     [+] Wrote enriched_session_55133_Normal.graphml (Nodes: 13, Edges: 17)
     [+] Wrote enriched_session_55175_Normal.graphml (Nodes: 13, Edges: 17)
     [+] Wrote enriched_session_55150_Normal.graphml (Nodes: 13, Edges: 17)
     [+] Wrote enriched_session_55181_Normal.graphml (Nodes: 13, Edges: 17)
     [+] Wrote enriched_session_55147_Normal.graphml (Nodes: 13, Edges: 17)
     [+] Wrote enriched_session_55182_Normal.graphml (Nodes: 13, Edges: 17)
     [+] Wrote enriched_session_55148_Normal.graphml (Nodes: 13, Edges: 17)
     [+] Wrote enriched_session_55187_Normal.graphml (Nodes: 13, Edges: 17)
     [+] Wrote enriched_session_55157_Normal.graphml (Nodes: 13, Edges: 17)
     [+] Wrote enriched_session_55152_Normal.graphml (Nodes: 13, Edges: 17)
     [+] Wrote enriched_session_55141_Normal.graphml (Nodes: 13, Edges: 17)
     [+] Wrote enriched_session_55163_Normal.graphml (Nodes: 13, Edges: 17)
     [+] Wrote enriched_session_55172_Normal.graphml (Nodes: 13, Edges: 17)
     [+] Wrote enriched_session_55188_Normal.graphml (Nodes: 13, Edges: 17)
     [+] Wrote enriched_session_55180_Normal.graphml (Nodes: 13, Edges: 17)
     [+] Wrote enriched_session_55161_Normal.graphml (Nodes: 13, Edges: 17)
     [+] Wrote enriched_session_55153_Normal.graphml (Nodes: 13, Edges: 17)
     [+] Wrote enriched_session_55165_Normal.graphml (Nodes: 13, Edges: 17)
     [+] Wrote enriched_session_55151_Normal.graphml (Nodes: 13, Edges: 17)
     [+] Wrote enriched_session_55186_Normal.graphml (Nodes: 13, Edges: 17)
     [+] Wrote enriched_session_55170_Normal.graphml (Nodes: 13, Edges: 17)
     [+] Wrote enriched_session_55159_Normal.graphml (Nodes: 13, Edges: 17)
     [+] Wrote enriched_session_55174_Normal.graphml (Nodes: 13, Edges: 17)
     [+] Wrote enriched_session_55178_Normal.graphml (Nodes: 13, Edges: 17)
     [+] Wrote enriched_session_55167_Normal.graphml (Nodes: 13, Edges: 17)
     [+] Wrote enriched_session_55176_Normal.graphml (Nodes: 13, Edges: 17)
     [+] Wrote enriched_session_55179_Normal.graphml (Nodes: 13, Edges: 17)
     [+] Wrote enriched_session_55185_Normal.graphml (Nodes: 13, Edges: 17)
     [+] Wrote enriched_session_55197_Data_Exfiltration.graphml (Nodes: 4, Edges: 3)
     [+] Wrote enriched_session_55200_Data_Exfiltration.graphml (Nodes: 4, Edges: 4)
     [+] Wrote enriched_session_55201_Data_Exfiltration.graphml (Nodes: 4, Edges: 3)
     [+] Wrote enriched_session_55202_Data_Exfiltration.graphml (Nodes: 4, Edges: 4)
     [+] Wrote enriched_session_55203_Data_Exfiltration.graphml (Nodes: 4, Edges: 4)
     [+] Wrote enriched_session_55205_Data_Exfiltration.graphml (Nodes: 2, Edges: 1)
     [+] Wrote enriched_session_55207_Data_Exfiltration.graphml (Nodes: 3, Edges: 2)
     [+] Wrote enriched_session_55216_Unauthorized_DB_Read.graphml (Nodes: 4, Edges: 4)
     [+] Wrote enriched_session_55218_Unauthorized_DB_Read.graphml (Nodes: 4, Edges: 4)
     [+] Wrote enriched_session_55217_Unauthorized_DB_Read.graphml (Nodes: 4, Edges: 4)
     [+] Wrote enriched_session_55219_Data_Exfiltration.graphml (Nodes: 29, Edges: 27)
     [+] Wrote enriched_session_55232_Data_Exfiltration.graphml (Nodes: 53, Edges: 57)
     [+] Wrote enriched_session_55250_Data_Exfiltration.graphml (Nodes: 12, Edges: 10)
     [+] Wrote enriched_session_55251_Data_Exfiltration.graphml (Nodes: 35, Edges: 39)
     [+] Wrote enriched_session_55267_Data_Exfiltration.graphml (Nodes: 22, Edges: 23)
     [+] Wrote enriched_session_55282_Data_Exfiltration.graphml (Nodes: 22, Edges: 22)
     [+] Wrote enriched_session_55297_Data_Exfiltration.graphml (Nodes: 26, Edges: 30)
     [+] Wrote enriched_session_55314_Data_Exfiltration.graphml (Nodes: 26, Edges: 30)
     [+] Wrote enriched_session_55331_Data_Exfiltration.graphml (Nodes: 26, Edges: 30)
     [+] Wrote enriched_session_55348_Data_Exfiltration.graphml (Nodes: 26, Edges: 30)
     [+] Wrote enriched_session_55365_Data_Exfiltration.graphml (Nodes: 19, Edges: 17)
     [+] Wrote enriched_session_55379_Data_Exfiltration.graphml (Nodes: 19, Edges: 18)
     [+] Wrote enriched_session_55393_Data_Exfiltration.graphml (Nodes: 19, Edges: 18)
     [+] Wrote enriched_session_55407_Data_Exfiltration.graphml (Nodes: 19, Edges: 18)
     [+] Wrote enriched_session_55421_Data_Exfiltration.graphml (Nodes: 22, Edges: 23)
     [+] Wrote enriched_session_55436_Data_Exfiltration.graphml (Nodes: 22, Edges: 23)
     [+] Wrote enriched_session_55451_Data_Exfiltration.graphml (Nodes: 62, Edges: 66)
     [+] Wrote enriched_session_55467_Data_Exfiltration.graphml (Nodes: 36, Edges: 40)
     [+] Wrote enriched_session_55483_Data_Exfiltration.graphml (Nodes: 23, Edges: 24)
     [+] Wrote enriched_session_55498_Data_Exfiltration.graphml (Nodes: 23, Edges: 23)
     [+] Wrote enriched_session_55513_Data_Exfiltration.graphml (Nodes: 61, Edges: 64)
     [+] Wrote enriched_session_55529_Data_Exfiltration.graphml (Nodes: 35, Edges: 38)
     [+] Wrote enriched_session_55545_Data_Exfiltration.graphml (Nodes: 127, Edges: 127)
     [+] Wrote enriched_session_55560_Data_Exfiltration.graphml (Nodes: 62, Edges: 67)
     [+] Wrote enriched_session_55577_Data_Exfiltration.graphml (Nodes: 62, Edges: 68)
     [+] Wrote enriched_session_55592_Normal.graphml (Nodes: 26, Edges: 25)
     [+] Wrote enriched_session_55595_Normal.graphml (Nodes: 13, Edges: 11)
     [+] Wrote enriched_session_55598_Normal.graphml (Nodes: 59, Edges: 60)
     [+] Wrote enriched_session_55606_Normal.graphml (Nodes: 72, Edges: 74)
     [+] Wrote enriched_session_55638_OS_Privilege_Escalation.graphml (Nodes: 21, Edges: 22)
     [+] Wrote enriched_session_55653_OS_Privilege_Escalation.graphml (Nodes: 21, Edges: 22)
     [+] Wrote enriched_session_55668_Attack.graphml (Nodes: 20, Edges: 20)
     [+] Wrote enriched_session_55696_Attack.graphml (Nodes: 29, Edges: 35)
     [+] Wrote enriched_session_55726_Attack.graphml (Nodes: 61, Edges: 65)
     [+] Wrote enriched_session_55742_Attack.graphml (Nodes: 13, Edges: 11)
     [+] Wrote enriched_session_55744_Attack.graphml (Nodes: 13, Edges: 11)
     [+] Wrote enriched_session_55746_Attack.graphml (Nodes: 18, Edges: 17)
     [+] Wrote enriched_session_55759_Attack.graphml (Nodes: 24, Edges: 25)
     [+] Wrote enriched_session_55775_Attack.graphml (Nodes: 18, Edges: 16)
     [+] Wrote enriched_session_55788_Attack.graphml (Nodes: 13, Edges: 11)
     [+] Wrote enriched_session_55801_Attack.graphml (Nodes: 13, Edges: 11)

==================================================
Starting End-to-End Pipeline for: dataset_dev_run_14
==================================================
[1/3] Running Algorithm 1 (SAC)
  wrote dataset_dev_run_14_event_table.json  (2315 events, 21138 read total)
  wrote dataset_dev_run_14_session_correlation.csv  (2315 correlated pairs)
[2/3] Running Algorithm 2 (Graph Construction)
     => Generated 107 base session graphs natively in RAM
[3/3] Running Algorithm 3 (Behavior Abstraction & Serialization)
     [+] Wrote enriched_session_56121_Normal.graphml (Nodes: 9, Edges: 9)
     [+] Wrote enriched_session_56133_Normal.graphml (Nodes: 4, Edges: 3)
     [+] Wrote enriched_session_56138_Sabotage.graphml (Nodes: 3, Edges: 2)
     [+] Wrote enriched_session_56141_Data_Exfiltration.graphml (Nodes: 4, Edges: 3)
     [+] Wrote enriched_session_56128_Normal.graphml (Nodes: 13, Edges: 17)
     [+] Wrote enriched_session_56156_Normal.graphml (Nodes: 13, Edges: 17)
     [+] Wrote enriched_session_56137_Normal.graphml (Nodes: 13, Edges: 17)
     [+] Wrote enriched_session_56176_Normal.graphml (Nodes: 13, Edges: 17)
     [+] Wrote enriched_session_56187_Normal.graphml (Nodes: 13, Edges: 17)
     [+] Wrote enriched_session_56127_Normal.graphml (Nodes: 13, Edges: 17)
     [+] Wrote enriched_session_56168_Normal.graphml (Nodes: 13, Edges: 17)
     [+] Wrote enriched_session_56175_Normal.graphml (Nodes: 13, Edges: 17)
     [+] Wrote enriched_session_56135_Normal.graphml (Nodes: 13, Edges: 17)
     [+] Wrote enriched_session_56126_Normal.graphml (Nodes: 13, Edges: 17)
     [+] Wrote enriched_session_56132_Normal.graphml (Nodes: 13, Edges: 17)
     [+] Wrote enriched_session_56130_Normal.graphml (Nodes: 13, Edges: 17)
     [+] Wrote enriched_session_56180_Normal.graphml (Nodes: 13, Edges: 17)
     [+] Wrote enriched_session_56131_Normal.graphml (Nodes: 13, Edges: 17)
     [+] Wrote enriched_session_56143_Normal.graphml (Nodes: 13, Edges: 17)
     [+] Wrote enriched_session_56140_Normal.graphml (Nodes: 13, Edges: 17)
     [+] Wrote enriched_session_56136_Normal.graphml (Nodes: 13, Edges: 17)
     [+] Wrote enriched_session_56145_Normal.graphml (Nodes: 13, Edges: 17)
     [+] Wrote enriched_session_56149_Normal.graphml (Nodes: 13, Edges: 17)
     [+] Wrote enriched_session_56147_Normal.graphml (Nodes: 13, Edges: 17)
     [+] Wrote enriched_session_56170_Normal.graphml (Nodes: 13, Edges: 17)
     [+] Wrote enriched_session_56151_Normal.graphml (Nodes: 13, Edges: 17)
     [+] Wrote enriched_session_56164_Normal.graphml (Nodes: 13, Edges: 17)
     [+] Wrote enriched_session_56157_Normal.graphml (Nodes: 13, Edges: 17)
     [+] Wrote enriched_session_56158_Normal.graphml (Nodes: 13, Edges: 17)
     [+] Wrote enriched_session_56166_Normal.graphml (Nodes: 13, Edges: 17)
     [+] Wrote enriched_session_56129_Normal.graphml (Nodes: 13, Edges: 17)
     [+] Wrote enriched_session_56186_Normal.graphml (Nodes: 13, Edges: 17)
     [+] Wrote enriched_session_56162_Normal.graphml (Nodes: 13, Edges: 17)
     [+] Wrote enriched_session_56177_Normal.graphml (Nodes: 13, Edges: 17)
     [+] Wrote enriched_session_56134_Normal.graphml (Nodes: 13, Edges: 17)
     [+] Wrote enriched_session_56178_Normal.graphml (Nodes: 13, Edges: 17)
     [+] Wrote enriched_session_56183_Normal.graphml (Nodes: 13, Edges: 17)
     [+] Wrote enriched_session_56125_Normal.graphml (Nodes: 13, Edges: 17)
     [+] Wrote enriched_session_56190_Normal.graphml (Nodes: 13, Edges: 17)
     [+] Wrote enriched_session_56139_Normal.graphml (Nodes: 13, Edges: 17)
     [+] Wrote enriched_session_56192_Normal.graphml (Nodes: 13, Edges: 17)
     [+] Wrote enriched_session_56144_Normal.graphml (Nodes: 13, Edges: 17)
     [+] Wrote enriched_session_56181_Normal.graphml (Nodes: 13, Edges: 17)
     [+] Wrote enriched_session_56154_Normal.graphml (Nodes: 13, Edges: 17)
     [+] Wrote enriched_session_56153_Normal.graphml (Nodes: 13, Edges: 17)
     [+] Wrote enriched_session_56194_Normal.graphml (Nodes: 13, Edges: 17)
     [+] Wrote enriched_session_56159_Normal.graphml (Nodes: 13, Edges: 17)
     [+] Wrote enriched_session_56165_Normal.graphml (Nodes: 13, Edges: 17)
     [+] Wrote enriched_session_56191_Normal.graphml (Nodes: 13, Edges: 17)
     [+] Wrote enriched_session_56188_Normal.graphml (Nodes: 13, Edges: 17)
     [+] Wrote enriched_session_56171_Normal.graphml (Nodes: 13, Edges: 17)
     [+] Wrote enriched_session_56193_Normal.graphml (Nodes: 13, Edges: 17)
     [+] Wrote enriched_session_56185_Normal.graphml (Nodes: 13, Edges: 17)
     [+] Wrote enriched_session_56189_Normal.graphml (Nodes: 13, Edges: 17)
     [+] Wrote enriched_session_56227_Data_Exfiltration.graphml (Nodes: 28, Edges: 26)
     [+] Wrote enriched_session_56195_Data_Exfiltration.graphml (Nodes: 4, Edges: 3)
     [+] Wrote enriched_session_56197_Data_Exfiltration.graphml (Nodes: 4, Edges: 3)
     [+] Wrote enriched_session_56205_Data_Exfiltration.graphml (Nodes: 4, Edges: 3)
     [+] Wrote enriched_session_56207_Data_Exfiltration.graphml (Nodes: 4, Edges: 3)
     [+] Wrote enriched_session_56210_Data_Exfiltration.graphml (Nodes: 4, Edges: 4)
     [+] Wrote enriched_session_56212_Data_Exfiltration.graphml (Nodes: 4, Edges: 4)
     [+] Wrote enriched_session_56211_Data_Exfiltration.graphml (Nodes: 4, Edges: 4)
     [+] Wrote enriched_session_56213_Data_Exfiltration.graphml (Nodes: 2, Edges: 1)
     [+] Wrote enriched_session_56216_Data_Exfiltration.graphml (Nodes: 3, Edges: 2)
     [+] Wrote enriched_session_56224_Unauthorized_DB_Read.graphml (Nodes: 4, Edges: 4)
     [+] Wrote enriched_session_56225_Unauthorized_DB_Read.graphml (Nodes: 4, Edges: 4)
     [+] Wrote enriched_session_56226_Unauthorized_DB_Read.graphml (Nodes: 4, Edges: 4)
     [+] Wrote enriched_session_56240_Data_Exfiltration.graphml (Nodes: 53, Edges: 57)
     [+] Wrote enriched_session_56258_Data_Exfiltration.graphml (Nodes: 12, Edges: 10)
     [+] Wrote enriched_session_56259_Data_Exfiltration.graphml (Nodes: 35, Edges: 38)
     [+] Wrote enriched_session_56275_Data_Exfiltration.graphml (Nodes: 22, Edges: 22)
     [+] Wrote enriched_session_56290_Data_Exfiltration.graphml (Nodes: 22, Edges: 22)
     [+] Wrote enriched_session_56305_Data_Exfiltration.graphml (Nodes: 26, Edges: 30)
     [+] Wrote enriched_session_56322_Data_Exfiltration.graphml (Nodes: 26, Edges: 30)
     [+] Wrote enriched_session_56339_Data_Exfiltration.graphml (Nodes: 26, Edges: 30)
     [+] Wrote enriched_session_56356_Data_Exfiltration.graphml (Nodes: 26, Edges: 31)
     [+] Wrote enriched_session_56373_Data_Exfiltration.graphml (Nodes: 19, Edges: 18)
     [+] Wrote enriched_session_56387_Data_Exfiltration.graphml (Nodes: 19, Edges: 18)
     [+] Wrote enriched_session_56401_Data_Exfiltration.graphml (Nodes: 19, Edges: 18)
     [+] Wrote enriched_session_56415_Data_Exfiltration.graphml (Nodes: 19, Edges: 18)
     [+] Wrote enriched_session_56429_Data_Exfiltration.graphml (Nodes: 22, Edges: 23)
     [+] Wrote enriched_session_56444_Data_Exfiltration.graphml (Nodes: 22, Edges: 23)
     [+] Wrote enriched_session_56459_Data_Exfiltration.graphml (Nodes: 62, Edges: 66)
     [+] Wrote enriched_session_56475_Data_Exfiltration.graphml (Nodes: 36, Edges: 39)
     [+] Wrote enriched_session_56491_Data_Exfiltration.graphml (Nodes: 23, Edges: 23)
     [+] Wrote enriched_session_56506_Data_Exfiltration.graphml (Nodes: 23, Edges: 23)
     [+] Wrote enriched_session_56521_Data_Exfiltration.graphml (Nodes: 61, Edges: 64)
     [+] Wrote enriched_session_56537_Data_Exfiltration.graphml (Nodes: 35, Edges: 38)
     [+] Wrote enriched_session_56553_Data_Exfiltration.graphml (Nodes: 127, Edges: 127)
     [+] Wrote enriched_session_56568_Data_Exfiltration.graphml (Nodes: 62, Edges: 68)
     [+] Wrote enriched_session_56585_Data_Exfiltration.graphml (Nodes: 62, Edges: 68)
     [+] Wrote enriched_session_56638_Normal.graphml (Nodes: 18, Edges: 17)
     [+] Wrote enriched_session_56641_Normal.graphml (Nodes: 13, Edges: 11)
     [+] Wrote enriched_session_56644_Normal.graphml (Nodes: 59, Edges: 60)
     [+] Wrote enriched_session_56664_Normal.graphml (Nodes: 80, Edges: 82)
     [+] Wrote enriched_session_56696_OS_Privilege_Escalation.graphml (Nodes: 21, Edges: 21)
     [+] Wrote enriched_session_56711_OS_Privilege_Escalation.graphml (Nodes: 21, Edges: 21)
     [+] Wrote enriched_session_56726_OS_Privilege_Escalation.graphml (Nodes: 20, Edges: 20)
     [+] Wrote enriched_session_56758_OS_Privilege_Escalation.graphml (Nodes: 29, Edges: 35)
     [+] Wrote enriched_session_56788_OS_Privilege_Escalation.graphml (Nodes: 61, Edges: 66)
     [+] Wrote enriched_session_56804_OS_Privilege_Escalation.graphml (Nodes: 13, Edges: 11)
     [+] Wrote enriched_session_56806_OS_Privilege_Escalation.graphml (Nodes: 13, Edges: 11)
     [+] Wrote enriched_session_56808_OS_Privilege_Escalation.graphml (Nodes: 18, Edges: 17)
     [+] Wrote enriched_session_56821_OS_Privilege_Escalation.graphml (Nodes: 24, Edges: 25)
     [+] Wrote enriched_session_56837_OS_Privilege_Escalation.graphml (Nodes: 18, Edges: 16)
     [+] Wrote enriched_session_56850_OS_Privilege_Escalation.graphml (Nodes: 13, Edges: 11)
     [+] Wrote enriched_session_56863_OS_Privilege_Escalation.graphml (Nodes: 13, Edges: 11)

==================================================
Starting End-to-End Pipeline for: dataset_dev_run_15
==================================================
[1/3] Running Algorithm 1 (SAC)
  wrote dataset_dev_run_15_event_table.json  (2390 events, 62000 read total)
  wrote dataset_dev_run_15_session_correlation.csv  (2390 correlated pairs)
[2/3] Running Algorithm 2 (Graph Construction)
     => Generated 107 base session graphs natively in RAM
[3/3] Running Algorithm 3 (Behavior Abstraction & Serialization)
     [+] Wrote enriched_session_57289_Normal.graphml (Nodes: 29, Edges: 27)
     [+] Wrote enriched_session_57186_Sabotage.graphml (Nodes: 3, Edges: 2)
     [+] Wrote enriched_session_57192_Data_Exfiltration.graphml (Nodes: 4, Edges: 3)
     [+] Wrote enriched_session_57193_Normal.graphml (Nodes: 9, Edges: 9)
     [+] Wrote enriched_session_57197_Normal.graphml (Nodes: 4, Edges: 3)
     [+] Wrote enriched_session_57203_Normal.graphml (Nodes: 13, Edges: 17)
     [+] Wrote enriched_session_57209_Normal.graphml (Nodes: 13, Edges: 17)
     [+] Wrote enriched_session_57201_Normal.graphml (Nodes: 13, Edges: 17)
     [+] Wrote enriched_session_57221_Normal.graphml (Nodes: 13, Edges: 17)
     [+] Wrote enriched_session_57202_Normal.graphml (Nodes: 13, Edges: 17)
     [+] Wrote enriched_session_57207_Normal.graphml (Nodes: 13, Edges: 17)
     [+] Wrote enriched_session_57234_Normal.graphml (Nodes: 13, Edges: 17)
     [+] Wrote enriched_session_57211_Normal.graphml (Nodes: 13, Edges: 17)
     [+] Wrote enriched_session_57236_Normal.graphml (Nodes: 13, Edges: 17)
     [+] Wrote enriched_session_57228_Normal.graphml (Nodes: 13, Edges: 17)
     [+] Wrote enriched_session_57250_Normal.graphml (Nodes: 13, Edges: 17)
     [+] Wrote enriched_session_57218_Normal.graphml (Nodes: 13, Edges: 17)
     [+] Wrote enriched_session_57237_Normal.graphml (Nodes: 13, Edges: 17)
     [+] Wrote enriched_session_57222_Normal.graphml (Nodes: 13, Edges: 17)
     [+] Wrote enriched_session_57254_Normal.graphml (Nodes: 13, Edges: 17)
     [+] Wrote enriched_session_57223_Normal.graphml (Nodes: 13, Edges: 17)
     [+] Wrote enriched_session_57229_Normal.graphml (Nodes: 13, Edges: 17)
     [+] Wrote enriched_session_57240_Normal.graphml (Nodes: 13, Edges: 17)
     [+] Wrote enriched_session_57252_Normal.graphml (Nodes: 13, Edges: 17)
     [+] Wrote enriched_session_57256_Normal.graphml (Nodes: 13, Edges: 17)
     [+] Wrote enriched_session_57205_Normal.graphml (Nodes: 13, Edges: 17)
     [+] Wrote enriched_session_57253_Normal.graphml (Nodes: 13, Edges: 17)
     [+] Wrote enriched_session_57248_Normal.graphml (Nodes: 13, Edges: 17)
     [+] Wrote enriched_session_57249_Normal.graphml (Nodes: 13, Edges: 17)
     [+] Wrote enriched_session_57230_Normal.graphml (Nodes: 13, Edges: 17)
     [+] Wrote enriched_session_57232_Normal.graphml (Nodes: 13, Edges: 17)
     [+] Wrote enriched_session_57244_Normal.graphml (Nodes: 13, Edges: 17)
     [+] Wrote enriched_session_57242_Normal.graphml (Nodes: 13, Edges: 17)
     [+] Wrote enriched_session_57213_Normal.graphml (Nodes: 13, Edges: 17)
     [+] Wrote enriched_session_57246_Normal.graphml (Nodes: 13, Edges: 17)
     [+] Wrote enriched_session_57255_Normal.graphml (Nodes: 13, Edges: 17)
     [+] Wrote enriched_session_57220_Normal.graphml (Nodes: 13, Edges: 17)
     [+] Wrote enriched_session_57215_Normal.graphml (Nodes: 13, Edges: 17)
     [+] Wrote enriched_session_57233_Normal.graphml (Nodes: 13, Edges: 17)
     [+] Wrote enriched_session_57238_Normal.graphml (Nodes: 13, Edges: 17)
     [+] Wrote enriched_session_57208_Normal.graphml (Nodes: 13, Edges: 17)
     [+] Wrote enriched_session_57245_Normal.graphml (Nodes: 13, Edges: 17)
     [+] Wrote enriched_session_57247_Normal.graphml (Nodes: 13, Edges: 17)
     [+] Wrote enriched_session_57204_Normal.graphml (Nodes: 13, Edges: 17)
     [+] Wrote enriched_session_57231_Normal.graphml (Nodes: 13, Edges: 17)
     [+] Wrote enriched_session_57241_Normal.graphml (Nodes: 13, Edges: 17)
     [+] Wrote enriched_session_57235_Normal.graphml (Nodes: 13, Edges: 17)
     [+] Wrote enriched_session_57257_Normal.graphml (Nodes: 13, Edges: 17)
     [+] Wrote enriched_session_57258_Normal.graphml (Nodes: 13, Edges: 17)
     [+] Wrote enriched_session_57239_Normal.graphml (Nodes: 13, Edges: 17)
     [+] Wrote enriched_session_57243_Normal.graphml (Nodes: 13, Edges: 17)
     [+] Wrote enriched_session_57251_Normal.graphml (Nodes: 13, Edges: 17)
     [+] Wrote enriched_session_57225_Normal.graphml (Nodes: 13, Edges: 17)
     [+] Wrote enriched_session_57212_Normal.graphml (Nodes: 13, Edges: 17)
     [+] Wrote enriched_session_57259_Normal.graphml (Nodes: 13, Edges: 17)
     [+] Wrote enriched_session_57260_Normal.graphml (Nodes: 4, Edges: 3)
     [+] Wrote enriched_session_57261_Normal.graphml (Nodes: 4, Edges: 3)
     [+] Wrote enriched_session_57270_Normal.graphml (Nodes: 4, Edges: 3)
     [+] Wrote enriched_session_57272_Normal.graphml (Nodes: 4, Edges: 3)
     [+] Wrote enriched_session_57273_Normal.graphml (Nodes: 4, Edges: 4)
     [+] Wrote enriched_session_57276_Normal.graphml (Nodes: 4, Edges: 4)
     [+] Wrote enriched_session_57277_Normal.graphml (Nodes: 4, Edges: 4)
     [+] Wrote enriched_session_57278_Normal.graphml (Nodes: 2, Edges: 1)
     [+] Wrote enriched_session_57280_Normal.graphml (Nodes: 3, Edges: 2)
     [+] Wrote enriched_session_57290_Unauthorized_DB_Read.graphml (Nodes: 10, Edges: 9)
     [+] Wrote enriched_session_57293_Unauthorized_DB_Read.graphml (Nodes: 19, Edges: 18)
     [+] Wrote enriched_session_57294_Unauthorized_DB_Read.graphml (Nodes: 19, Edges: 18)
     [+] Wrote enriched_session_57295_Data_Exfiltration.graphml (Nodes: 12, Edges: 10)
     [+] Wrote enriched_session_57308_Data_Exfiltration.graphml (Nodes: 61, Edges: 64)
     [+] Wrote enriched_session_57324_Data_Exfiltration.graphml (Nodes: 35, Edges: 38)
     [+] Wrote enriched_session_57340_Data_Exfiltration.graphml (Nodes: 22, Edges: 23)
     [+] Wrote enriched_session_57355_Data_Exfiltration.graphml (Nodes: 22, Edges: 23)
     [+] Wrote enriched_session_57370_Data_Exfiltration.graphml (Nodes: 26, Edges: 31)
     [+] Wrote enriched_session_57387_Data_Exfiltration.graphml (Nodes: 26, Edges: 31)
     [+] Wrote enriched_session_57404_Data_Exfiltration.graphml (Nodes: 26, Edges: 31)
     [+] Wrote enriched_session_57421_Data_Exfiltration.graphml (Nodes: 26, Edges: 31)
     [+] Wrote enriched_session_57438_Data_Exfiltration.graphml (Nodes: 19, Edges: 18)
     [+] Wrote enriched_session_57452_Data_Exfiltration.graphml (Nodes: 19, Edges: 18)
     [+] Wrote enriched_session_57466_Data_Exfiltration.graphml (Nodes: 19, Edges: 17)
     [+] Wrote enriched_session_57480_Data_Exfiltration.graphml (Nodes: 19, Edges: 17)
     [+] Wrote enriched_session_57494_Data_Exfiltration.graphml (Nodes: 22, Edges: 22)
     [+] Wrote enriched_session_57509_Data_Exfiltration.graphml (Nodes: 22, Edges: 22)
     [+] Wrote enriched_session_57524_Data_Exfiltration.graphml (Nodes: 62, Edges: 65)
     [+] Wrote enriched_session_57540_Data_Exfiltration.graphml (Nodes: 36, Edges: 39)
     [+] Wrote enriched_session_57556_Data_Exfiltration.graphml (Nodes: 23, Edges: 23)
     [+] Wrote enriched_session_57571_Data_Exfiltration.graphml (Nodes: 23, Edges: 24)
     [+] Wrote enriched_session_57586_Data_Exfiltration.graphml (Nodes: 61, Edges: 65)
     [+] Wrote enriched_session_57602_Data_Exfiltration.graphml (Nodes: 35, Edges: 39)
     [+] Wrote enriched_session_57618_Data_Exfiltration.graphml (Nodes: 127, Edges: 128)
     [+] Wrote enriched_session_57633_Data_Exfiltration.graphml (Nodes: 62, Edges: 68)
     [+] Wrote enriched_session_57652_Data_Exfiltration.graphml (Nodes: 62, Edges: 68)
     [+] Wrote enriched_session_57763_Normal.graphml (Nodes: 18, Edges: 17)
     [+] Wrote enriched_session_57766_Normal.graphml (Nodes: 13, Edges: 11)
     [+] Wrote enriched_session_57769_Normal.graphml (Nodes: 59, Edges: 59)
     [+] Wrote enriched_session_57777_Normal.graphml (Nodes: 72, Edges: 73)
     [+] Wrote enriched_session_57809_OS_Privilege_Escalation.graphml (Nodes: 21, Edges: 22)
     [+] Wrote enriched_session_57824_OS_Privilege_Escalation.graphml (Nodes: 21, Edges: 22)
     [+] Wrote enriched_session_57839_OS_Privilege_Escalation.graphml (Nodes: 20, Edges: 21)
     [+] Wrote enriched_session_57867_OS_Privilege_Escalation.graphml (Nodes: 29, Edges: 36)
     [+] Wrote enriched_session_57897_OS_Privilege_Escalation.graphml (Nodes: 61, Edges: 66)
     [+] Wrote enriched_session_57913_Privilege_Abuse.graphml (Nodes: 13, Edges: 11)
     [+] Wrote enriched_session_57915_Privilege_Abuse.graphml (Nodes: 13, Edges: 11)
     [+] Wrote enriched_session_57917_Privilege_Abuse.graphml (Nodes: 18, Edges: 17)
     [+] Wrote enriched_session_57931_SQL_Injection.graphml (Nodes: 22, Edges: 22)
     [+] Wrote enriched_session_57947_SQL_Injection.graphml (Nodes: 18, Edges: 16)
     [+] Wrote enriched_session_57960_SQL_Injection.graphml (Nodes: 13, Edges: 11)
     [+] Wrote enriched_session_57973_SQL_Injection.graphml (Nodes: 13, Edges: 11)

==================================================
Starting End-to-End Pipeline for: dataset_dev_run_16
==================================================
[1/3] Running Algorithm 1 (SAC)
  wrote dataset_dev_run_16_event_table.json  (2299 events, 36885 read total)
  wrote dataset_dev_run_16_session_correlation.csv  (2299 correlated pairs)
[2/3] Running Algorithm 2 (Graph Construction)
     => Generated 107 base session graphs natively in RAM
[3/3] Running Algorithm 3 (Behavior Abstraction & Serialization)
     [+] Wrote enriched_session_58289_Data_Exfiltration.graphml (Nodes: 4, Edges: 3)
     [+] Wrote enriched_session_58293_Normal.graphml (Nodes: 4, Edges: 3)
     [+] Wrote enriched_session_58294_Normal.graphml (Nodes: 9, Edges: 9)
     [+] Wrote enriched_session_58298_Sabotage.graphml (Nodes: 3, Edges: 2)
     [+] Wrote enriched_session_58362_Normal.graphml (Nodes: 4, Edges: 3)
     [+] Wrote enriched_session_58309_Normal.graphml (Nodes: 13, Edges: 17)
     [+] Wrote enriched_session_58328_Normal.graphml (Nodes: 13, Edges: 17)
     [+] Wrote enriched_session_58326_Normal.graphml (Nodes: 13, Edges: 17)
     [+] Wrote enriched_session_58308_Normal.graphml (Nodes: 13, Edges: 17)
     [+] Wrote enriched_session_58314_Normal.graphml (Nodes: 13, Edges: 17)
     [+] Wrote enriched_session_58350_Normal.graphml (Nodes: 13, Edges: 17)
     [+] Wrote enriched_session_58323_Normal.graphml (Nodes: 13, Edges: 17)
     [+] Wrote enriched_session_58344_Normal.graphml (Nodes: 13, Edges: 17)
     [+] Wrote enriched_session_58337_Normal.graphml (Nodes: 13, Edges: 17)
     [+] Wrote enriched_session_58330_Normal.graphml (Nodes: 13, Edges: 17)
     [+] Wrote enriched_session_58318_Normal.graphml (Nodes: 13, Edges: 17)
     [+] Wrote enriched_session_58351_Normal.graphml (Nodes: 13, Edges: 17)
     [+] Wrote enriched_session_58352_Normal.graphml (Nodes: 13, Edges: 17)
     [+] Wrote enriched_session_58340_Normal.graphml (Nodes: 13, Edges: 17)
     [+] Wrote enriched_session_58360_Normal.graphml (Nodes: 13, Edges: 17)
     [+] Wrote enriched_session_58343_Normal.graphml (Nodes: 13, Edges: 17)
     [+] Wrote enriched_session_58346_Normal.graphml (Nodes: 13, Edges: 17)
     [+] Wrote enriched_session_58332_Normal.graphml (Nodes: 13, Edges: 17)
     [+] Wrote enriched_session_58321_Normal.graphml (Nodes: 13, Edges: 17)
     [+] Wrote enriched_session_58325_Normal.graphml (Nodes: 13, Edges: 17)
     [+] Wrote enriched_session_58348_Normal.graphml (Nodes: 13, Edges: 17)
     [+] Wrote enriched_session_58363_Normal.graphml (Nodes: 4, Edges: 3)
     [+] Wrote enriched_session_58336_Normal.graphml (Nodes: 13, Edges: 17)
     [+] Wrote enriched_session_58355_Normal.graphml (Nodes: 13, Edges: 17)
     [+] Wrote enriched_session_58333_Normal.graphml (Nodes: 13, Edges: 17)
     [+] Wrote enriched_session_58327_Normal.graphml (Nodes: 13, Edges: 17)
     [+] Wrote enriched_session_58358_Normal.graphml (Nodes: 13, Edges: 17)
     [+] Wrote enriched_session_58310_Normal.graphml (Nodes: 13, Edges: 17)
     [+] Wrote enriched_session_58331_Normal.graphml (Nodes: 13, Edges: 17)
     [+] Wrote enriched_session_58353_Normal.graphml (Nodes: 13, Edges: 17)
     [+] Wrote enriched_session_58339_Normal.graphml (Nodes: 13, Edges: 17)
     [+] Wrote enriched_session_58342_Normal.graphml (Nodes: 13, Edges: 17)
     [+] Wrote enriched_session_58316_Normal.graphml (Nodes: 13, Edges: 17)
     [+] Wrote enriched_session_58322_Normal.graphml (Nodes: 13, Edges: 17)
     [+] Wrote enriched_session_58357_Normal.graphml (Nodes: 13, Edges: 17)
     [+] Wrote enriched_session_58307_Normal.graphml (Nodes: 13, Edges: 17)
     [+] Wrote enriched_session_58364_Normal.graphml (Nodes: 13, Edges: 17)
     [+] Wrote enriched_session_58349_Normal.graphml (Nodes: 13, Edges: 17)
     [+] Wrote enriched_session_58341_Normal.graphml (Nodes: 13, Edges: 17)
     [+] Wrote enriched_session_58317_Normal.graphml (Nodes: 13, Edges: 17)
     [+] Wrote enriched_session_58335_Normal.graphml (Nodes: 13, Edges: 17)
     [+] Wrote enriched_session_58338_Normal.graphml (Nodes: 13, Edges: 17)
     [+] Wrote enriched_session_58347_Normal.graphml (Nodes: 13, Edges: 17)
     [+] Wrote enriched_session_58345_Normal.graphml (Nodes: 13, Edges: 17)
     [+] Wrote enriched_session_58356_Normal.graphml (Nodes: 13, Edges: 17)
     [+] Wrote enriched_session_58324_Normal.graphml (Nodes: 13, Edges: 17)
     [+] Wrote enriched_session_58361_Normal.graphml (Nodes: 13, Edges: 17)
     [+] Wrote enriched_session_58329_Normal.graphml (Nodes: 13, Edges: 17)
     [+] Wrote enriched_session_58334_Normal.graphml (Nodes: 13, Edges: 17)
     [+] Wrote enriched_session_58354_Normal.graphml (Nodes: 13, Edges: 17)
     [+] Wrote enriched_session_58359_Normal.graphml (Nodes: 13, Edges: 17)
     [+] Wrote enriched_session_58373_Normal.graphml (Nodes: 4, Edges: 4)
     [+] Wrote enriched_session_58374_Normal.graphml (Nodes: 4, Edges: 4)
     [+] Wrote enriched_session_58375_Normal.graphml (Nodes: 4, Edges: 4)
     [+] Wrote enriched_session_58377_Normal.graphml (Nodes: 4, Edges: 3)
     [+] Wrote enriched_session_58376_Normal.graphml (Nodes: 4, Edges: 3)
     [+] Wrote enriched_session_58381_Normal.graphml (Nodes: 2, Edges: 1)
     [+] Wrote enriched_session_58390_Normal.graphml (Nodes: 3, Edges: 2)
     [+] Wrote enriched_session_58392_Unauthorized_DB_Read.graphml (Nodes: 4, Edges: 4)
     [+] Wrote enriched_session_58393_Unauthorized_DB_Read.graphml (Nodes: 4, Edges: 4)
     [+] Wrote enriched_session_58394_Unauthorized_DB_Read.graphml (Nodes: 4, Edges: 4)
     [+] Wrote enriched_session_58395_Normal.graphml (Nodes: 25, Edges: 23)
     [+] Wrote enriched_session_58408_Data_Exfiltration.graphml (Nodes: 53, Edges: 57)
     [+] Wrote enriched_session_58426_Data_Exfiltration.graphml (Nodes: 12, Edges: 10)
     [+] Wrote enriched_session_58427_Data_Exfiltration.graphml (Nodes: 35, Edges: 38)
     [+] Wrote enriched_session_58443_Data_Exfiltration.graphml (Nodes: 22, Edges: 22)
     [+] Wrote enriched_session_58458_Data_Exfiltration.graphml (Nodes: 22, Edges: 22)
     [+] Wrote enriched_session_58473_Data_Exfiltration.graphml (Nodes: 26, Edges: 30)
     [+] Wrote enriched_session_58490_Data_Exfiltration.graphml (Nodes: 26, Edges: 30)
     [+] Wrote enriched_session_58507_Data_Exfiltration.graphml (Nodes: 26, Edges: 31)
     [+] Wrote enriched_session_58524_Data_Exfiltration.graphml (Nodes: 26, Edges: 31)
     [+] Wrote enriched_session_58541_Data_Exfiltration.graphml (Nodes: 19, Edges: 18)
     [+] Wrote enriched_session_58555_Data_Exfiltration.graphml (Nodes: 19, Edges: 18)
     [+] Wrote enriched_session_58569_Data_Exfiltration.graphml (Nodes: 19, Edges: 18)
     [+] Wrote enriched_session_58583_Data_Exfiltration.graphml (Nodes: 19, Edges: 18)
     [+] Wrote enriched_session_58597_Data_Exfiltration.graphml (Nodes: 22, Edges: 22)
     [+] Wrote enriched_session_58612_Data_Exfiltration.graphml (Nodes: 22, Edges: 22)
     [+] Wrote enriched_session_58627_Data_Exfiltration.graphml (Nodes: 62, Edges: 65)
     [+] Wrote enriched_session_58643_Data_Exfiltration.graphml (Nodes: 36, Edges: 39)
     [+] Wrote enriched_session_58659_Data_Exfiltration.graphml (Nodes: 23, Edges: 23)
     [+] Wrote enriched_session_58674_Data_Exfiltration.graphml (Nodes: 23, Edges: 23)
     [+] Wrote enriched_session_58690_Data_Exfiltration.graphml (Nodes: 61, Edges: 64)
     [+] Wrote enriched_session_58706_Data_Exfiltration.graphml (Nodes: 35, Edges: 39)
     [+] Wrote enriched_session_58722_Data_Exfiltration.graphml (Nodes: 127, Edges: 128)
     [+] Wrote enriched_session_58737_Data_Exfiltration.graphml (Nodes: 62, Edges: 68)
     [+] Wrote enriched_session_58754_Data_Exfiltration.graphml (Nodes: 62, Edges: 67)
     [+] Wrote enriched_session_58773_Normal.graphml (Nodes: 18, Edges: 17)
     [+] Wrote enriched_session_58776_Normal.graphml (Nodes: 13, Edges: 11)
     [+] Wrote enriched_session_58779_Normal.graphml (Nodes: 59, Edges: 59)
     [+] Wrote enriched_session_58787_Normal.graphml (Nodes: 72, Edges: 73)
     [+] Wrote enriched_session_58821_OS_Privilege_Escalation.graphml (Nodes: 21, Edges: 21)
     [+] Wrote enriched_session_58836_OS_Privilege_Escalation.graphml (Nodes: 21, Edges: 21)
     [+] Wrote enriched_session_58851_OS_Privilege_Escalation.graphml (Nodes: 20, Edges: 21)
     [+] Wrote enriched_session_58879_OS_Privilege_Escalation.graphml (Nodes: 29, Edges: 36)
     [+] Wrote enriched_session_58909_OS_Privilege_Escalation.graphml (Nodes: 61, Edges: 66)
     [+] Wrote enriched_session_58925_OS_Privilege_Escalation.graphml (Nodes: 13, Edges: 11)
     [+] Wrote enriched_session_58927_Privilege_Abuse.graphml (Nodes: 13, Edges: 11)
     [+] Wrote enriched_session_58929_Privilege_Abuse.graphml (Nodes: 18, Edges: 17)
     [+] Wrote enriched_session_58942_SQL_Injection.graphml (Nodes: 22, Edges: 22)
     [+] Wrote enriched_session_58958_SQL_Injection.graphml (Nodes: 18, Edges: 16)
     [+] Wrote enriched_session_58971_SQL_Injection.graphml (Nodes: 13, Edges: 11)
     [+] Wrote enriched_session_58984_SQL_Injection.graphml (Nodes: 13, Edges: 11)

==================================================
Starting End-to-End Pipeline for: dataset_dev_run_17
==================================================
[1/3] Running Algorithm 1 (SAC)
  wrote dataset_dev_run_17_event_table.json  (2392 events, 40623 read total)
  wrote dataset_dev_run_17_session_correlation.csv  (2392 correlated pairs)
[2/3] Running Algorithm 2 (Graph Construction)
     => Generated 107 base session graphs natively in RAM
[3/3] Running Algorithm 3 (Behavior Abstraction & Serialization)
     [+] Wrote enriched_session_59304_Sabotage.graphml (Nodes: 3, Edges: 2)
     [+] Wrote enriched_session_59310_Normal.graphml (Nodes: 9, Edges: 9)
     [+] Wrote enriched_session_59311_Normal.graphml (Nodes: 4, Edges: 3)
     [+] Wrote enriched_session_59312_Data_Exfiltration.graphml (Nodes: 4, Edges: 3)
     [+] Wrote enriched_session_59323_Normal.graphml (Nodes: 13, Edges: 17)
     [+] Wrote enriched_session_59320_Normal.graphml (Nodes: 13, Edges: 17)
     [+] Wrote enriched_session_59330_Normal.graphml (Nodes: 13, Edges: 17)
     [+] Wrote enriched_session_59326_Normal.graphml (Nodes: 13, Edges: 17)
     [+] Wrote enriched_session_59353_Normal.graphml (Nodes: 13, Edges: 17)
     [+] Wrote enriched_session_59366_Normal.graphml (Nodes: 13, Edges: 17)
     [+] Wrote enriched_session_59336_Normal.graphml (Nodes: 13, Edges: 17)
     [+] Wrote enriched_session_59329_Normal.graphml (Nodes: 13, Edges: 17)
     [+] Wrote enriched_session_59322_Normal.graphml (Nodes: 13, Edges: 17)
     [+] Wrote enriched_session_59370_Normal.graphml (Nodes: 13, Edges: 17)
     [+] Wrote enriched_session_59346_Normal.graphml (Nodes: 13, Edges: 17)
     [+] Wrote enriched_session_59372_Normal.graphml (Nodes: 13, Edges: 17)
     [+] Wrote enriched_session_59325_Normal.graphml (Nodes: 13, Edges: 17)
     [+] Wrote enriched_session_59321_Normal.graphml (Nodes: 13, Edges: 17)
     [+] Wrote enriched_session_59360_Normal.graphml (Nodes: 13, Edges: 17)
     [+] Wrote enriched_session_59368_Normal.graphml (Nodes: 13, Edges: 17)
     [+] Wrote enriched_session_59334_Normal.graphml (Nodes: 13, Edges: 17)
     [+] Wrote enriched_session_59337_Normal.graphml (Nodes: 13, Edges: 17)
     [+] Wrote enriched_session_59354_Normal.graphml (Nodes: 13, Edges: 17)
     [+] Wrote enriched_session_59362_Normal.graphml (Nodes: 13, Edges: 17)
     [+] Wrote enriched_session_59324_Normal.graphml (Nodes: 13, Edges: 17)
     [+] Wrote enriched_session_59342_Normal.graphml (Nodes: 13, Edges: 17)
     [+] Wrote enriched_session_59377_Normal.graphml (Nodes: 13, Edges: 17)
     [+] Wrote enriched_session_59351_Normal.graphml (Nodes: 13, Edges: 17)
     [+] Wrote enriched_session_59343_Normal.graphml (Nodes: 13, Edges: 17)
     [+] Wrote enriched_session_59355_Normal.graphml (Nodes: 13, Edges: 17)
     [+] Wrote enriched_session_59350_Normal.graphml (Nodes: 13, Edges: 17)
     [+] Wrote enriched_session_59359_Normal.graphml (Nodes: 13, Edges: 17)
     [+] Wrote enriched_session_59327_Normal.graphml (Nodes: 13, Edges: 17)
     [+] Wrote enriched_session_59341_Normal.graphml (Nodes: 13, Edges: 17)
     [+] Wrote enriched_session_59328_Normal.graphml (Nodes: 13, Edges: 17)
     [+] Wrote enriched_session_59376_Normal.graphml (Nodes: 13, Edges: 17)
     [+] Wrote enriched_session_59356_Normal.graphml (Nodes: 13, Edges: 17)
     [+] Wrote enriched_session_59357_Normal.graphml (Nodes: 13, Edges: 17)
     [+] Wrote enriched_session_59358_Normal.graphml (Nodes: 13, Edges: 17)
     [+] Wrote enriched_session_59331_Normal.graphml (Nodes: 13, Edges: 17)
     [+] Wrote enriched_session_59349_Normal.graphml (Nodes: 13, Edges: 17)
     [+] Wrote enriched_session_59361_Normal.graphml (Nodes: 13, Edges: 17)
     [+] Wrote enriched_session_59363_Normal.graphml (Nodes: 13, Edges: 17)
     [+] Wrote enriched_session_59374_Normal.graphml (Nodes: 13, Edges: 17)
     [+] Wrote enriched_session_59373_Normal.graphml (Nodes: 13, Edges: 17)
     [+] Wrote enriched_session_59344_Normal.graphml (Nodes: 13, Edges: 17)
     [+] Wrote enriched_session_59364_Normal.graphml (Nodes: 13, Edges: 17)
     [+] Wrote enriched_session_59333_Normal.graphml (Nodes: 13, Edges: 17)
     [+] Wrote enriched_session_59367_Normal.graphml (Nodes: 13, Edges: 17)
     [+] Wrote enriched_session_59365_Normal.graphml (Nodes: 13, Edges: 17)
     [+] Wrote enriched_session_59352_Normal.graphml (Nodes: 13, Edges: 17)
     [+] Wrote enriched_session_59375_Normal.graphml (Nodes: 13, Edges: 17)
     [+] Wrote enriched_session_59371_Normal.graphml (Nodes: 13, Edges: 17)
     [+] Wrote enriched_session_59369_Normal.graphml (Nodes: 13, Edges: 17)
     [+] Wrote enriched_session_59378_Normal.graphml (Nodes: 4, Edges: 3)
     [+] Wrote enriched_session_59379_Normal.graphml (Nodes: 4, Edges: 3)
     [+] Wrote enriched_session_59388_Normal.graphml (Nodes: 4, Edges: 3)
     [+] Wrote enriched_session_59390_Normal.graphml (Nodes: 4, Edges: 4)
     [+] Wrote enriched_session_59391_Normal.graphml (Nodes: 4, Edges: 3)
     [+] Wrote enriched_session_59393_Normal.graphml (Nodes: 4, Edges: 4)
     [+] Wrote enriched_session_59394_Normal.graphml (Nodes: 4, Edges: 4)
     [+] Wrote enriched_session_59396_Normal.graphml (Nodes: 2, Edges: 1)
     [+] Wrote enriched_session_59407_Normal.graphml (Nodes: 28, Edges: 26)
     [+] Wrote enriched_session_59399_Normal.graphml (Nodes: 3, Edges: 2)
     [+] Wrote enriched_session_59408_Unauthorized_DB_Read.graphml (Nodes: 10, Edges: 9)
     [+] Wrote enriched_session_59411_Unauthorized_DB_Read.graphml (Nodes: 19, Edges: 18)
     [+] Wrote enriched_session_59412_Unauthorized_DB_Read.graphml (Nodes: 19, Edges: 18)
     [+] Wrote enriched_session_59413_Data_Exfiltration.graphml (Nodes: 12, Edges: 10)
     [+] Wrote enriched_session_59426_Data_Exfiltration.graphml (Nodes: 61, Edges: 64)
     [+] Wrote enriched_session_59442_Data_Exfiltration.graphml (Nodes: 35, Edges: 39)
     [+] Wrote enriched_session_59458_Data_Exfiltration.graphml (Nodes: 22, Edges: 23)
     [+] Wrote enriched_session_59473_Data_Exfiltration.graphml (Nodes: 22, Edges: 23)
     [+] Wrote enriched_session_59488_Data_Exfiltration.graphml (Nodes: 26, Edges: 31)
     [+] Wrote enriched_session_59505_Data_Exfiltration.graphml (Nodes: 26, Edges: 31)
     [+] Wrote enriched_session_59522_Data_Exfiltration.graphml (Nodes: 26, Edges: 31)
     [+] Wrote enriched_session_59539_Data_Exfiltration.graphml (Nodes: 26, Edges: 30)
     [+] Wrote enriched_session_59556_Data_Exfiltration.graphml (Nodes: 19, Edges: 17)
     [+] Wrote enriched_session_59570_Data_Exfiltration.graphml (Nodes: 19, Edges: 17)
     [+] Wrote enriched_session_59584_Data_Exfiltration.graphml (Nodes: 19, Edges: 17)
     [+] Wrote enriched_session_59598_Data_Exfiltration.graphml (Nodes: 19, Edges: 17)
     [+] Wrote enriched_session_59612_Data_Exfiltration.graphml (Nodes: 22, Edges: 22)
     [+] Wrote enriched_session_59627_Data_Exfiltration.graphml (Nodes: 22, Edges: 23)
     [+] Wrote enriched_session_59642_Data_Exfiltration.graphml (Nodes: 62, Edges: 66)
     [+] Wrote enriched_session_59658_Data_Exfiltration.graphml (Nodes: 36, Edges: 40)
     [+] Wrote enriched_session_59674_Data_Exfiltration.graphml (Nodes: 23, Edges: 24)
     [+] Wrote enriched_session_59689_Data_Exfiltration.graphml (Nodes: 23, Edges: 24)
     [+] Wrote enriched_session_59704_Data_Exfiltration.graphml (Nodes: 61, Edges: 65)
     [+] Wrote enriched_session_59720_Data_Exfiltration.graphml (Nodes: 35, Edges: 38)
     [+] Wrote enriched_session_59736_Data_Exfiltration.graphml (Nodes: 127, Edges: 127)
     [+] Wrote enriched_session_59751_Data_Exfiltration.graphml (Nodes: 62, Edges: 67)
     [+] Wrote enriched_session_59769_Data_Exfiltration.graphml (Nodes: 62, Edges: 67)
     [+] Wrote enriched_session_59786_Normal.graphml (Nodes: 24, Edges: 23)
     [+] Wrote enriched_session_59789_Normal.graphml (Nodes: 13, Edges: 11)
     [+] Wrote enriched_session_59792_Normal.graphml (Nodes: 59, Edges: 60)
     [+] Wrote enriched_session_59800_Normal.graphml (Nodes: 72, Edges: 74)
     [+] Wrote enriched_session_59832_OS_Privilege_Escalation.graphml (Nodes: 21, Edges: 22)
     [+] Wrote enriched_session_59847_OS_Privilege_Escalation.graphml (Nodes: 21, Edges: 22)
     [+] Wrote enriched_session_59862_OS_Privilege_Escalation.graphml (Nodes: 20, Edges: 21)
     [+] Wrote enriched_session_59890_Attack.graphml (Nodes: 29, Edges: 35)
     [+] Wrote enriched_session_59920_Attack.graphml (Nodes: 61, Edges: 65)
     [+] Wrote enriched_session_59936_Attack.graphml (Nodes: 13, Edges: 11)
     [+] Wrote enriched_session_59938_Attack.graphml (Nodes: 13, Edges: 11)
     [+] Wrote enriched_session_59940_Attack.graphml (Nodes: 18, Edges: 17)
     [+] Wrote enriched_session_59953_Attack.graphml (Nodes: 24, Edges: 25)
     [+] Wrote enriched_session_59969_Attack.graphml (Nodes: 18, Edges: 16)
     [+] Wrote enriched_session_59982_Attack.graphml (Nodes: 13, Edges: 11)
     [+] Wrote enriched_session_59995_Attack.graphml (Nodes: 13, Edges: 11)

==================================================
Starting End-to-End Pipeline for: dataset_dev_run_18
==================================================
[1/3] Running Algorithm 1 (SAC)
  wrote dataset_dev_run_18_event_table.json  (2373 events, 31382 read total)
  wrote dataset_dev_run_18_session_correlation.csv  (2373 correlated pairs)
[2/3] Running Algorithm 2 (Graph Construction)
     => Generated 107 base session graphs natively in RAM
[3/3] Running Algorithm 3 (Behavior Abstraction & Serialization)
     [+] Wrote enriched_session_60312_Data_Exfiltration.graphml (Nodes: 4, Edges: 3)
     [+] Wrote enriched_session_60316_Normal.graphml (Nodes: 4, Edges: 3)
     [+] Wrote enriched_session_60317_Normal.graphml (Nodes: 9, Edges: 9)
     [+] Wrote enriched_session_60331_Sabotage.graphml (Nodes: 3, Edges: 2)
     [+] Wrote enriched_session_60327_Normal.graphml (Nodes: 13, Edges: 17)
     [+] Wrote enriched_session_60362_Normal.graphml (Nodes: 13, Edges: 17)
     [+] Wrote enriched_session_60334_Normal.graphml (Nodes: 13, Edges: 17)
     [+] Wrote enriched_session_60372_Normal.graphml (Nodes: 13, Edges: 17)
     [+] Wrote enriched_session_60333_Normal.graphml (Nodes: 13, Edges: 17)
     [+] Wrote enriched_session_60328_Normal.graphml (Nodes: 13, Edges: 17)
     [+] Wrote enriched_session_60330_Normal.graphml (Nodes: 13, Edges: 17)
     [+] Wrote enriched_session_60337_Normal.graphml (Nodes: 13, Edges: 17)
     [+] Wrote enriched_session_60329_Normal.graphml (Nodes: 13, Edges: 17)
     [+] Wrote enriched_session_60332_Normal.graphml (Nodes: 13, Edges: 17)
     [+] Wrote enriched_session_60335_Normal.graphml (Nodes: 13, Edges: 17)
     [+] Wrote enriched_session_60363_Normal.graphml (Nodes: 13, Edges: 17)
     [+] Wrote enriched_session_60339_Normal.graphml (Nodes: 13, Edges: 17)
     [+] Wrote enriched_session_60352_Normal.graphml (Nodes: 13, Edges: 17)
     [+] Wrote enriched_session_60336_Normal.graphml (Nodes: 13, Edges: 17)
     [+] Wrote enriched_session_60364_Normal.graphml (Nodes: 13, Edges: 17)
     [+] Wrote enriched_session_60359_Normal.graphml (Nodes: 13, Edges: 17)
     [+] Wrote enriched_session_60343_Normal.graphml (Nodes: 13, Edges: 17)
     [+] Wrote enriched_session_60369_Normal.graphml (Nodes: 13, Edges: 17)
     [+] Wrote enriched_session_60342_Normal.graphml (Nodes: 13, Edges: 17)
     [+] Wrote enriched_session_60345_Normal.graphml (Nodes: 13, Edges: 17)
     [+] Wrote enriched_session_60355_Normal.graphml (Nodes: 13, Edges: 17)
     [+] Wrote enriched_session_60365_Normal.graphml (Nodes: 13, Edges: 17)
     [+] Wrote enriched_session_60360_Normal.graphml (Nodes: 13, Edges: 17)
     [+] Wrote enriched_session_60351_Normal.graphml (Nodes: 13, Edges: 17)
     [+] Wrote enriched_session_60340_Normal.graphml (Nodes: 13, Edges: 17)
     [+] Wrote enriched_session_60367_Normal.graphml (Nodes: 13, Edges: 17)
     [+] Wrote enriched_session_60338_Normal.graphml (Nodes: 13, Edges: 17)
     [+] Wrote enriched_session_60358_Normal.graphml (Nodes: 13, Edges: 17)
     [+] Wrote enriched_session_60378_Normal.graphml (Nodes: 13, Edges: 17)
     [+] Wrote enriched_session_60361_Normal.graphml (Nodes: 13, Edges: 17)
     [+] Wrote enriched_session_60374_Normal.graphml (Nodes: 13, Edges: 17)
     [+] Wrote enriched_session_60346_Normal.graphml (Nodes: 13, Edges: 17)
     [+] Wrote enriched_session_60350_Normal.graphml (Nodes: 13, Edges: 17)
     [+] Wrote enriched_session_60368_Normal.graphml (Nodes: 13, Edges: 17)
     [+] Wrote enriched_session_60376_Normal.graphml (Nodes: 13, Edges: 17)
     [+] Wrote enriched_session_60353_Normal.graphml (Nodes: 13, Edges: 17)
     [+] Wrote enriched_session_60371_Normal.graphml (Nodes: 13, Edges: 17)
     [+] Wrote enriched_session_60385_Normal.graphml (Nodes: 13, Edges: 17)
     [+] Wrote enriched_session_60373_Normal.graphml (Nodes: 13, Edges: 17)
     [+] Wrote enriched_session_60377_Normal.graphml (Nodes: 13, Edges: 17)
     [+] Wrote enriched_session_60375_Normal.graphml (Nodes: 13, Edges: 17)
     [+] Wrote enriched_session_60379_Normal.graphml (Nodes: 13, Edges: 17)
     [+] Wrote enriched_session_60382_Normal.graphml (Nodes: 13, Edges: 17)
     [+] Wrote enriched_session_60381_Normal.graphml (Nodes: 13, Edges: 17)
     [+] Wrote enriched_session_60366_Normal.graphml (Nodes: 13, Edges: 17)
     [+] Wrote enriched_session_60383_Normal.graphml (Nodes: 13, Edges: 17)
     [+] Wrote enriched_session_60380_Normal.graphml (Nodes: 13, Edges: 17)
     [+] Wrote enriched_session_60384_Normal.graphml (Nodes: 13, Edges: 17)
     [+] Wrote enriched_session_60370_Normal.graphml (Nodes: 13, Edges: 17)
     [+] Wrote enriched_session_60415_Normal.graphml (Nodes: 26, Edges: 24)
     [+] Wrote enriched_session_60386_Normal.graphml (Nodes: 4, Edges: 3)
     [+] Wrote enriched_session_60389_Normal.graphml (Nodes: 4, Edges: 3)
     [+] Wrote enriched_session_60396_Normal.graphml (Nodes: 4, Edges: 3)
     [+] Wrote enriched_session_60398_Normal.graphml (Nodes: 4, Edges: 3)
     [+] Wrote enriched_session_60399_Normal.graphml (Nodes: 4, Edges: 4)
     [+] Wrote enriched_session_60403_Normal.graphml (Nodes: 4, Edges: 4)
     [+] Wrote enriched_session_60402_Normal.graphml (Nodes: 4, Edges: 4)
     [+] Wrote enriched_session_60404_Normal.graphml (Nodes: 2, Edges: 1)
     [+] Wrote enriched_session_60413_Normal.graphml (Nodes: 3, Edges: 2)
     [+] Wrote enriched_session_60416_Unauthorized_DB_Read.graphml (Nodes: 10, Edges: 9)
     [+] Wrote enriched_session_60419_Unauthorized_DB_Read.graphml (Nodes: 19, Edges: 18)
     [+] Wrote enriched_session_60420_Unauthorized_DB_Read.graphml (Nodes: 19, Edges: 18)
     [+] Wrote enriched_session_60421_Data_Exfiltration.graphml (Nodes: 12, Edges: 10)
     [+] Wrote enriched_session_60434_Data_Exfiltration.graphml (Nodes: 61, Edges: 64)
     [+] Wrote enriched_session_60450_Data_Exfiltration.graphml (Nodes: 35, Edges: 38)
     [+] Wrote enriched_session_60466_Data_Exfiltration.graphml (Nodes: 22, Edges: 22)
     [+] Wrote enriched_session_60481_Data_Exfiltration.graphml (Nodes: 22, Edges: 22)
     [+] Wrote enriched_session_60496_Data_Exfiltration.graphml (Nodes: 26, Edges: 31)
     [+] Wrote enriched_session_60513_Data_Exfiltration.graphml (Nodes: 26, Edges: 31)
     [+] Wrote enriched_session_60530_Data_Exfiltration.graphml (Nodes: 26, Edges: 31)
     [+] Wrote enriched_session_60547_Data_Exfiltration.graphml (Nodes: 26, Edges: 31)
     [+] Wrote enriched_session_60564_Data_Exfiltration.graphml (Nodes: 19, Edges: 18)
     [+] Wrote enriched_session_60578_Data_Exfiltration.graphml (Nodes: 19, Edges: 18)
     [+] Wrote enriched_session_60592_Data_Exfiltration.graphml (Nodes: 19, Edges: 18)
     [+] Wrote enriched_session_60606_Data_Exfiltration.graphml (Nodes: 19, Edges: 17)
     [+] Wrote enriched_session_60620_Data_Exfiltration.graphml (Nodes: 22, Edges: 22)
     [+] Wrote enriched_session_60635_Data_Exfiltration.graphml (Nodes: 22, Edges: 22)
     [+] Wrote enriched_session_60650_Data_Exfiltration.graphml (Nodes: 62, Edges: 65)
     [+] Wrote enriched_session_60666_Data_Exfiltration.graphml (Nodes: 36, Edges: 39)
     [+] Wrote enriched_session_60682_Data_Exfiltration.graphml (Nodes: 23, Edges: 23)
     [+] Wrote enriched_session_60697_Data_Exfiltration.graphml (Nodes: 23, Edges: 24)
     [+] Wrote enriched_session_60712_Data_Exfiltration.graphml (Nodes: 61, Edges: 65)
     [+] Wrote enriched_session_60728_Data_Exfiltration.graphml (Nodes: 35, Edges: 39)
     [+] Wrote enriched_session_60744_Data_Exfiltration.graphml (Nodes: 127, Edges: 128)
     [+] Wrote enriched_session_60759_Data_Exfiltration.graphml (Nodes: 62, Edges: 68)
     [+] Wrote enriched_session_60777_Data_Exfiltration.graphml (Nodes: 62, Edges: 67)
     [+] Wrote enriched_session_60809_Normal.graphml (Nodes: 18, Edges: 17)
     [+] Wrote enriched_session_60813_Normal.graphml (Nodes: 13, Edges: 11)
     [+] Wrote enriched_session_60816_Normal.graphml (Nodes: 59, Edges: 59)
     [+] Wrote enriched_session_60824_Normal.graphml (Nodes: 72, Edges: 73)
     [+] Wrote enriched_session_60856_OS_Privilege_Escalation.graphml (Nodes: 21, Edges: 22)
     [+] Wrote enriched_session_60871_OS_Privilege_Escalation.graphml (Nodes: 21, Edges: 22)
     [+] Wrote enriched_session_60886_OS_Privilege_Escalation.graphml (Nodes: 20, Edges: 21)
     [+] Wrote enriched_session_60914_OS_Privilege_Escalation.graphml (Nodes: 29, Edges: 36)
     [+] Wrote enriched_session_60944_OS_Privilege_Escalation.graphml (Nodes: 61, Edges: 66)
     [+] Wrote enriched_session_60960_Privilege_Abuse.graphml (Nodes: 13, Edges: 11)
     [+] Wrote enriched_session_60962_Privilege_Abuse.graphml (Nodes: 13, Edges: 11)
     [+] Wrote enriched_session_60964_Privilege_Abuse.graphml (Nodes: 18, Edges: 17)
     [+] Wrote enriched_session_60977_SQL_Injection.graphml (Nodes: 22, Edges: 22)
     [+] Wrote enriched_session_60993_SQL_Injection.graphml (Nodes: 18, Edges: 16)
     [+] Wrote enriched_session_61006_SQL_Injection.graphml (Nodes: 13, Edges: 11)
     [+] Wrote enriched_session_61019_SQL_Injection.graphml (Nodes: 13, Edges: 11)

==================================================
Starting End-to-End Pipeline for: dataset_dev_run_19
==================================================
[1/3] Running Algorithm 1 (SAC)
  wrote dataset_dev_run_19_event_table.json  (2388 events, 28569 read total)
  wrote dataset_dev_run_19_session_correlation.csv  (2388 correlated pairs)
[2/3] Running Algorithm 2 (Graph Construction)
     => Generated 107 base session graphs natively in RAM
[3/3] Running Algorithm 3 (Behavior Abstraction & Serialization)
     [+] Wrote enriched_session_61338_Normal.graphml (Nodes: 9, Edges: 9)
     [+] Wrote enriched_session_61345_Sabotage.graphml (Nodes: 3, Edges: 2)
     [+] Wrote enriched_session_61350_Normal.graphml (Nodes: 4, Edges: 3)
     [+] Wrote enriched_session_61349_Data_Exfiltration.graphml (Nodes: 4, Edges: 3)
     [+] Wrote enriched_session_61346_Normal.graphml (Nodes: 13, Edges: 17)
     [+] Wrote enriched_session_61348_Normal.graphml (Nodes: 13, Edges: 17)
     [+] Wrote enriched_session_61344_Normal.graphml (Nodes: 13, Edges: 17)
     [+] Wrote enriched_session_61408_Normal.graphml (Nodes: 13, Edges: 17)
     [+] Wrote enriched_session_61342_Normal.graphml (Nodes: 13, Edges: 17)
     [+] Wrote enriched_session_61405_Normal.graphml (Nodes: 13, Edges: 17)
     [+] Wrote enriched_session_61372_Normal.graphml (Nodes: 13, Edges: 17)
     [+] Wrote enriched_session_61355_Normal.graphml (Nodes: 13, Edges: 17)
     [+] Wrote enriched_session_61347_Normal.graphml (Nodes: 13, Edges: 17)
     [+] Wrote enriched_session_61380_Normal.graphml (Nodes: 13, Edges: 17)
     [+] Wrote enriched_session_61357_Normal.graphml (Nodes: 13, Edges: 17)
     [+] Wrote enriched_session_61397_Normal.graphml (Nodes: 13, Edges: 17)
     [+] Wrote enriched_session_61403_Normal.graphml (Nodes: 13, Edges: 17)
     [+] Wrote enriched_session_61393_Normal.graphml (Nodes: 13, Edges: 17)
     [+] Wrote enriched_session_61354_Normal.graphml (Nodes: 13, Edges: 17)
     [+] Wrote enriched_session_61391_Normal.graphml (Nodes: 13, Edges: 17)
     [+] Wrote enriched_session_61352_Normal.graphml (Nodes: 13, Edges: 17)
     [+] Wrote enriched_session_61398_Normal.graphml (Nodes: 13, Edges: 17)
     [+] Wrote enriched_session_61367_Normal.graphml (Nodes: 13, Edges: 17)
     [+] Wrote enriched_session_61359_Normal.graphml (Nodes: 13, Edges: 17)
     [+] Wrote enriched_session_61369_Normal.graphml (Nodes: 13, Edges: 17)
     [+] Wrote enriched_session_61353_Normal.graphml (Nodes: 13, Edges: 17)
     [+] Wrote enriched_session_61376_Normal.graphml (Nodes: 13, Edges: 17)
     [+] Wrote enriched_session_61365_Normal.graphml (Nodes: 13, Edges: 17)
     [+] Wrote enriched_session_61407_Normal.graphml (Nodes: 13, Edges: 17)
     [+] Wrote enriched_session_61374_Normal.graphml (Nodes: 13, Edges: 17)
     [+] Wrote enriched_session_61375_Normal.graphml (Nodes: 13, Edges: 17)
     [+] Wrote enriched_session_61379_Normal.graphml (Nodes: 13, Edges: 17)
     [+] Wrote enriched_session_61377_Normal.graphml (Nodes: 13, Edges: 17)
     [+] Wrote enriched_session_61381_Normal.graphml (Nodes: 13, Edges: 17)
     [+] Wrote enriched_session_61385_Normal.graphml (Nodes: 13, Edges: 17)
     [+] Wrote enriched_session_61362_Normal.graphml (Nodes: 13, Edges: 17)
     [+] Wrote enriched_session_61387_Normal.graphml (Nodes: 13, Edges: 17)
     [+] Wrote enriched_session_61384_Normal.graphml (Nodes: 13, Edges: 17)
     [+] Wrote enriched_session_61410_Normal.graphml (Nodes: 13, Edges: 17)
     [+] Wrote enriched_session_61392_Normal.graphml (Nodes: 13, Edges: 17)
     [+] Wrote enriched_session_61383_Normal.graphml (Nodes: 13, Edges: 17)
     [+] Wrote enriched_session_61343_Normal.graphml (Nodes: 13, Edges: 17)
     [+] Wrote enriched_session_61351_Normal.graphml (Nodes: 13, Edges: 17)
     [+] Wrote enriched_session_61378_Normal.graphml (Nodes: 13, Edges: 17)
     [+] Wrote enriched_session_61396_Normal.graphml (Nodes: 13, Edges: 17)
     [+] Wrote enriched_session_61402_Normal.graphml (Nodes: 13, Edges: 17)
     [+] Wrote enriched_session_61394_Normal.graphml (Nodes: 13, Edges: 17)
     [+] Wrote enriched_session_61409_Normal.graphml (Nodes: 13, Edges: 17)
     [+] Wrote enriched_session_61404_Normal.graphml (Nodes: 13, Edges: 17)
     [+] Wrote enriched_session_61401_Normal.graphml (Nodes: 13, Edges: 17)
     [+] Wrote enriched_session_61373_Normal.graphml (Nodes: 13, Edges: 17)
     [+] Wrote enriched_session_61406_Normal.graphml (Nodes: 13, Edges: 17)
     [+] Wrote enriched_session_61411_Normal.graphml (Nodes: 13, Edges: 17)
     [+] Wrote enriched_session_61366_Normal.graphml (Nodes: 13, Edges: 17)
     [+] Wrote enriched_session_61412_Normal.graphml (Nodes: 4, Edges: 3)
     [+] Wrote enriched_session_61416_Normal.graphml (Nodes: 4, Edges: 3)
     [+] Wrote enriched_session_61422_Normal.graphml (Nodes: 4, Edges: 3)
     [+] Wrote enriched_session_61424_Normal.graphml (Nodes: 4, Edges: 3)
     [+] Wrote enriched_session_61428_Normal.graphml (Nodes: 2, Edges: 1)
     [+] Wrote enriched_session_61427_Normal.graphml (Nodes: 4, Edges: 4)
     [+] Wrote enriched_session_61430_Normal.graphml (Nodes: 4, Edges: 4)
     [+] Wrote enriched_session_61431_Normal.graphml (Nodes: 4, Edges: 4)
     [+] Wrote enriched_session_61432_Normal.graphml (Nodes: 3, Edges: 2)
     [+] Wrote enriched_session_61441_Normal.graphml (Nodes: 27, Edges: 25)
     [+] Wrote enriched_session_61442_Unauthorized_DB_Read.graphml (Nodes: 10, Edges: 9)
     [+] Wrote enriched_session_61446_Unauthorized_DB_Read.graphml (Nodes: 19, Edges: 18)
     [+] Wrote enriched_session_61445_Unauthorized_DB_Read.graphml (Nodes: 19, Edges: 18)
     [+] Wrote enriched_session_61447_Normal.graphml (Nodes: 12, Edges: 10)
     [+] Wrote enriched_session_61460_Data_Exfiltration.graphml (Nodes: 61, Edges: 64)
     [+] Wrote enriched_session_61476_Data_Exfiltration.graphml (Nodes: 35, Edges: 38)
     [+] Wrote enriched_session_61492_Data_Exfiltration.graphml (Nodes: 22, Edges: 22)
     [+] Wrote enriched_session_61507_Data_Exfiltration.graphml (Nodes: 22, Edges: 22)
     [+] Wrote enriched_session_61522_Data_Exfiltration.graphml (Nodes: 26, Edges: 30)
     [+] Wrote enriched_session_61539_Data_Exfiltration.graphml (Nodes: 26, Edges: 30)
     [+] Wrote enriched_session_61556_Data_Exfiltration.graphml (Nodes: 26, Edges: 31)
     [+] Wrote enriched_session_61573_Data_Exfiltration.graphml (Nodes: 26, Edges: 31)
     [+] Wrote enriched_session_61590_Data_Exfiltration.graphml (Nodes: 19, Edges: 18)
     [+] Wrote enriched_session_61604_Data_Exfiltration.graphml (Nodes: 19, Edges: 18)
     [+] Wrote enriched_session_61618_Data_Exfiltration.graphml (Nodes: 19, Edges: 18)
     [+] Wrote enriched_session_61632_Data_Exfiltration.graphml (Nodes: 19, Edges: 18)
     [+] Wrote enriched_session_61646_Data_Exfiltration.graphml (Nodes: 22, Edges: 23)
     [+] Wrote enriched_session_61661_Data_Exfiltration.graphml (Nodes: 22, Edges: 22)
     [+] Wrote enriched_session_61676_Data_Exfiltration.graphml (Nodes: 62, Edges: 65)
     [+] Wrote enriched_session_61692_Data_Exfiltration.graphml (Nodes: 36, Edges: 39)
     [+] Wrote enriched_session_61708_Data_Exfiltration.graphml (Nodes: 23, Edges: 23)
     [+] Wrote enriched_session_61723_Data_Exfiltration.graphml (Nodes: 23, Edges: 23)
     [+] Wrote enriched_session_61738_Data_Exfiltration.graphml (Nodes: 61, Edges: 64)
     [+] Wrote enriched_session_61754_Data_Exfiltration.graphml (Nodes: 35, Edges: 39)
     [+] Wrote enriched_session_61770_Data_Exfiltration.graphml (Nodes: 127, Edges: 128)
     [+] Wrote enriched_session_61785_Data_Exfiltration.graphml (Nodes: 62, Edges: 68)
     [+] Wrote enriched_session_61802_Data_Exfiltration.graphml (Nodes: 62, Edges: 68)
     [+] Wrote enriched_session_61818_Normal.graphml (Nodes: 18, Edges: 17)
     [+] Wrote enriched_session_61822_Normal.graphml (Nodes: 13, Edges: 11)
     [+] Wrote enriched_session_61827_Normal.graphml (Nodes: 59, Edges: 59)
     [+] Wrote enriched_session_61835_Normal.graphml (Nodes: 72, Edges: 73)
     [+] Wrote enriched_session_61867_OS_Privilege_Escalation.graphml (Nodes: 21, Edges: 21)
     [+] Wrote enriched_session_61882_OS_Privilege_Escalation.graphml (Nodes: 21, Edges: 21)
     [+] Wrote enriched_session_61897_OS_Privilege_Escalation.graphml (Nodes: 20, Edges: 20)
     [+] Wrote enriched_session_61925_OS_Privilege_Escalation.graphml (Nodes: 29, Edges: 36)
     [+] Wrote enriched_session_61955_OS_Privilege_Escalation.graphml (Nodes: 61, Edges: 66)
     [+] Wrote enriched_session_61971_OS_Privilege_Escalation.graphml (Nodes: 13, Edges: 11)
     [+] Wrote enriched_session_61973_OS_Privilege_Escalation.graphml (Nodes: 13, Edges: 11)
     [+] Wrote enriched_session_61975_OS_Privilege_Escalation.graphml (Nodes: 18, Edges: 17)
     [+] Wrote enriched_session_61988_OS_Privilege_Escalation.graphml (Nodes: 22, Edges: 23)
     [+] Wrote enriched_session_62004_SQL_Injection.graphml (Nodes: 18, Edges: 16)
     [+] Wrote enriched_session_62017_SQL_Injection.graphml (Nodes: 13, Edges: 11)
     [+] Wrote enriched_session_62030_SQL_Injection.graphml (Nodes: 13, Edges: 11)

==================================================
Starting End-to-End Pipeline for: dataset_dev_run_2
==================================================
[1/3] Running Algorithm 1 (SAC)
  wrote dataset_dev_run_2_event_table.json  (2308 events, 36421 read total)
  wrote dataset_dev_run_2_session_correlation.csv  (2308 correlated pairs)
[2/3] Running Algorithm 2 (Graph Construction)
     => Generated 107 base session graphs natively in RAM
[3/3] Running Algorithm 3 (Behavior Abstraction & Serialization)
     [+] Wrote enriched_session_43512_Normal.graphml (Nodes: 9, Edges: 9)
     [+] Wrote enriched_session_43530_Normal.graphml (Nodes: 4, Edges: 3)
     [+] Wrote enriched_session_43532_Sabotage.graphml (Nodes: 3, Edges: 2)
     [+] Wrote enriched_session_43531_Data_Exfiltration.graphml (Nodes: 4, Edges: 3)
     [+] Wrote enriched_session_43573_Normal.graphml (Nodes: 13, Edges: 17)
     [+] Wrote enriched_session_43519_Normal.graphml (Nodes: 13, Edges: 17)
     [+] Wrote enriched_session_43520_Normal.graphml (Nodes: 13, Edges: 17)
     [+] Wrote enriched_session_43580_Normal.graphml (Nodes: 13, Edges: 17)
     [+] Wrote enriched_session_43534_Normal.graphml (Nodes: 13, Edges: 17)
     [+] Wrote enriched_session_43547_Normal.graphml (Nodes: 13, Edges: 17)
     [+] Wrote enriched_session_43542_Normal.graphml (Nodes: 13, Edges: 17)
     [+] Wrote enriched_session_43523_Normal.graphml (Nodes: 13, Edges: 17)
     [+] Wrote enriched_session_43527_Normal.graphml (Nodes: 13, Edges: 17)
     [+] Wrote enriched_session_43524_Normal.graphml (Nodes: 13, Edges: 17)
     [+] Wrote enriched_session_43543_Normal.graphml (Nodes: 13, Edges: 17)
     [+] Wrote enriched_session_43582_Normal.graphml (Nodes: 13, Edges: 17)
     [+] Wrote enriched_session_43522_Normal.graphml (Nodes: 13, Edges: 17)
     [+] Wrote enriched_session_43587_Normal.graphml (Nodes: 13, Edges: 17)
     [+] Wrote enriched_session_43574_Normal.graphml (Nodes: 13, Edges: 17)
     [+] Wrote enriched_session_43551_Normal.graphml (Nodes: 13, Edges: 17)
     [+] Wrote enriched_session_43589_Normal.graphml (Nodes: 13, Edges: 17)
     [+] Wrote enriched_session_43521_Normal.graphml (Nodes: 13, Edges: 17)
     [+] Wrote enriched_session_43564_Normal.graphml (Nodes: 13, Edges: 17)
     [+] Wrote enriched_session_43562_Normal.graphml (Nodes: 13, Edges: 17)
     [+] Wrote enriched_session_43544_Normal.graphml (Nodes: 13, Edges: 17)
     [+] Wrote enriched_session_43553_Normal.graphml (Nodes: 13, Edges: 17)
     [+] Wrote enriched_session_43560_Normal.graphml (Nodes: 13, Edges: 17)
     [+] Wrote enriched_session_43528_Normal.graphml (Nodes: 13, Edges: 17)
     [+] Wrote enriched_session_43526_Normal.graphml (Nodes: 13, Edges: 17)
     [+] Wrote enriched_session_43516_Normal.graphml (Nodes: 13, Edges: 17)
     [+] Wrote enriched_session_43537_Normal.graphml (Nodes: 13, Edges: 17)
     [+] Wrote enriched_session_43569_Normal.graphml (Nodes: 13, Edges: 17)
     [+] Wrote enriched_session_43545_Normal.graphml (Nodes: 13, Edges: 17)
     [+] Wrote enriched_session_43584_Normal.graphml (Nodes: 13, Edges: 17)
     [+] Wrote enriched_session_43558_Normal.graphml (Nodes: 13, Edges: 17)
     [+] Wrote enriched_session_43578_Normal.graphml (Nodes: 13, Edges: 17)
     [+] Wrote enriched_session_43533_Normal.graphml (Nodes: 13, Edges: 17)
     [+] Wrote enriched_session_43535_Normal.graphml (Nodes: 13, Edges: 17)
     [+] Wrote enriched_session_43517_Normal.graphml (Nodes: 13, Edges: 17)
     [+] Wrote enriched_session_43570_Normal.graphml (Nodes: 13, Edges: 17)
     [+] Wrote enriched_session_43518_Normal.graphml (Nodes: 13, Edges: 17)
     [+] Wrote enriched_session_43549_Normal.graphml (Nodes: 13, Edges: 17)
     [+] Wrote enriched_session_43577_Normal.graphml (Nodes: 13, Edges: 17)
     [+] Wrote enriched_session_43525_Normal.graphml (Nodes: 13, Edges: 17)
     [+] Wrote enriched_session_43556_Normal.graphml (Nodes: 13, Edges: 17)
     [+] Wrote enriched_session_43540_Normal.graphml (Nodes: 13, Edges: 17)
     [+] Wrote enriched_session_43563_Normal.graphml (Nodes: 13, Edges: 17)
     [+] Wrote enriched_session_43557_Normal.graphml (Nodes: 13, Edges: 17)
     [+] Wrote enriched_session_43550_Normal.graphml (Nodes: 13, Edges: 17)
     [+] Wrote enriched_session_43588_Normal.graphml (Nodes: 13, Edges: 17)
     [+] Wrote enriched_session_43586_Normal.graphml (Nodes: 13, Edges: 17)
     [+] Wrote enriched_session_43529_Normal.graphml (Nodes: 13, Edges: 17)
     [+] Wrote enriched_session_43583_Normal.graphml (Nodes: 13, Edges: 17)
     [+] Wrote enriched_session_43568_Normal.graphml (Nodes: 13, Edges: 17)
     [+] Wrote enriched_session_43630_Data_Exfiltration.graphml (Nodes: 20, Edges: 18)
     [+] Wrote enriched_session_43595_Data_Exfiltration.graphml (Nodes: 4, Edges: 3)
     [+] Wrote enriched_session_43599_Data_Exfiltration.graphml (Nodes: 4, Edges: 3)
     [+] Wrote enriched_session_43609_Data_Exfiltration.graphml (Nodes: 4, Edges: 3)
     [+] Wrote enriched_session_43608_Data_Exfiltration.graphml (Nodes: 4, Edges: 4)
     [+] Wrote enriched_session_43612_Data_Exfiltration.graphml (Nodes: 4, Edges: 4)
     [+] Wrote enriched_session_43613_Data_Exfiltration.graphml (Nodes: 4, Edges: 4)
     [+] Wrote enriched_session_43614_Data_Exfiltration.graphml (Nodes: 4, Edges: 3)
     [+] Wrote enriched_session_43622_Data_Exfiltration.graphml (Nodes: 2, Edges: 1)
     [+] Wrote enriched_session_43625_Data_Exfiltration.graphml (Nodes: 3, Edges: 2)
     [+] Wrote enriched_session_43626_Unauthorized_DB_Read.graphml (Nodes: 4, Edges: 4)
     [+] Wrote enriched_session_43628_Unauthorized_DB_Read.graphml (Nodes: 4, Edges: 4)
     [+] Wrote enriched_session_43629_Unauthorized_DB_Read.graphml (Nodes: 4, Edges: 4)
     [+] Wrote enriched_session_43643_Data_Exfiltration.graphml (Nodes: 53, Edges: 57)
     [+] Wrote enriched_session_43661_Data_Exfiltration.graphml (Nodes: 12, Edges: 10)
     [+] Wrote enriched_session_43662_Data_Exfiltration.graphml (Nodes: 35, Edges: 39)
     [+] Wrote enriched_session_43686_Data_Exfiltration.graphml (Nodes: 22, Edges: 22)
     [+] Wrote enriched_session_43701_Data_Exfiltration.graphml (Nodes: 22, Edges: 22)
     [+] Wrote enriched_session_43716_Data_Exfiltration.graphml (Nodes: 26, Edges: 30)
     [+] Wrote enriched_session_43733_Data_Exfiltration.graphml (Nodes: 26, Edges: 30)
     [+] Wrote enriched_session_43750_Data_Exfiltration.graphml (Nodes: 26, Edges: 30)
     [+] Wrote enriched_session_43767_Data_Exfiltration.graphml (Nodes: 26, Edges: 30)
     [+] Wrote enriched_session_43784_Data_Exfiltration.graphml (Nodes: 19, Edges: 17)
     [+] Wrote enriched_session_43798_Data_Exfiltration.graphml (Nodes: 19, Edges: 17)
     [+] Wrote enriched_session_43812_Data_Exfiltration.graphml (Nodes: 19, Edges: 17)
     [+] Wrote enriched_session_43826_Data_Exfiltration.graphml (Nodes: 19, Edges: 17)
     [+] Wrote enriched_session_43840_Data_Exfiltration.graphml (Nodes: 22, Edges: 22)
     [+] Wrote enriched_session_43855_Data_Exfiltration.graphml (Nodes: 22, Edges: 23)
     [+] Wrote enriched_session_43870_Data_Exfiltration.graphml (Nodes: 62, Edges: 66)
     [+] Wrote enriched_session_43886_Data_Exfiltration.graphml (Nodes: 36, Edges: 40)
     [+] Wrote enriched_session_43902_Data_Exfiltration.graphml (Nodes: 23, Edges: 23)
     [+] Wrote enriched_session_43917_Data_Exfiltration.graphml (Nodes: 23, Edges: 23)
     [+] Wrote enriched_session_43932_Data_Exfiltration.graphml (Nodes: 61, Edges: 64)
     [+] Wrote enriched_session_43948_Data_Exfiltration.graphml (Nodes: 35, Edges: 38)
     [+] Wrote enriched_session_43964_Data_Exfiltration.graphml (Nodes: 127, Edges: 127)
     [+] Wrote enriched_session_43979_Data_Exfiltration.graphml (Nodes: 62, Edges: 67)
     [+] Wrote enriched_session_44016_Data_Exfiltration.graphml (Nodes: 62, Edges: 67)
     [+] Wrote enriched_session_44101_Normal.graphml (Nodes: 18, Edges: 17)
     [+] Wrote enriched_session_44104_Normal.graphml (Nodes: 22, Edges: 20)
     [+] Wrote enriched_session_44110_Normal.graphml (Nodes: 59, Edges: 59)
     [+] Wrote enriched_session_44118_Normal.graphml (Nodes: 72, Edges: 73)
     [+] Wrote enriched_session_44150_OS_Privilege_Escalation.graphml (Nodes: 21, Edges: 21)
     [+] Wrote enriched_session_44165_OS_Privilege_Escalation.graphml (Nodes: 21, Edges: 21)
     [+] Wrote enriched_session_44180_OS_Privilege_Escalation.graphml (Nodes: 20, Edges: 20)
     [+] Wrote enriched_session_44208_OS_Privilege_Escalation.graphml (Nodes: 29, Edges: 35)
     [+] Wrote enriched_session_44238_OS_Privilege_Escalation.graphml (Nodes: 61, Edges: 65)
     [+] Wrote enriched_session_44254_OS_Privilege_Escalation.graphml (Nodes: 13, Edges: 11)
     [+] Wrote enriched_session_44256_OS_Privilege_Escalation.graphml (Nodes: 13, Edges: 11)
     [+] Wrote enriched_session_44258_OS_Privilege_Escalation.graphml (Nodes: 18, Edges: 17)
     [+] Wrote enriched_session_44271_OS_Privilege_Escalation.graphml (Nodes: 24, Edges: 25)
     [+] Wrote enriched_session_44287_OS_Privilege_Escalation.graphml (Nodes: 18, Edges: 16)
     [+] Wrote enriched_session_44300_SQL_Injection.graphml (Nodes: 13, Edges: 11)
     [+] Wrote enriched_session_44313_SQL_Injection.graphml (Nodes: 13, Edges: 11)

==================================================
Starting End-to-End Pipeline for: dataset_dev_run_20
==================================================
[1/3] Running Algorithm 1 (SAC)
  wrote dataset_dev_run_20_event_table.json  (2332 events, 29735 read total)
  wrote dataset_dev_run_20_session_correlation.csv  (2332 correlated pairs)
[2/3] Running Algorithm 2 (Graph Construction)
     => Generated 107 base session graphs natively in RAM
[3/3] Running Algorithm 3 (Behavior Abstraction & Serialization)
     [+] Wrote enriched_session_62346_Data_Exfiltration.graphml (Nodes: 4, Edges: 3)
     [+] Wrote enriched_session_62348_Data_Exfiltration.graphml (Nodes: 9, Edges: 9)
     [+] Wrote enriched_session_62349_Data_Exfiltration.graphml (Nodes: 4, Edges: 3)
     [+] Wrote enriched_session_62350_Sabotage.graphml (Nodes: 3, Edges: 2)
     [+] Wrote enriched_session_62360_Normal.graphml (Nodes: 13, Edges: 17)
     [+] Wrote enriched_session_62357_Normal.graphml (Nodes: 13, Edges: 17)
     [+] Wrote enriched_session_62403_Normal.graphml (Nodes: 13, Edges: 17)
     [+] Wrote enriched_session_62363_Normal.graphml (Nodes: 13, Edges: 17)
     [+] Wrote enriched_session_62387_Normal.graphml (Nodes: 13, Edges: 17)
     [+] Wrote enriched_session_62365_Normal.graphml (Nodes: 13, Edges: 17)
     [+] Wrote enriched_session_62378_Normal.graphml (Nodes: 13, Edges: 17)
     [+] Wrote enriched_session_62412_Normal.graphml (Nodes: 13, Edges: 17)
     [+] Wrote enriched_session_62374_Normal.graphml (Nodes: 13, Edges: 17)
     [+] Wrote enriched_session_62416_Normal.graphml (Nodes: 13, Edges: 17)
     [+] Wrote enriched_session_62377_Normal.graphml (Nodes: 13, Edges: 17)
     [+] Wrote enriched_session_62396_Normal.graphml (Nodes: 13, Edges: 17)
     [+] Wrote enriched_session_62358_Normal.graphml (Nodes: 13, Edges: 17)
     [+] Wrote enriched_session_62381_Normal.graphml (Nodes: 13, Edges: 17)
     [+] Wrote enriched_session_62399_Normal.graphml (Nodes: 13, Edges: 17)
     [+] Wrote enriched_session_62404_Normal.graphml (Nodes: 13, Edges: 17)
     [+] Wrote enriched_session_62382_Normal.graphml (Nodes: 13, Edges: 17)
     [+] Wrote enriched_session_62369_Normal.graphml (Nodes: 13, Edges: 17)
     [+] Wrote enriched_session_62408_Normal.graphml (Nodes: 13, Edges: 17)
     [+] Wrote enriched_session_62391_Normal.graphml (Nodes: 13, Edges: 17)
     [+] Wrote enriched_session_62388_Normal.graphml (Nodes: 13, Edges: 17)
     [+] Wrote enriched_session_62371_Normal.graphml (Nodes: 13, Edges: 17)
     [+] Wrote enriched_session_62386_Normal.graphml (Nodes: 13, Edges: 17)
     [+] Wrote enriched_session_62394_Normal.graphml (Nodes: 13, Edges: 17)
     [+] Wrote enriched_session_62392_Normal.graphml (Nodes: 13, Edges: 17)
     [+] Wrote enriched_session_62390_Normal.graphml (Nodes: 13, Edges: 17)
     [+] Wrote enriched_session_62402_Normal.graphml (Nodes: 13, Edges: 17)
     [+] Wrote enriched_session_62419_Data_Exfiltration.graphml (Nodes: 4, Edges: 3)
     [+] Wrote enriched_session_62420_Normal.graphml (Nodes: 13, Edges: 17)
     [+] Wrote enriched_session_62400_Normal.graphml (Nodes: 13, Edges: 17)
     [+] Wrote enriched_session_62395_Normal.graphml (Nodes: 13, Edges: 17)
     [+] Wrote enriched_session_62385_Normal.graphml (Nodes: 13, Edges: 17)
     [+] Wrote enriched_session_62407_Normal.graphml (Nodes: 13, Edges: 17)
     [+] Wrote enriched_session_62405_Normal.graphml (Nodes: 13, Edges: 17)
     [+] Wrote enriched_session_62417_Normal.graphml (Nodes: 13, Edges: 17)
     [+] Wrote enriched_session_62410_Normal.graphml (Nodes: 13, Edges: 17)
     [+] Wrote enriched_session_62398_Normal.graphml (Nodes: 13, Edges: 17)
     [+] Wrote enriched_session_62409_Normal.graphml (Nodes: 13, Edges: 17)
     [+] Wrote enriched_session_62397_Normal.graphml (Nodes: 13, Edges: 17)
     [+] Wrote enriched_session_62372_Normal.graphml (Nodes: 13, Edges: 17)
     [+] Wrote enriched_session_62380_Normal.graphml (Nodes: 13, Edges: 17)
     [+] Wrote enriched_session_62359_Normal.graphml (Nodes: 13, Edges: 17)
     [+] Wrote enriched_session_62411_Normal.graphml (Nodes: 13, Edges: 17)
     [+] Wrote enriched_session_62389_Normal.graphml (Nodes: 13, Edges: 17)
     [+] Wrote enriched_session_62415_Normal.graphml (Nodes: 13, Edges: 17)
     [+] Wrote enriched_session_62393_Normal.graphml (Nodes: 13, Edges: 17)
     [+] Wrote enriched_session_62401_Normal.graphml (Nodes: 13, Edges: 17)
     [+] Wrote enriched_session_62413_Normal.graphml (Nodes: 13, Edges: 17)
     [+] Wrote enriched_session_62414_Normal.graphml (Nodes: 13, Edges: 17)
     [+] Wrote enriched_session_62406_Normal.graphml (Nodes: 13, Edges: 17)
     [+] Wrote enriched_session_62418_Normal.graphml (Nodes: 13, Edges: 17)
     [+] Wrote enriched_session_62423_Data_Exfiltration.graphml (Nodes: 4, Edges: 3)
     [+] Wrote enriched_session_62430_Data_Exfiltration.graphml (Nodes: 4, Edges: 3)
     [+] Wrote enriched_session_62433_Data_Exfiltration.graphml (Nodes: 4, Edges: 4)
     [+] Wrote enriched_session_62434_Data_Exfiltration.graphml (Nodes: 4, Edges: 4)
     [+] Wrote enriched_session_62435_Data_Exfiltration.graphml (Nodes: 4, Edges: 4)
     [+] Wrote enriched_session_62436_Data_Exfiltration.graphml (Nodes: 4, Edges: 3)
     [+] Wrote enriched_session_62438_Data_Exfiltration.graphml (Nodes: 2, Edges: 1)
     [+] Wrote enriched_session_62447_Data_Exfiltration.graphml (Nodes: 3, Edges: 2)
     [+] Wrote enriched_session_62449_Unauthorized_DB_Read.graphml (Nodes: 7, Edges: 6)
     [+] Wrote enriched_session_62450_Unauthorized_DB_Read.graphml (Nodes: 4, Edges: 4)
     [+] Wrote enriched_session_62451_Unauthorized_DB_Read.graphml (Nodes: 4, Edges: 4)
     [+] Wrote enriched_session_62452_Data_Exfiltration.graphml (Nodes: 37, Edges: 35)
     [+] Wrote enriched_session_62465_Data_Exfiltration.graphml (Nodes: 61, Edges: 65)
     [+] Wrote enriched_session_62483_Data_Exfiltration.graphml (Nodes: 12, Edges: 10)
     [+] Wrote enriched_session_62484_Data_Exfiltration.graphml (Nodes: 35, Edges: 38)
     [+] Wrote enriched_session_62500_Data_Exfiltration.graphml (Nodes: 22, Edges: 22)
     [+] Wrote enriched_session_62515_Data_Exfiltration.graphml (Nodes: 22, Edges: 22)
     [+] Wrote enriched_session_62530_Data_Exfiltration.graphml (Nodes: 26, Edges: 31)
     [+] Wrote enriched_session_62547_Data_Exfiltration.graphml (Nodes: 26, Edges: 31)
     [+] Wrote enriched_session_62564_Data_Exfiltration.graphml (Nodes: 26, Edges: 31)
     [+] Wrote enriched_session_62581_Data_Exfiltration.graphml (Nodes: 26, Edges: 31)
     [+] Wrote enriched_session_62598_Data_Exfiltration.graphml (Nodes: 19, Edges: 18)
     [+] Wrote enriched_session_62612_Data_Exfiltration.graphml (Nodes: 19, Edges: 18)
     [+] Wrote enriched_session_62626_Data_Exfiltration.graphml (Nodes: 19, Edges: 18)
     [+] Wrote enriched_session_62640_Data_Exfiltration.graphml (Nodes: 19, Edges: 18)
     [+] Wrote enriched_session_62654_Data_Exfiltration.graphml (Nodes: 22, Edges: 22)
     [+] Wrote enriched_session_62669_Data_Exfiltration.graphml (Nodes: 22, Edges: 22)
     [+] Wrote enriched_session_62684_Data_Exfiltration.graphml (Nodes: 62, Edges: 65)
     [+] Wrote enriched_session_62700_Data_Exfiltration.graphml (Nodes: 36, Edges: 39)
     [+] Wrote enriched_session_62716_Data_Exfiltration.graphml (Nodes: 23, Edges: 23)
     [+] Wrote enriched_session_62731_Data_Exfiltration.graphml (Nodes: 23, Edges: 24)
     [+] Wrote enriched_session_62746_Data_Exfiltration.graphml (Nodes: 61, Edges: 65)
     [+] Wrote enriched_session_62762_Data_Exfiltration.graphml (Nodes: 35, Edges: 39)
     [+] Wrote enriched_session_62778_Data_Exfiltration.graphml (Nodes: 127, Edges: 128)
     [+] Wrote enriched_session_62793_Data_Exfiltration.graphml (Nodes: 62, Edges: 68)
     [+] Wrote enriched_session_62810_Data_Exfiltration.graphml (Nodes: 62, Edges: 68)
     [+] Wrote enriched_session_62858_Normal.graphml (Nodes: 18, Edges: 17)
     [+] Wrote enriched_session_62861_Normal.graphml (Nodes: 13, Edges: 11)
     [+] Wrote enriched_session_62867_Normal.graphml (Nodes: 59, Edges: 59)
     [+] Wrote enriched_session_62875_Normal.graphml (Nodes: 72, Edges: 73)
     [+] Wrote enriched_session_62907_OS_Privilege_Escalation.graphml (Nodes: 21, Edges: 21)
     [+] Wrote enriched_session_62922_OS_Privilege_Escalation.graphml (Nodes: 21, Edges: 22)
     [+] Wrote enriched_session_62937_OS_Privilege_Escalation.graphml (Nodes: 20, Edges: 21)
     [+] Wrote enriched_session_62965_OS_Privilege_Escalation.graphml (Nodes: 29, Edges: 36)
     [+] Wrote enriched_session_62995_OS_Privilege_Escalation.graphml (Nodes: 61, Edges: 66)
     [+] Wrote enriched_session_63011_OS_Privilege_Escalation.graphml (Nodes: 13, Edges: 11)
     [+] Wrote enriched_session_63013_OS_Privilege_Escalation.graphml (Nodes: 13, Edges: 11)
     [+] Wrote enriched_session_63015_OS_Privilege_Escalation.graphml (Nodes: 18, Edges: 17)
     [+] Wrote enriched_session_63028_SQL_Injection.graphml (Nodes: 22, Edges: 22)
     [+] Wrote enriched_session_63044_SQL_Injection.graphml (Nodes: 18, Edges: 16)
     [+] Wrote enriched_session_63057_SQL_Injection.graphml (Nodes: 13, Edges: 11)
     [+] Wrote enriched_session_63070_SQL_Injection.graphml (Nodes: 13, Edges: 11)

==================================================
Starting End-to-End Pipeline for: dataset_dev_run_21
==================================================
[1/3] Running Algorithm 1 (SAC)
  wrote dataset_dev_run_21_event_table.json  (2319 events, 28617 read total)
  wrote dataset_dev_run_21_session_correlation.csv  (2319 correlated pairs)
[2/3] Running Algorithm 2 (Graph Construction)
     => Generated 107 base session graphs natively in RAM
[3/3] Running Algorithm 3 (Behavior Abstraction & Serialization)
     [+] Wrote enriched_session_63391_Data_Exfiltration.graphml (Nodes: 4, Edges: 3)
     [+] Wrote enriched_session_63393_Data_Exfiltration.graphml (Nodes: 9, Edges: 9)
     [+] Wrote enriched_session_63395_Data_Exfiltration.graphml (Nodes: 4, Edges: 3)
     [+] Wrote enriched_session_63394_Sabotage.graphml (Nodes: 3, Edges: 2)
     [+] Wrote enriched_session_63436_Normal.graphml (Nodes: 13, Edges: 17)
     [+] Wrote enriched_session_63443_Normal.graphml (Nodes: 13, Edges: 17)
     [+] Wrote enriched_session_63407_Normal.graphml (Nodes: 13, Edges: 17)
     [+] Wrote enriched_session_63406_Normal.graphml (Nodes: 13, Edges: 17)
     [+] Wrote enriched_session_63404_Normal.graphml (Nodes: 13, Edges: 17)
     [+] Wrote enriched_session_63440_Normal.graphml (Nodes: 13, Edges: 17)
     [+] Wrote enriched_session_63423_Normal.graphml (Nodes: 13, Edges: 17)
     [+] Wrote enriched_session_63434_Normal.graphml (Nodes: 13, Edges: 17)
     [+] Wrote enriched_session_63403_Normal.graphml (Nodes: 13, Edges: 17)
     [+] Wrote enriched_session_63452_Normal.graphml (Nodes: 13, Edges: 17)
     [+] Wrote enriched_session_63414_Normal.graphml (Nodes: 13, Edges: 17)
     [+] Wrote enriched_session_63444_Normal.graphml (Nodes: 13, Edges: 17)
     [+] Wrote enriched_session_63426_Normal.graphml (Nodes: 13, Edges: 17)
     [+] Wrote enriched_session_63428_Normal.graphml (Nodes: 13, Edges: 17)
     [+] Wrote enriched_session_63427_Normal.graphml (Nodes: 13, Edges: 17)
     [+] Wrote enriched_session_63432_Normal.graphml (Nodes: 13, Edges: 17)
     [+] Wrote enriched_session_63459_Normal.graphml (Nodes: 13, Edges: 17)
     [+] Wrote enriched_session_63464_Normal.graphml (Nodes: 13, Edges: 17)
     [+] Wrote enriched_session_63433_Normal.graphml (Nodes: 13, Edges: 17)
     [+] Wrote enriched_session_63462_Normal.graphml (Nodes: 13, Edges: 17)
     [+] Wrote enriched_session_63411_Normal.graphml (Nodes: 13, Edges: 17)
     [+] Wrote enriched_session_63449_Normal.graphml (Nodes: 13, Edges: 17)
     [+] Wrote enriched_session_63448_Normal.graphml (Nodes: 13, Edges: 17)
     [+] Wrote enriched_session_63417_Normal.graphml (Nodes: 13, Edges: 17)
     [+] Wrote enriched_session_63424_Normal.graphml (Nodes: 13, Edges: 17)
     [+] Wrote enriched_session_63453_Normal.graphml (Nodes: 13, Edges: 17)
     [+] Wrote enriched_session_63439_Normal.graphml (Nodes: 13, Edges: 17)
     [+] Wrote enriched_session_63445_Normal.graphml (Nodes: 13, Edges: 17)
     [+] Wrote enriched_session_63463_Normal.graphml (Nodes: 13, Edges: 17)
     [+] Wrote enriched_session_63456_Normal.graphml (Nodes: 13, Edges: 17)
     [+] Wrote enriched_session_63422_Normal.graphml (Nodes: 13, Edges: 17)
     [+] Wrote enriched_session_63402_Normal.graphml (Nodes: 13, Edges: 17)
     [+] Wrote enriched_session_63454_Normal.graphml (Nodes: 13, Edges: 17)
     [+] Wrote enriched_session_63441_Normal.graphml (Nodes: 13, Edges: 17)
     [+] Wrote enriched_session_63431_Normal.graphml (Nodes: 13, Edges: 17)
     [+] Wrote enriched_session_63438_Normal.graphml (Nodes: 13, Edges: 17)
     [+] Wrote enriched_session_63447_Normal.graphml (Nodes: 13, Edges: 17)
     [+] Wrote enriched_session_63409_Normal.graphml (Nodes: 13, Edges: 17)
     [+] Wrote enriched_session_63457_Normal.graphml (Nodes: 13, Edges: 17)
     [+] Wrote enriched_session_63421_Normal.graphml (Nodes: 13, Edges: 17)
     [+] Wrote enriched_session_63446_Normal.graphml (Nodes: 13, Edges: 17)
     [+] Wrote enriched_session_63451_Normal.graphml (Nodes: 13, Edges: 17)
     [+] Wrote enriched_session_63455_Normal.graphml (Nodes: 13, Edges: 17)
     [+] Wrote enriched_session_63437_Normal.graphml (Nodes: 13, Edges: 17)
     [+] Wrote enriched_session_63435_Normal.graphml (Nodes: 13, Edges: 17)
     [+] Wrote enriched_session_63442_Normal.graphml (Nodes: 13, Edges: 17)
     [+] Wrote enriched_session_63458_Normal.graphml (Nodes: 13, Edges: 17)
     [+] Wrote enriched_session_63450_Normal.graphml (Nodes: 13, Edges: 17)
     [+] Wrote enriched_session_63460_Normal.graphml (Nodes: 13, Edges: 17)
     [+] Wrote enriched_session_63461_Normal.graphml (Nodes: 13, Edges: 17)
     [+] Wrote enriched_session_63466_Data_Exfiltration.graphml (Nodes: 4, Edges: 3)
     [+] Wrote enriched_session_63465_Data_Exfiltration.graphml (Nodes: 4, Edges: 3)
     [+] Wrote enriched_session_63475_Data_Exfiltration.graphml (Nodes: 4, Edges: 3)
     [+] Wrote enriched_session_63476_Data_Exfiltration.graphml (Nodes: 4, Edges: 4)
     [+] Wrote enriched_session_63479_Data_Exfiltration.graphml (Nodes: 4, Edges: 4)
     [+] Wrote enriched_session_63480_Data_Exfiltration.graphml (Nodes: 4, Edges: 4)
     [+] Wrote enriched_session_63481_Data_Exfiltration.graphml (Nodes: 4, Edges: 3)
     [+] Wrote enriched_session_63490_Data_Exfiltration.graphml (Nodes: 2, Edges: 1)
     [+] Wrote enriched_session_63492_Data_Exfiltration.graphml (Nodes: 3, Edges: 2)
     [+] Wrote enriched_session_63493_Unauthorized_DB_Read.graphml (Nodes: 4, Edges: 4)
     [+] Wrote enriched_session_63496_Unauthorized_DB_Read.graphml (Nodes: 4, Edges: 4)
     [+] Wrote enriched_session_63495_Unauthorized_DB_Read.graphml (Nodes: 4, Edges: 4)
     [+] Wrote enriched_session_63497_Data_Exfiltration.graphml (Nodes: 29, Edges: 27)
     [+] Wrote enriched_session_63510_Data_Exfiltration.graphml (Nodes: 53, Edges: 57)
     [+] Wrote enriched_session_63535_Data_Exfiltration.graphml (Nodes: 12, Edges: 10)
     [+] Wrote enriched_session_63536_Data_Exfiltration.graphml (Nodes: 35, Edges: 38)
     [+] Wrote enriched_session_63552_Data_Exfiltration.graphml (Nodes: 22, Edges: 22)
     [+] Wrote enriched_session_63567_Data_Exfiltration.graphml (Nodes: 22, Edges: 22)
     [+] Wrote enriched_session_63582_Data_Exfiltration.graphml (Nodes: 26, Edges: 30)
     [+] Wrote enriched_session_63599_Data_Exfiltration.graphml (Nodes: 26, Edges: 31)
     [+] Wrote enriched_session_63616_Data_Exfiltration.graphml (Nodes: 26, Edges: 31)
     [+] Wrote enriched_session_63633_Data_Exfiltration.graphml (Nodes: 26, Edges: 31)
     [+] Wrote enriched_session_63650_Data_Exfiltration.graphml (Nodes: 19, Edges: 18)
     [+] Wrote enriched_session_63664_Data_Exfiltration.graphml (Nodes: 19, Edges: 18)
     [+] Wrote enriched_session_63678_Data_Exfiltration.graphml (Nodes: 19, Edges: 18)
     [+] Wrote enriched_session_63692_Data_Exfiltration.graphml (Nodes: 19, Edges: 17)
     [+] Wrote enriched_session_63706_Data_Exfiltration.graphml (Nodes: 22, Edges: 22)
     [+] Wrote enriched_session_63721_Data_Exfiltration.graphml (Nodes: 22, Edges: 22)
     [+] Wrote enriched_session_63736_Data_Exfiltration.graphml (Nodes: 62, Edges: 65)
     [+] Wrote enriched_session_63752_Data_Exfiltration.graphml (Nodes: 36, Edges: 39)
     [+] Wrote enriched_session_63768_Data_Exfiltration.graphml (Nodes: 23, Edges: 23)
     [+] Wrote enriched_session_63783_Data_Exfiltration.graphml (Nodes: 23, Edges: 23)
     [+] Wrote enriched_session_63798_Data_Exfiltration.graphml (Nodes: 61, Edges: 65)
     [+] Wrote enriched_session_63814_Data_Exfiltration.graphml (Nodes: 35, Edges: 39)
     [+] Wrote enriched_session_63830_Data_Exfiltration.graphml (Nodes: 127, Edges: 128)
     [+] Wrote enriched_session_63845_Data_Exfiltration.graphml (Nodes: 62, Edges: 68)
     [+] Wrote enriched_session_63865_Data_Exfiltration.graphml (Nodes: 62, Edges: 68)
     [+] Wrote enriched_session_63884_Normal.graphml (Nodes: 18, Edges: 17)
     [+] Wrote enriched_session_63887_Normal.graphml (Nodes: 13, Edges: 11)
     [+] Wrote enriched_session_63890_Normal.graphml (Nodes: 59, Edges: 59)
     [+] Wrote enriched_session_63898_Normal.graphml (Nodes: 72, Edges: 73)
     [+] Wrote enriched_session_63930_OS_Privilege_Escalation.graphml (Nodes: 21, Edges: 21)
     [+] Wrote enriched_session_63945_OS_Privilege_Escalation.graphml (Nodes: 21, Edges: 21)
     [+] Wrote enriched_session_63960_OS_Privilege_Escalation.graphml (Nodes: 20, Edges: 21)
     [+] Wrote enriched_session_63988_OS_Privilege_Escalation.graphml (Nodes: 29, Edges: 36)
     [+] Wrote enriched_session_64018_OS_Privilege_Escalation.graphml (Nodes: 61, Edges: 66)
     [+] Wrote enriched_session_64034_OS_Privilege_Escalation.graphml (Nodes: 13, Edges: 11)
     [+] Wrote enriched_session_64036_OS_Privilege_Escalation.graphml (Nodes: 13, Edges: 11)
     [+] Wrote enriched_session_64038_OS_Privilege_Escalation.graphml (Nodes: 18, Edges: 17)
     [+] Wrote enriched_session_64051_SQL_Injection.graphml (Nodes: 25, Edges: 25)
     [+] Wrote enriched_session_64067_SQL_Injection.graphml (Nodes: 18, Edges: 16)
     [+] Wrote enriched_session_64080_SQL_Injection.graphml (Nodes: 13, Edges: 11)
     [+] Wrote enriched_session_64093_SQL_Injection.graphml (Nodes: 13, Edges: 11)

==================================================
Starting End-to-End Pipeline for: dataset_dev_run_22
==================================================
[1/3] Running Algorithm 1 (SAC)
  wrote dataset_dev_run_22_event_table.json  (2383 events, 26989 read total)
  wrote dataset_dev_run_22_session_correlation.csv  (2383 correlated pairs)
[2/3] Running Algorithm 2 (Graph Construction)
     => Generated 107 base session graphs natively in RAM
[3/3] Running Algorithm 3 (Behavior Abstraction & Serialization)
     [+] Wrote enriched_session_64429_Data_Exfiltration.graphml (Nodes: 4, Edges: 3)
     [+] Wrote enriched_session_64433_Normal.graphml (Nodes: 4, Edges: 3)
     [+] Wrote enriched_session_64437_Normal.graphml (Nodes: 9, Edges: 9)
     [+] Wrote enriched_session_64448_Sabotage.graphml (Nodes: 3, Edges: 2)
     [+] Wrote enriched_session_64446_Normal.graphml (Nodes: 13, Edges: 17)
     [+] Wrote enriched_session_64444_Normal.graphml (Nodes: 13, Edges: 17)
     [+] Wrote enriched_session_64480_Normal.graphml (Nodes: 13, Edges: 17)
     [+] Wrote enriched_session_64489_Normal.graphml (Nodes: 13, Edges: 17)
     [+] Wrote enriched_session_64459_Normal.graphml (Nodes: 13, Edges: 17)
     [+] Wrote enriched_session_64449_Normal.graphml (Nodes: 13, Edges: 17)
     [+] Wrote enriched_session_64447_Normal.graphml (Nodes: 13, Edges: 17)
     [+] Wrote enriched_session_64484_Normal.graphml (Nodes: 13, Edges: 17)
     [+] Wrote enriched_session_64474_Normal.graphml (Nodes: 13, Edges: 17)
     [+] Wrote enriched_session_64453_Normal.graphml (Nodes: 13, Edges: 17)
     [+] Wrote enriched_session_64495_Normal.graphml (Nodes: 13, Edges: 17)
     [+] Wrote enriched_session_64452_Normal.graphml (Nodes: 13, Edges: 17)
     [+] Wrote enriched_session_64463_Normal.graphml (Nodes: 13, Edges: 17)
     [+] Wrote enriched_session_64457_Normal.graphml (Nodes: 13, Edges: 17)
     [+] Wrote enriched_session_64445_Normal.graphml (Nodes: 13, Edges: 17)
     [+] Wrote enriched_session_64456_Normal.graphml (Nodes: 13, Edges: 17)
     [+] Wrote enriched_session_64481_Normal.graphml (Nodes: 13, Edges: 17)
     [+] Wrote enriched_session_64462_Normal.graphml (Nodes: 13, Edges: 17)
     [+] Wrote enriched_session_64472_Normal.graphml (Nodes: 13, Edges: 17)
     [+] Wrote enriched_session_64485_Normal.graphml (Nodes: 13, Edges: 17)
     [+] Wrote enriched_session_64460_Normal.graphml (Nodes: 13, Edges: 17)
     [+] Wrote enriched_session_64470_Normal.graphml (Nodes: 13, Edges: 17)
     [+] Wrote enriched_session_64499_Normal.graphml (Nodes: 13, Edges: 17)
     [+] Wrote enriched_session_64454_Normal.graphml (Nodes: 13, Edges: 17)
     [+] Wrote enriched_session_64492_Normal.graphml (Nodes: 13, Edges: 17)
     [+] Wrote enriched_session_64491_Normal.graphml (Nodes: 13, Edges: 17)
     [+] Wrote enriched_session_64473_Normal.graphml (Nodes: 13, Edges: 17)
     [+] Wrote enriched_session_64471_Normal.graphml (Nodes: 13, Edges: 17)
     [+] Wrote enriched_session_64497_Normal.graphml (Nodes: 13, Edges: 17)
     [+] Wrote enriched_session_64465_Normal.graphml (Nodes: 13, Edges: 17)
     [+] Wrote enriched_session_64483_Normal.graphml (Nodes: 13, Edges: 17)
     [+] Wrote enriched_session_64488_Normal.graphml (Nodes: 13, Edges: 17)
     [+] Wrote enriched_session_64493_Normal.graphml (Nodes: 13, Edges: 17)
     [+] Wrote enriched_session_64490_Normal.graphml (Nodes: 13, Edges: 17)
     [+] Wrote enriched_session_64487_Normal.graphml (Nodes: 13, Edges: 17)
     [+] Wrote enriched_session_64455_Normal.graphml (Nodes: 13, Edges: 17)
     [+] Wrote enriched_session_64450_Normal.graphml (Nodes: 13, Edges: 17)
     [+] Wrote enriched_session_64496_Normal.graphml (Nodes: 13, Edges: 17)
     [+] Wrote enriched_session_64500_Normal.graphml (Nodes: 13, Edges: 17)
     [+] Wrote enriched_session_64458_Normal.graphml (Nodes: 13, Edges: 17)
     [+] Wrote enriched_session_64466_Normal.graphml (Nodes: 13, Edges: 17)
     [+] Wrote enriched_session_64476_Normal.graphml (Nodes: 13, Edges: 17)
     [+] Wrote enriched_session_64451_Normal.graphml (Nodes: 13, Edges: 17)
     [+] Wrote enriched_session_64501_Normal.graphml (Nodes: 13, Edges: 17)
     [+] Wrote enriched_session_64502_Normal.graphml (Nodes: 13, Edges: 17)
     [+] Wrote enriched_session_64498_Normal.graphml (Nodes: 13, Edges: 17)
     [+] Wrote enriched_session_64478_Normal.graphml (Nodes: 13, Edges: 17)
     [+] Wrote enriched_session_64486_Normal.graphml (Nodes: 13, Edges: 17)
     [+] Wrote enriched_session_64494_Normal.graphml (Nodes: 13, Edges: 17)
     [+] Wrote enriched_session_64482_Normal.graphml (Nodes: 13, Edges: 17)
     [+] Wrote enriched_session_64504_Normal.graphml (Nodes: 4, Edges: 3)
     [+] Wrote enriched_session_64505_Normal.graphml (Nodes: 4, Edges: 3)
     [+] Wrote enriched_session_64513_Normal.graphml (Nodes: 4, Edges: 3)
     [+] Wrote enriched_session_64515_Normal.graphml (Nodes: 4, Edges: 3)
     [+] Wrote enriched_session_64518_Normal.graphml (Nodes: 4, Edges: 4)
     [+] Wrote enriched_session_64519_Normal.graphml (Nodes: 2, Edges: 1)
     [+] Wrote enriched_session_64521_Normal.graphml (Nodes: 4, Edges: 4)
     [+] Wrote enriched_session_64520_Normal.graphml (Nodes: 4, Edges: 4)
     [+] Wrote enriched_session_64523_Normal.graphml (Nodes: 3, Edges: 2)
     [+] Wrote enriched_session_64532_Normal.graphml (Nodes: 25, Edges: 23)
     [+] Wrote enriched_session_64533_Unauthorized_DB_Read.graphml (Nodes: 10, Edges: 9)
     [+] Wrote enriched_session_64536_Unauthorized_DB_Read.graphml (Nodes: 19, Edges: 18)
     [+] Wrote enriched_session_64537_Unauthorized_DB_Read.graphml (Nodes: 19, Edges: 18)
     [+] Wrote enriched_session_64538_Data_Exfiltration.graphml (Nodes: 12, Edges: 10)
     [+] Wrote enriched_session_64551_Data_Exfiltration.graphml (Nodes: 61, Edges: 65)
     [+] Wrote enriched_session_64567_Data_Exfiltration.graphml (Nodes: 35, Edges: 39)
     [+] Wrote enriched_session_64583_Data_Exfiltration.graphml (Nodes: 22, Edges: 23)
     [+] Wrote enriched_session_64598_Data_Exfiltration.graphml (Nodes: 22, Edges: 23)
     [+] Wrote enriched_session_64613_Data_Exfiltration.graphml (Nodes: 26, Edges: 30)
     [+] Wrote enriched_session_64630_Data_Exfiltration.graphml (Nodes: 26, Edges: 30)
     [+] Wrote enriched_session_64647_Data_Exfiltration.graphml (Nodes: 26, Edges: 30)
     [+] Wrote enriched_session_64664_Data_Exfiltration.graphml (Nodes: 26, Edges: 30)
     [+] Wrote enriched_session_64681_Data_Exfiltration.graphml (Nodes: 19, Edges: 17)
     [+] Wrote enriched_session_64695_Data_Exfiltration.graphml (Nodes: 19, Edges: 17)
     [+] Wrote enriched_session_64709_Data_Exfiltration.graphml (Nodes: 19, Edges: 17)
     [+] Wrote enriched_session_64723_Data_Exfiltration.graphml (Nodes: 19, Edges: 18)
     [+] Wrote enriched_session_64737_Data_Exfiltration.graphml (Nodes: 22, Edges: 23)
     [+] Wrote enriched_session_64752_Data_Exfiltration.graphml (Nodes: 22, Edges: 23)
     [+] Wrote enriched_session_64767_Data_Exfiltration.graphml (Nodes: 62, Edges: 66)
     [+] Wrote enriched_session_64783_Data_Exfiltration.graphml (Nodes: 36, Edges: 40)
     [+] Wrote enriched_session_64799_Data_Exfiltration.graphml (Nodes: 23, Edges: 24)
     [+] Wrote enriched_session_64814_Data_Exfiltration.graphml (Nodes: 23, Edges: 23)
     [+] Wrote enriched_session_64829_Data_Exfiltration.graphml (Nodes: 61, Edges: 64)
     [+] Wrote enriched_session_64845_Data_Exfiltration.graphml (Nodes: 35, Edges: 38)
     [+] Wrote enriched_session_64861_Data_Exfiltration.graphml (Nodes: 127, Edges: 127)
     [+] Wrote enriched_session_64876_Data_Exfiltration.graphml (Nodes: 62, Edges: 67)
     [+] Wrote enriched_session_64893_Data_Exfiltration.graphml (Nodes: 62, Edges: 68)
     [+] Wrote enriched_session_64907_Normal.graphml (Nodes: 24, Edges: 23)
     [+] Wrote enriched_session_64910_Normal.graphml (Nodes: 13, Edges: 11)
     [+] Wrote enriched_session_64913_Normal.graphml (Nodes: 59, Edges: 60)
     [+] Wrote enriched_session_64921_Normal.graphml (Nodes: 72, Edges: 74)
     [+] Wrote enriched_session_64953_Attack.graphml (Nodes: 21, Edges: 21)
     [+] Wrote enriched_session_64968_Attack.graphml (Nodes: 21, Edges: 21)
     [+] Wrote enriched_session_64983_Attack.graphml (Nodes: 20, Edges: 20)
     [+] Wrote enriched_session_65011_Attack.graphml (Nodes: 29, Edges: 35)
     [+] Wrote enriched_session_65041_Attack.graphml (Nodes: 61, Edges: 65)
     [+] Wrote enriched_session_65057_Attack.graphml (Nodes: 13, Edges: 11)
     [+] Wrote enriched_session_65059_Attack.graphml (Nodes: 13, Edges: 11)
     [+] Wrote enriched_session_65061_Attack.graphml (Nodes: 18, Edges: 17)
     [+] Wrote enriched_session_65074_Attack.graphml (Nodes: 24, Edges: 25)
     [+] Wrote enriched_session_65090_Attack.graphml (Nodes: 18, Edges: 16)
     [+] Wrote enriched_session_65103_Attack.graphml (Nodes: 13, Edges: 11)
     [+] Wrote enriched_session_65116_Attack.graphml (Nodes: 13, Edges: 11)

==================================================
Starting End-to-End Pipeline for: dataset_dev_run_23
==================================================
[1/3] Running Algorithm 1 (SAC)
  wrote dataset_dev_run_23_event_table.json  (2297 events, 28391 read total)
  wrote dataset_dev_run_23_session_correlation.csv  (2297 correlated pairs)
[2/3] Running Algorithm 2 (Graph Construction)
     => Generated 107 base session graphs natively in RAM
[3/3] Running Algorithm 3 (Behavior Abstraction & Serialization)
     [+] Wrote enriched_session_65534_Data_Exfiltration.graphml (Nodes: 23, Edges: 21)
     [+] Wrote enriched_session_65429_Data_Exfiltration.graphml (Nodes: 4, Edges: 3)
     [+] Wrote enriched_session_65428_Data_Exfiltration.graphml (Nodes: 4, Edges: 3)
     [+] Wrote enriched_session_65434_Data_Exfiltration.graphml (Nodes: 9, Edges: 9)
     [+] Wrote enriched_session_65451_Sabotage.graphml (Nodes: 3, Edges: 2)
     [+] Wrote enriched_session_65463_Normal.graphml (Nodes: 13, Edges: 17)
     [+] Wrote enriched_session_65490_Normal.graphml (Nodes: 13, Edges: 17)
     [+] Wrote enriched_session_65481_Normal.graphml (Nodes: 13, Edges: 17)
     [+] Wrote enriched_session_65447_Normal.graphml (Nodes: 13, Edges: 17)
     [+] Wrote enriched_session_65448_Normal.graphml (Nodes: 13, Edges: 17)
     [+] Wrote enriched_session_65487_Normal.graphml (Nodes: 13, Edges: 17)
     [+] Wrote enriched_session_65482_Normal.graphml (Nodes: 13, Edges: 17)
     [+] Wrote enriched_session_65450_Normal.graphml (Nodes: 13, Edges: 17)
     [+] Wrote enriched_session_65462_Normal.graphml (Nodes: 13, Edges: 17)
     [+] Wrote enriched_session_65452_Normal.graphml (Nodes: 13, Edges: 17)
     [+] Wrote enriched_session_65489_Normal.graphml (Nodes: 13, Edges: 17)
     [+] Wrote enriched_session_65499_Normal.graphml (Nodes: 13, Edges: 17)
     [+] Wrote enriched_session_65493_Normal.graphml (Nodes: 13, Edges: 17)
     [+] Wrote enriched_session_65443_Normal.graphml (Nodes: 13, Edges: 17)
     [+] Wrote enriched_session_65496_Normal.graphml (Nodes: 13, Edges: 17)
     [+] Wrote enriched_session_65459_Normal.graphml (Nodes: 13, Edges: 17)
     [+] Wrote enriched_session_65494_Normal.graphml (Nodes: 13, Edges: 17)
     [+] Wrote enriched_session_65464_Normal.graphml (Nodes: 13, Edges: 17)
     [+] Wrote enriched_session_65483_Normal.graphml (Nodes: 13, Edges: 17)
     [+] Wrote enriched_session_65476_Normal.graphml (Nodes: 13, Edges: 17)
     [+] Wrote enriched_session_65468_Normal.graphml (Nodes: 13, Edges: 17)
     [+] Wrote enriched_session_65454_Normal.graphml (Nodes: 13, Edges: 17)
     [+] Wrote enriched_session_65473_Normal.graphml (Nodes: 13, Edges: 17)
     [+] Wrote enriched_session_65455_Normal.graphml (Nodes: 13, Edges: 17)
     [+] Wrote enriched_session_65485_Normal.graphml (Nodes: 13, Edges: 17)
     [+] Wrote enriched_session_65445_Normal.graphml (Nodes: 13, Edges: 17)
     [+] Wrote enriched_session_65498_Normal.graphml (Nodes: 13, Edges: 17)
     [+] Wrote enriched_session_65501_Normal.graphml (Nodes: 13, Edges: 17)
     [+] Wrote enriched_session_65458_Normal.graphml (Nodes: 13, Edges: 17)
     [+] Wrote enriched_session_65486_Normal.graphml (Nodes: 13, Edges: 17)
     [+] Wrote enriched_session_65478_Normal.graphml (Nodes: 13, Edges: 17)
     [+] Wrote enriched_session_65491_Normal.graphml (Nodes: 13, Edges: 17)
     [+] Wrote enriched_session_65495_Normal.graphml (Nodes: 13, Edges: 17)
     [+] Wrote enriched_session_65446_Normal.graphml (Nodes: 13, Edges: 17)
     [+] Wrote enriched_session_65500_Normal.graphml (Nodes: 13, Edges: 17)
     [+] Wrote enriched_session_65456_Normal.graphml (Nodes: 13, Edges: 17)
     [+] Wrote enriched_session_65460_Normal.graphml (Nodes: 13, Edges: 17)
     [+] Wrote enriched_session_65469_Normal.graphml (Nodes: 13, Edges: 17)
     [+] Wrote enriched_session_65444_Normal.graphml (Nodes: 13, Edges: 17)
     [+] Wrote enriched_session_65471_Normal.graphml (Nodes: 13, Edges: 17)
     [+] Wrote enriched_session_65479_Normal.graphml (Nodes: 13, Edges: 17)
     [+] Wrote enriched_session_65477_Normal.graphml (Nodes: 13, Edges: 17)
     [+] Wrote enriched_session_65449_Normal.graphml (Nodes: 13, Edges: 17)
     [+] Wrote enriched_session_65453_Normal.graphml (Nodes: 13, Edges: 17)
     [+] Wrote enriched_session_65480_Normal.graphml (Nodes: 13, Edges: 17)
     [+] Wrote enriched_session_65484_Normal.graphml (Nodes: 13, Edges: 17)
     [+] Wrote enriched_session_65488_Normal.graphml (Nodes: 13, Edges: 17)
     [+] Wrote enriched_session_65475_Normal.graphml (Nodes: 13, Edges: 17)
     [+] Wrote enriched_session_65497_Normal.graphml (Nodes: 13, Edges: 17)
     [+] Wrote enriched_session_65492_Normal.graphml (Nodes: 13, Edges: 17)
     [+] Wrote enriched_session_65502_Data_Exfiltration.graphml (Nodes: 4, Edges: 3)
     [+] Wrote enriched_session_65503_Data_Exfiltration.graphml (Nodes: 4, Edges: 3)
     [+] Wrote enriched_session_65512_Data_Exfiltration.graphml (Nodes: 4, Edges: 3)
     [+] Wrote enriched_session_65513_Data_Exfiltration.graphml (Nodes: 4, Edges: 4)
     [+] Wrote enriched_session_65515_Data_Exfiltration.graphml (Nodes: 4, Edges: 4)
     [+] Wrote enriched_session_65516_Data_Exfiltration.graphml (Nodes: 4, Edges: 4)
     [+] Wrote enriched_session_65517_Data_Exfiltration.graphml (Nodes: 4, Edges: 3)
     [+] Wrote enriched_session_65520_Data_Exfiltration.graphml (Nodes: 2, Edges: 1)
     [+] Wrote enriched_session_65529_Data_Exfiltration.graphml (Nodes: 3, Edges: 2)
     [+] Wrote enriched_session_65530_Unauthorized_DB_Read.graphml (Nodes: 4, Edges: 4)
     [+] Wrote enriched_session_65533_Unauthorized_DB_Read.graphml (Nodes: 4, Edges: 4)
     [+] Wrote enriched_session_65532_Unauthorized_DB_Read.graphml (Nodes: 4, Edges: 4)
     [+] Wrote enriched_session_65547_Data_Exfiltration.graphml (Nodes: 53, Edges: 57)
     [+] Wrote enriched_session_65565_Data_Exfiltration.graphml (Nodes: 12, Edges: 10)
     [+] Wrote enriched_session_65566_Data_Exfiltration.graphml (Nodes: 35, Edges: 38)
     [+] Wrote enriched_session_65582_Data_Exfiltration.graphml (Nodes: 22, Edges: 22)
     [+] Wrote enriched_session_65597_Data_Exfiltration.graphml (Nodes: 22, Edges: 22)
     [+] Wrote enriched_session_65612_Data_Exfiltration.graphml (Nodes: 26, Edges: 30)
     [+] Wrote enriched_session_65629_Data_Exfiltration.graphml (Nodes: 26, Edges: 30)
     [+] Wrote enriched_session_65646_Data_Exfiltration.graphml (Nodes: 26, Edges: 30)
     [+] Wrote enriched_session_65663_Data_Exfiltration.graphml (Nodes: 26, Edges: 31)
     [+] Wrote enriched_session_65680_Data_Exfiltration.graphml (Nodes: 19, Edges: 17)
     [+] Wrote enriched_session_65694_Data_Exfiltration.graphml (Nodes: 19, Edges: 17)
     [+] Wrote enriched_session_65708_Data_Exfiltration.graphml (Nodes: 19, Edges: 17)
     [+] Wrote enriched_session_65722_Data_Exfiltration.graphml (Nodes: 19, Edges: 17)
     [+] Wrote enriched_session_65736_Data_Exfiltration.graphml (Nodes: 22, Edges: 22)
     [+] Wrote enriched_session_65751_Data_Exfiltration.graphml (Nodes: 22, Edges: 22)
     [+] Wrote enriched_session_65766_Data_Exfiltration.graphml (Nodes: 62, Edges: 65)
     [+] Wrote enriched_session_65782_Data_Exfiltration.graphml (Nodes: 36, Edges: 39)
     [+] Wrote enriched_session_65798_Data_Exfiltration.graphml (Nodes: 23, Edges: 23)
     [+] Wrote enriched_session_65813_Data_Exfiltration.graphml (Nodes: 23, Edges: 23)
     [+] Wrote enriched_session_65828_Data_Exfiltration.graphml (Nodes: 61, Edges: 64)
     [+] Wrote enriched_session_65844_Data_Exfiltration.graphml (Nodes: 35, Edges: 38)
     [+] Wrote enriched_session_65860_Data_Exfiltration.graphml (Nodes: 127, Edges: 128)
     [+] Wrote enriched_session_65875_Data_Exfiltration.graphml (Nodes: 62, Edges: 67)
     [+] Wrote enriched_session_65892_Data_Exfiltration.graphml (Nodes: 62, Edges: 67)
     [+] Wrote enriched_session_65906_Normal.graphml (Nodes: 18, Edges: 17)
     [+] Wrote enriched_session_65909_Normal.graphml (Nodes: 13, Edges: 11)
     [+] Wrote enriched_session_65913_Normal.graphml (Nodes: 59, Edges: 59)
     [+] Wrote enriched_session_65921_Normal.graphml (Nodes: 72, Edges: 73)
     [+] Wrote enriched_session_65953_OS_Privilege_Escalation.graphml (Nodes: 21, Edges: 21)
     [+] Wrote enriched_session_65968_OS_Privilege_Escalation.graphml (Nodes: 21, Edges: 21)
     [+] Wrote enriched_session_65983_OS_Privilege_Escalation.graphml (Nodes: 20, Edges: 20)
     [+] Wrote enriched_session_66011_Attack.graphml (Nodes: 29, Edges: 35)
     [+] Wrote enriched_session_66041_Attack.graphml (Nodes: 61, Edges: 65)
     [+] Wrote enriched_session_66057_Attack.graphml (Nodes: 13, Edges: 11)
     [+] Wrote enriched_session_66059_Attack.graphml (Nodes: 13, Edges: 11)
     [+] Wrote enriched_session_66061_Attack.graphml (Nodes: 18, Edges: 17)
     [+] Wrote enriched_session_66074_Attack.graphml (Nodes: 22, Edges: 22)
     [+] Wrote enriched_session_66092_Attack.graphml (Nodes: 18, Edges: 16)
     [+] Wrote enriched_session_66105_Attack.graphml (Nodes: 13, Edges: 11)
     [+] Wrote enriched_session_66118_Attack.graphml (Nodes: 13, Edges: 11)

==================================================
Starting End-to-End Pipeline for: dataset_dev_run_24
==================================================
[1/3] Running Algorithm 1 (SAC)
  wrote dataset_dev_run_24_event_table.json  (2299 events, 29152 read total)
  wrote dataset_dev_run_24_session_correlation.csv  (2299 correlated pairs)
[2/3] Running Algorithm 2 (Graph Construction)
     => Generated 107 base session graphs natively in RAM
[3/3] Running Algorithm 3 (Behavior Abstraction & Serialization)
     [+] Wrote enriched_session_66442_Normal.graphml (Nodes: 4, Edges: 3)
     [+] Wrote enriched_session_66444_Normal.graphml (Nodes: 9, Edges: 9)
     [+] Wrote enriched_session_66445_Sabotage.graphml (Nodes: 3, Edges: 2)
     [+] Wrote enriched_session_66446_Data_Exfiltration.graphml (Nodes: 4, Edges: 3)
     [+] Wrote enriched_session_66480_Normal.graphml (Nodes: 13, Edges: 17)
     [+] Wrote enriched_session_66454_Normal.graphml (Nodes: 13, Edges: 17)
     [+] Wrote enriched_session_66470_Normal.graphml (Nodes: 13, Edges: 17)
     [+] Wrote enriched_session_66455_Normal.graphml (Nodes: 13, Edges: 17)
     [+] Wrote enriched_session_66464_Normal.graphml (Nodes: 13, Edges: 17)
     [+] Wrote enriched_session_66452_Normal.graphml (Nodes: 13, Edges: 17)
     [+] Wrote enriched_session_66499_Normal.graphml (Nodes: 13, Edges: 17)
     [+] Wrote enriched_session_66475_Normal.graphml (Nodes: 13, Edges: 17)
     [+] Wrote enriched_session_66471_Normal.graphml (Nodes: 13, Edges: 17)
     [+] Wrote enriched_session_66504_Normal.graphml (Nodes: 13, Edges: 17)
     [+] Wrote enriched_session_66512_Normal.graphml (Nodes: 13, Edges: 17)
     [+] Wrote enriched_session_66469_Normal.graphml (Nodes: 13, Edges: 17)
     [+] Wrote enriched_session_66487_Normal.graphml (Nodes: 13, Edges: 17)
     [+] Wrote enriched_session_66511_Normal.graphml (Nodes: 13, Edges: 17)
     [+] Wrote enriched_session_66486_Normal.graphml (Nodes: 13, Edges: 17)
     [+] Wrote enriched_session_66502_Normal.graphml (Nodes: 13, Edges: 17)
     [+] Wrote enriched_session_66473_Normal.graphml (Nodes: 13, Edges: 17)
     [+] Wrote enriched_session_66478_Normal.graphml (Nodes: 13, Edges: 17)
     [+] Wrote enriched_session_66495_Normal.graphml (Nodes: 13, Edges: 17)
     [+] Wrote enriched_session_66494_Normal.graphml (Nodes: 13, Edges: 17)
     [+] Wrote enriched_session_66507_Normal.graphml (Nodes: 13, Edges: 17)
     [+] Wrote enriched_session_66500_Normal.graphml (Nodes: 13, Edges: 17)
     [+] Wrote enriched_session_66498_Normal.graphml (Nodes: 13, Edges: 17)
     [+] Wrote enriched_session_66476_Normal.graphml (Nodes: 13, Edges: 17)
     [+] Wrote enriched_session_66465_Normal.graphml (Nodes: 13, Edges: 17)
     [+] Wrote enriched_session_66515_Normal.graphml (Nodes: 13, Edges: 17)
     [+] Wrote enriched_session_66496_Normal.graphml (Nodes: 13, Edges: 17)
     [+] Wrote enriched_session_66489_Normal.graphml (Nodes: 13, Edges: 17)
     [+] Wrote enriched_session_66513_Normal.graphml (Nodes: 13, Edges: 17)
     [+] Wrote enriched_session_66506_Normal.graphml (Nodes: 13, Edges: 17)
     [+] Wrote enriched_session_66460_Normal.graphml (Nodes: 13, Edges: 17)
     [+] Wrote enriched_session_66508_Normal.graphml (Nodes: 13, Edges: 17)
     [+] Wrote enriched_session_66509_Normal.graphml (Nodes: 13, Edges: 17)
     [+] Wrote enriched_session_66468_Normal.graphml (Nodes: 13, Edges: 17)
     [+] Wrote enriched_session_66481_Normal.graphml (Nodes: 13, Edges: 17)
     [+] Wrote enriched_session_66466_Normal.graphml (Nodes: 13, Edges: 17)
     [+] Wrote enriched_session_66503_Normal.graphml (Nodes: 13, Edges: 17)
     [+] Wrote enriched_session_66451_Normal.graphml (Nodes: 13, Edges: 17)
     [+] Wrote enriched_session_66488_Normal.graphml (Nodes: 13, Edges: 17)
     [+] Wrote enriched_session_66497_Normal.graphml (Nodes: 13, Edges: 17)
     [+] Wrote enriched_session_66467_Normal.graphml (Nodes: 13, Edges: 17)
     [+] Wrote enriched_session_66514_Normal.graphml (Nodes: 13, Edges: 17)
     [+] Wrote enriched_session_66462_Normal.graphml (Nodes: 13, Edges: 17)
     [+] Wrote enriched_session_66505_Normal.graphml (Nodes: 13, Edges: 17)
     [+] Wrote enriched_session_66510_Normal.graphml (Nodes: 13, Edges: 17)
     [+] Wrote enriched_session_66472_Normal.graphml (Nodes: 13, Edges: 17)
     [+] Wrote enriched_session_66482_Normal.graphml (Nodes: 13, Edges: 17)
     [+] Wrote enriched_session_66477_Normal.graphml (Nodes: 13, Edges: 17)
     [+] Wrote enriched_session_66493_Normal.graphml (Nodes: 13, Edges: 17)
     [+] Wrote enriched_session_66501_Normal.graphml (Nodes: 13, Edges: 17)
     [+] Wrote enriched_session_66546_Data_Exfiltration.graphml (Nodes: 25, Edges: 23)
     [+] Wrote enriched_session_66516_Data_Exfiltration.graphml (Nodes: 4, Edges: 3)
     [+] Wrote enriched_session_66517_Data_Exfiltration.graphml (Nodes: 4, Edges: 3)
     [+] Wrote enriched_session_66526_Data_Exfiltration.graphml (Nodes: 4, Edges: 3)
     [+] Wrote enriched_session_66528_Data_Exfiltration.graphml (Nodes: 4, Edges: 4)
     [+] Wrote enriched_session_66529_Data_Exfiltration.graphml (Nodes: 4, Edges: 4)
     [+] Wrote enriched_session_66530_Data_Exfiltration.graphml (Nodes: 4, Edges: 4)
     [+] Wrote enriched_session_66531_Data_Exfiltration.graphml (Nodes: 4, Edges: 3)
     [+] Wrote enriched_session_66534_Data_Exfiltration.graphml (Nodes: 2, Edges: 1)
     [+] Wrote enriched_session_66537_Data_Exfiltration.graphml (Nodes: 3, Edges: 2)
     [+] Wrote enriched_session_66545_Unauthorized_DB_Read.graphml (Nodes: 4, Edges: 4)
     [+] Wrote enriched_session_66547_Unauthorized_DB_Read.graphml (Nodes: 4, Edges: 4)
     [+] Wrote enriched_session_66548_Unauthorized_DB_Read.graphml (Nodes: 4, Edges: 4)
     [+] Wrote enriched_session_66561_Data_Exfiltration.graphml (Nodes: 53, Edges: 57)
     [+] Wrote enriched_session_66579_Data_Exfiltration.graphml (Nodes: 12, Edges: 10)
     [+] Wrote enriched_session_66580_Data_Exfiltration.graphml (Nodes: 35, Edges: 38)
     [+] Wrote enriched_session_66596_Data_Exfiltration.graphml (Nodes: 22, Edges: 22)
     [+] Wrote enriched_session_66611_Data_Exfiltration.graphml (Nodes: 22, Edges: 22)
     [+] Wrote enriched_session_66626_Data_Exfiltration.graphml (Nodes: 26, Edges: 30)
     [+] Wrote enriched_session_66643_Data_Exfiltration.graphml (Nodes: 26, Edges: 30)
     [+] Wrote enriched_session_66660_Data_Exfiltration.graphml (Nodes: 26, Edges: 31)
     [+] Wrote enriched_session_66677_Data_Exfiltration.graphml (Nodes: 26, Edges: 31)
     [+] Wrote enriched_session_66694_Data_Exfiltration.graphml (Nodes: 19, Edges: 18)
     [+] Wrote enriched_session_66708_Data_Exfiltration.graphml (Nodes: 19, Edges: 18)
     [+] Wrote enriched_session_66722_Data_Exfiltration.graphml (Nodes: 19, Edges: 18)
     [+] Wrote enriched_session_66736_Data_Exfiltration.graphml (Nodes: 19, Edges: 18)
     [+] Wrote enriched_session_66750_Data_Exfiltration.graphml (Nodes: 22, Edges: 23)
     [+] Wrote enriched_session_66765_Data_Exfiltration.graphml (Nodes: 22, Edges: 22)
     [+] Wrote enriched_session_66780_Data_Exfiltration.graphml (Nodes: 62, Edges: 65)
     [+] Wrote enriched_session_66796_Data_Exfiltration.graphml (Nodes: 36, Edges: 39)
     [+] Wrote enriched_session_66812_Data_Exfiltration.graphml (Nodes: 23, Edges: 23)
     [+] Wrote enriched_session_66827_Data_Exfiltration.graphml (Nodes: 23, Edges: 23)
     [+] Wrote enriched_session_66842_Data_Exfiltration.graphml (Nodes: 61, Edges: 64)
     [+] Wrote enriched_session_66858_Data_Exfiltration.graphml (Nodes: 35, Edges: 38)
     [+] Wrote enriched_session_66874_Data_Exfiltration.graphml (Nodes: 127, Edges: 128)
     [+] Wrote enriched_session_66889_Data_Exfiltration.graphml (Nodes: 62, Edges: 68)
     [+] Wrote enriched_session_66909_Data_Exfiltration.graphml (Nodes: 62, Edges: 68)
     [+] Wrote enriched_session_66924_Normal.graphml (Nodes: 18, Edges: 17)
     [+] Wrote enriched_session_66927_Normal.graphml (Nodes: 13, Edges: 11)
     [+] Wrote enriched_session_66941_Normal.graphml (Nodes: 59, Edges: 59)
     [+] Wrote enriched_session_66949_Normal.graphml (Nodes: 72, Edges: 73)
     [+] Wrote enriched_session_66981_OS_Privilege_Escalation.graphml (Nodes: 21, Edges: 21)
     [+] Wrote enriched_session_66996_OS_Privilege_Escalation.graphml (Nodes: 21, Edges: 21)
     [+] Wrote enriched_session_67011_OS_Privilege_Escalation.graphml (Nodes: 20, Edges: 20)
     [+] Wrote enriched_session_67039_OS_Privilege_Escalation.graphml (Nodes: 29, Edges: 36)
     [+] Wrote enriched_session_67069_OS_Privilege_Escalation.graphml (Nodes: 61, Edges: 66)
     [+] Wrote enriched_session_67085_OS_Privilege_Escalation.graphml (Nodes: 13, Edges: 11)
     [+] Wrote enriched_session_67087_OS_Privilege_Escalation.graphml (Nodes: 13, Edges: 11)
     [+] Wrote enriched_session_67089_OS_Privilege_Escalation.graphml (Nodes: 18, Edges: 17)
     [+] Wrote enriched_session_67102_OS_Privilege_Escalation.graphml (Nodes: 22, Edges: 23)
     [+] Wrote enriched_session_67118_SQL_Injection.graphml (Nodes: 18, Edges: 16)
     [+] Wrote enriched_session_67131_SQL_Injection.graphml (Nodes: 13, Edges: 11)
     [+] Wrote enriched_session_67144_SQL_Injection.graphml (Nodes: 13, Edges: 11)

==================================================
Starting End-to-End Pipeline for: dataset_dev_run_25
==================================================
[1/3] Running Algorithm 1 (SAC)
  wrote dataset_dev_run_25_event_table.json  (2390 events, 31928 read total)
  wrote dataset_dev_run_25_session_correlation.csv  (2390 correlated pairs)
[2/3] Running Algorithm 2 (Graph Construction)
     => Generated 107 base session graphs natively in RAM
[3/3] Running Algorithm 3 (Behavior Abstraction & Serialization)
     [+] Wrote enriched_session_67462_Normal.graphml (Nodes: 9, Edges: 9)
     [+] Wrote enriched_session_67463_Normal.graphml (Nodes: 4, Edges: 3)
     [+] Wrote enriched_session_67469_Sabotage.graphml (Nodes: 3, Edges: 2)
     [+] Wrote enriched_session_67468_Data_Exfiltration.graphml (Nodes: 4, Edges: 3)
     [+] Wrote enriched_session_67493_Normal.graphml (Nodes: 13, Edges: 17)
     [+] Wrote enriched_session_67475_Normal.graphml (Nodes: 13, Edges: 17)
     [+] Wrote enriched_session_67473_Normal.graphml (Nodes: 13, Edges: 17)
     [+] Wrote enriched_session_67519_Normal.graphml (Nodes: 13, Edges: 17)
     [+] Wrote enriched_session_67474_Normal.graphml (Nodes: 13, Edges: 17)
     [+] Wrote enriched_session_67472_Normal.graphml (Nodes: 13, Edges: 17)
     [+] Wrote enriched_session_67508_Normal.graphml (Nodes: 13, Edges: 17)
     [+] Wrote enriched_session_67518_Normal.graphml (Nodes: 13, Edges: 17)
     [+] Wrote enriched_session_67496_Normal.graphml (Nodes: 13, Edges: 17)
     [+] Wrote enriched_session_67470_Normal.graphml (Nodes: 13, Edges: 17)
     [+] Wrote enriched_session_67480_Normal.graphml (Nodes: 13, Edges: 17)
     [+] Wrote enriched_session_67488_Normal.graphml (Nodes: 13, Edges: 17)
     [+] Wrote enriched_session_67483_Normal.graphml (Nodes: 13, Edges: 17)
     [+] Wrote enriched_session_67522_Normal.graphml (Nodes: 13, Edges: 17)
     [+] Wrote enriched_session_67534_Normal.graphml (Nodes: 13, Edges: 17)
     [+] Wrote enriched_session_67526_Normal.graphml (Nodes: 13, Edges: 17)
     [+] Wrote enriched_session_67524_Normal.graphml (Nodes: 13, Edges: 17)
     [+] Wrote enriched_session_67513_Normal.graphml (Nodes: 13, Edges: 17)
     [+] Wrote enriched_session_67531_Normal.graphml (Nodes: 13, Edges: 17)
     [+] Wrote enriched_session_67497_Normal.graphml (Nodes: 13, Edges: 17)
     [+] Wrote enriched_session_67530_Normal.graphml (Nodes: 13, Edges: 17)
     [+] Wrote enriched_session_67528_Normal.graphml (Nodes: 13, Edges: 17)
     [+] Wrote enriched_session_67485_Normal.graphml (Nodes: 13, Edges: 17)
     [+] Wrote enriched_session_67501_Normal.graphml (Nodes: 13, Edges: 17)
     [+] Wrote enriched_session_67471_Normal.graphml (Nodes: 13, Edges: 17)
     [+] Wrote enriched_session_67498_Normal.graphml (Nodes: 13, Edges: 17)
     [+] Wrote enriched_session_67476_Normal.graphml (Nodes: 13, Edges: 17)
     [+] Wrote enriched_session_67509_Normal.graphml (Nodes: 13, Edges: 17)
     [+] Wrote enriched_session_67487_Normal.graphml (Nodes: 13, Edges: 17)
     [+] Wrote enriched_session_67502_Normal.graphml (Nodes: 13, Edges: 17)
     [+] Wrote enriched_session_67512_Normal.graphml (Nodes: 13, Edges: 17)
     [+] Wrote enriched_session_67532_Normal.graphml (Nodes: 13, Edges: 17)
     [+] Wrote enriched_session_67529_Normal.graphml (Nodes: 13, Edges: 17)
     [+] Wrote enriched_session_67525_Normal.graphml (Nodes: 13, Edges: 17)
     [+] Wrote enriched_session_67479_Normal.graphml (Nodes: 13, Edges: 17)
     [+] Wrote enriched_session_67484_Normal.graphml (Nodes: 13, Edges: 17)
     [+] Wrote enriched_session_67489_Normal.graphml (Nodes: 13, Edges: 17)
     [+] Wrote enriched_session_67482_Normal.graphml (Nodes: 13, Edges: 17)
     [+] Wrote enriched_session_67533_Normal.graphml (Nodes: 13, Edges: 17)
     [+] Wrote enriched_session_67535_Normal.graphml (Nodes: 13, Edges: 17)
     [+] Wrote enriched_session_67495_Normal.graphml (Nodes: 13, Edges: 17)
     [+] Wrote enriched_session_67520_Normal.graphml (Nodes: 13, Edges: 17)
     [+] Wrote enriched_session_67500_Normal.graphml (Nodes: 13, Edges: 17)
     [+] Wrote enriched_session_67517_Normal.graphml (Nodes: 13, Edges: 17)
     [+] Wrote enriched_session_67516_Normal.graphml (Nodes: 13, Edges: 17)
     [+] Wrote enriched_session_67523_Normal.graphml (Nodes: 13, Edges: 17)
     [+] Wrote enriched_session_67521_Normal.graphml (Nodes: 13, Edges: 17)
     [+] Wrote enriched_session_67505_Normal.graphml (Nodes: 13, Edges: 17)
     [+] Wrote enriched_session_67527_Normal.graphml (Nodes: 13, Edges: 17)
     [+] Wrote enriched_session_67510_Normal.graphml (Nodes: 13, Edges: 17)
     [+] Wrote enriched_session_67537_Normal.graphml (Nodes: 4, Edges: 3)
     [+] Wrote enriched_session_67540_Normal.graphml (Nodes: 4, Edges: 3)
     [+] Wrote enriched_session_67546_Normal.graphml (Nodes: 4, Edges: 3)
     [+] Wrote enriched_session_67548_Normal.graphml (Nodes: 4, Edges: 3)
     [+] Wrote enriched_session_67551_Normal.graphml (Nodes: 2, Edges: 1)
     [+] Wrote enriched_session_67552_Normal.graphml (Nodes: 4, Edges: 4)
     [+] Wrote enriched_session_67554_Normal.graphml (Nodes: 4, Edges: 4)
     [+] Wrote enriched_session_67555_Normal.graphml (Nodes: 4, Edges: 4)
     [+] Wrote enriched_session_67556_Normal.graphml (Nodes: 3, Edges: 2)
     [+] Wrote enriched_session_67565_Normal.graphml (Nodes: 29, Edges: 27)
     [+] Wrote enriched_session_67566_Unauthorized_DB_Read.graphml (Nodes: 10, Edges: 9)
     [+] Wrote enriched_session_67571_Unauthorized_DB_Read.graphml (Nodes: 19, Edges: 18)
     [+] Wrote enriched_session_67572_Unauthorized_DB_Read.graphml (Nodes: 19, Edges: 18)
     [+] Wrote enriched_session_67573_Data_Exfiltration.graphml (Nodes: 12, Edges: 10)
     [+] Wrote enriched_session_67586_Data_Exfiltration.graphml (Nodes: 61, Edges: 65)
     [+] Wrote enriched_session_67602_Data_Exfiltration.graphml (Nodes: 35, Edges: 39)
     [+] Wrote enriched_session_67621_Data_Exfiltration.graphml (Nodes: 22, Edges: 23)
     [+] Wrote enriched_session_67636_Data_Exfiltration.graphml (Nodes: 22, Edges: 23)
     [+] Wrote enriched_session_67651_Data_Exfiltration.graphml (Nodes: 26, Edges: 30)
     [+] Wrote enriched_session_67668_Data_Exfiltration.graphml (Nodes: 26, Edges: 30)
     [+] Wrote enriched_session_67685_Data_Exfiltration.graphml (Nodes: 26, Edges: 30)
     [+] Wrote enriched_session_67702_Data_Exfiltration.graphml (Nodes: 26, Edges: 30)
     [+] Wrote enriched_session_67719_Data_Exfiltration.graphml (Nodes: 19, Edges: 17)
     [+] Wrote enriched_session_67733_Data_Exfiltration.graphml (Nodes: 19, Edges: 17)
     [+] Wrote enriched_session_67747_Data_Exfiltration.graphml (Nodes: 19, Edges: 17)
     [+] Wrote enriched_session_67761_Data_Exfiltration.graphml (Nodes: 19, Edges: 18)
     [+] Wrote enriched_session_67775_Data_Exfiltration.graphml (Nodes: 22, Edges: 23)
     [+] Wrote enriched_session_67790_Data_Exfiltration.graphml (Nodes: 22, Edges: 23)
     [+] Wrote enriched_session_67805_Data_Exfiltration.graphml (Nodes: 62, Edges: 66)
     [+] Wrote enriched_session_67821_Data_Exfiltration.graphml (Nodes: 36, Edges: 40)
     [+] Wrote enriched_session_67837_Data_Exfiltration.graphml (Nodes: 23, Edges: 24)
     [+] Wrote enriched_session_67852_Data_Exfiltration.graphml (Nodes: 23, Edges: 23)
     [+] Wrote enriched_session_67867_Data_Exfiltration.graphml (Nodes: 61, Edges: 64)
     [+] Wrote enriched_session_67883_Data_Exfiltration.graphml (Nodes: 35, Edges: 38)
     [+] Wrote enriched_session_67899_Data_Exfiltration.graphml (Nodes: 127, Edges: 127)
     [+] Wrote enriched_session_67914_Data_Exfiltration.graphml (Nodes: 62, Edges: 67)
     [+] Wrote enriched_session_67931_Data_Exfiltration.graphml (Nodes: 62, Edges: 68)
     [+] Wrote enriched_session_67962_Normal.graphml (Nodes: 18, Edges: 17)
     [+] Wrote enriched_session_67965_Normal.graphml (Nodes: 13, Edges: 11)
     [+] Wrote enriched_session_67968_Normal.graphml (Nodes: 59, Edges: 60)
     [+] Wrote enriched_session_67976_Normal.graphml (Nodes: 72, Edges: 74)
     [+] Wrote enriched_session_68008_OS_Privilege_Escalation.graphml (Nodes: 21, Edges: 22)
     [+] Wrote enriched_session_68023_Attack.graphml (Nodes: 21, Edges: 21)
     [+] Wrote enriched_session_68038_Attack.graphml (Nodes: 20, Edges: 20)
     [+] Wrote enriched_session_68066_Attack.graphml (Nodes: 29, Edges: 35)
     [+] Wrote enriched_session_68096_Attack.graphml (Nodes: 61, Edges: 65)
     [+] Wrote enriched_session_68112_Attack.graphml (Nodes: 13, Edges: 11)
     [+] Wrote enriched_session_68114_Attack.graphml (Nodes: 13, Edges: 11)
     [+] Wrote enriched_session_68116_Attack.graphml (Nodes: 18, Edges: 17)
     [+] Wrote enriched_session_68129_Attack.graphml (Nodes: 22, Edges: 23)
     [+] Wrote enriched_session_68145_Attack.graphml (Nodes: 18, Edges: 16)
     [+] Wrote enriched_session_68158_Attack.graphml (Nodes: 13, Edges: 11)
     [+] Wrote enriched_session_68171_Attack.graphml (Nodes: 13, Edges: 11)

==================================================
Starting End-to-End Pipeline for: dataset_dev_run_26
==================================================
[1/3] Running Algorithm 1 (SAC)
  wrote dataset_dev_run_26_event_table.json  (2282 events, 31187 read total)
  wrote dataset_dev_run_26_session_correlation.csv  (2282 correlated pairs)
[2/3] Running Algorithm 2 (Graph Construction)
     => Generated 107 base session graphs natively in RAM
[3/3] Running Algorithm 3 (Behavior Abstraction & Serialization)
     [+] Wrote enriched_session_68483_Data_Exfiltration.graphml (Nodes: 4, Edges: 3)
     [+] Wrote enriched_session_68487_Data_Exfiltration.graphml (Nodes: 9, Edges: 9)
     [+] Wrote enriched_session_68488_Sabotage.graphml (Nodes: 3, Edges: 2)
     [+] Wrote enriched_session_68493_Data_Exfiltration.graphml (Nodes: 4, Edges: 3)
     [+] Wrote enriched_session_68548_Data_Exfiltration.graphml (Nodes: 4, Edges: 3)
     [+] Wrote enriched_session_68554_Data_Exfiltration.graphml (Nodes: 4, Edges: 3)
     [+] Wrote enriched_session_68522_Normal.graphml (Nodes: 13, Edges: 17)
     [+] Wrote enriched_session_68547_Normal.graphml (Nodes: 13, Edges: 17)
     [+] Wrote enriched_session_68497_Normal.graphml (Nodes: 13, Edges: 17)
     [+] Wrote enriched_session_68510_Normal.graphml (Nodes: 13, Edges: 17)
     [+] Wrote enriched_session_68556_Normal.graphml (Nodes: 13, Edges: 17)
     [+] Wrote enriched_session_68546_Normal.graphml (Nodes: 13, Edges: 17)
     [+] Wrote enriched_session_68529_Normal.graphml (Nodes: 13, Edges: 17)
     [+] Wrote enriched_session_68559_Normal.graphml (Nodes: 13, Edges: 17)
     [+] Wrote enriched_session_68542_Normal.graphml (Nodes: 13, Edges: 17)
     [+] Wrote enriched_session_68530_Normal.graphml (Nodes: 13, Edges: 17)
     [+] Wrote enriched_session_68552_Normal.graphml (Nodes: 13, Edges: 17)
     [+] Wrote enriched_session_68517_Normal.graphml (Nodes: 13, Edges: 17)
     [+] Wrote enriched_session_68533_Normal.graphml (Nodes: 13, Edges: 17)
     [+] Wrote enriched_session_68518_Normal.graphml (Nodes: 13, Edges: 17)
     [+] Wrote enriched_session_68540_Normal.graphml (Nodes: 13, Edges: 17)
     [+] Wrote enriched_session_68495_Normal.graphml (Nodes: 13, Edges: 17)
     [+] Wrote enriched_session_68524_Normal.graphml (Nodes: 13, Edges: 17)
     [+] Wrote enriched_session_68534_Normal.graphml (Nodes: 13, Edges: 17)
     [+] Wrote enriched_session_68541_Normal.graphml (Nodes: 13, Edges: 17)
     [+] Wrote enriched_session_68536_Normal.graphml (Nodes: 13, Edges: 17)
     [+] Wrote enriched_session_68516_Normal.graphml (Nodes: 13, Edges: 17)
     [+] Wrote enriched_session_68537_Normal.graphml (Nodes: 13, Edges: 17)
     [+] Wrote enriched_session_68563_Normal.graphml (Nodes: 13, Edges: 17)
     [+] Wrote enriched_session_68564_Normal.graphml (Nodes: 13, Edges: 17)
     [+] Wrote enriched_session_68528_Normal.graphml (Nodes: 13, Edges: 17)
     [+] Wrote enriched_session_68565_Normal.graphml (Nodes: 13, Edges: 17)
     [+] Wrote enriched_session_68508_Normal.graphml (Nodes: 13, Edges: 17)
     [+] Wrote enriched_session_68523_Normal.graphml (Nodes: 13, Edges: 17)
     [+] Wrote enriched_session_68543_Normal.graphml (Nodes: 13, Edges: 17)
     [+] Wrote enriched_session_68532_Normal.graphml (Nodes: 13, Edges: 17)
     [+] Wrote enriched_session_68527_Normal.graphml (Nodes: 13, Edges: 17)
     [+] Wrote enriched_session_68513_Normal.graphml (Nodes: 13, Edges: 17)
     [+] Wrote enriched_session_68525_Normal.graphml (Nodes: 13, Edges: 17)
     [+] Wrote enriched_session_68501_Normal.graphml (Nodes: 13, Edges: 17)
     [+] Wrote enriched_session_68526_Normal.graphml (Nodes: 13, Edges: 17)
     [+] Wrote enriched_session_68535_Normal.graphml (Nodes: 13, Edges: 17)
     [+] Wrote enriched_session_68538_Normal.graphml (Nodes: 13, Edges: 17)
     [+] Wrote enriched_session_68545_Normal.graphml (Nodes: 13, Edges: 17)
     [+] Wrote enriched_session_68550_Normal.graphml (Nodes: 13, Edges: 17)
     [+] Wrote enriched_session_68555_Normal.graphml (Nodes: 13, Edges: 17)
     [+] Wrote enriched_session_68514_Normal.graphml (Nodes: 13, Edges: 17)
     [+] Wrote enriched_session_68499_Normal.graphml (Nodes: 13, Edges: 17)
     [+] Wrote enriched_session_68515_Normal.graphml (Nodes: 13, Edges: 17)
     [+] Wrote enriched_session_68505_Normal.graphml (Nodes: 13, Edges: 17)
     [+] Wrote enriched_session_68494_Normal.graphml (Nodes: 13, Edges: 17)
     [+] Wrote enriched_session_68549_Normal.graphml (Nodes: 13, Edges: 17)
     [+] Wrote enriched_session_68506_Normal.graphml (Nodes: 13, Edges: 17)
     [+] Wrote enriched_session_68539_Normal.graphml (Nodes: 13, Edges: 17)
     [+] Wrote enriched_session_68531_Normal.graphml (Nodes: 13, Edges: 17)
     [+] Wrote enriched_session_68544_Normal.graphml (Nodes: 13, Edges: 17)
     [+] Wrote enriched_session_68566_Data_Exfiltration.graphml (Nodes: 4, Edges: 4)
     [+] Wrote enriched_session_68568_Data_Exfiltration.graphml (Nodes: 4, Edges: 4)
     [+] Wrote enriched_session_68569_Data_Exfiltration.graphml (Nodes: 4, Edges: 4)
     [+] Wrote enriched_session_68570_Data_Exfiltration.graphml (Nodes: 4, Edges: 3)
     [+] Wrote enriched_session_68573_Data_Exfiltration.graphml (Nodes: 4, Edges: 3)
     [+] Wrote enriched_session_68575_Data_Exfiltration.graphml (Nodes: 2, Edges: 1)
     [+] Wrote enriched_session_68584_Unauthorized_DB_Read.graphml (Nodes: 4, Edges: 4)
     [+] Wrote enriched_session_68585_Data_Exfiltration.graphml (Nodes: 3, Edges: 2)
     [+] Wrote enriched_session_68587_Unauthorized_DB_Read.graphml (Nodes: 4, Edges: 4)
     [+] Wrote enriched_session_68586_Unauthorized_DB_Read.graphml (Nodes: 4, Edges: 4)
     [+] Wrote enriched_session_68589_Data_Exfiltration.graphml (Nodes: 15, Edges: 13)
     [+] Wrote enriched_session_68602_Data_Exfiltration.graphml (Nodes: 53, Edges: 57)
     [+] Wrote enriched_session_68620_Data_Exfiltration.graphml (Nodes: 12, Edges: 10)
     [+] Wrote enriched_session_68621_Data_Exfiltration.graphml (Nodes: 35, Edges: 38)
     [+] Wrote enriched_session_68637_Data_Exfiltration.graphml (Nodes: 22, Edges: 22)
     [+] Wrote enriched_session_68652_Data_Exfiltration.graphml (Nodes: 22, Edges: 22)
     [+] Wrote enriched_session_68667_Data_Exfiltration.graphml (Nodes: 26, Edges: 30)
     [+] Wrote enriched_session_68684_Data_Exfiltration.graphml (Nodes: 26, Edges: 30)
     [+] Wrote enriched_session_68701_Data_Exfiltration.graphml (Nodes: 26, Edges: 30)
     [+] Wrote enriched_session_68718_Data_Exfiltration.graphml (Nodes: 26, Edges: 30)
     [+] Wrote enriched_session_68735_Data_Exfiltration.graphml (Nodes: 19, Edges: 17)
     [+] Wrote enriched_session_68749_Data_Exfiltration.graphml (Nodes: 19, Edges: 17)
     [+] Wrote enriched_session_68763_Data_Exfiltration.graphml (Nodes: 19, Edges: 17)
     [+] Wrote enriched_session_68777_Data_Exfiltration.graphml (Nodes: 19, Edges: 17)
     [+] Wrote enriched_session_68791_Data_Exfiltration.graphml (Nodes: 22, Edges: 22)
     [+] Wrote enriched_session_68806_Data_Exfiltration.graphml (Nodes: 22, Edges: 22)
     [+] Wrote enriched_session_68821_Data_Exfiltration.graphml (Nodes: 62, Edges: 65)
     [+] Wrote enriched_session_68837_Data_Exfiltration.graphml (Nodes: 36, Edges: 39)
     [+] Wrote enriched_session_68853_Data_Exfiltration.graphml (Nodes: 23, Edges: 23)
     [+] Wrote enriched_session_68868_Data_Exfiltration.graphml (Nodes: 23, Edges: 23)
     [+] Wrote enriched_session_68883_Data_Exfiltration.graphml (Nodes: 61, Edges: 64)
     [+] Wrote enriched_session_68899_Data_Exfiltration.graphml (Nodes: 35, Edges: 38)
     [+] Wrote enriched_session_68915_Data_Exfiltration.graphml (Nodes: 127, Edges: 127)
     [+] Wrote enriched_session_68930_Data_Exfiltration.graphml (Nodes: 62, Edges: 67)
     [+] Wrote enriched_session_68947_Data_Exfiltration.graphml (Nodes: 62, Edges: 67)
     [+] Wrote enriched_session_68997_Normal.graphml (Nodes: 18, Edges: 17)
     [+] Wrote enriched_session_69000_Normal.graphml (Nodes: 13, Edges: 11)
     [+] Wrote enriched_session_69004_Normal.graphml (Nodes: 59, Edges: 59)
     [+] Wrote enriched_session_69012_Normal.graphml (Nodes: 72, Edges: 73)
     [+] Wrote enriched_session_69046_OS_Privilege_Escalation.graphml (Nodes: 21, Edges: 21)
     [+] Wrote enriched_session_69061_OS_Privilege_Escalation.graphml (Nodes: 21, Edges: 21)
     [+] Wrote enriched_session_69076_OS_Privilege_Escalation.graphml (Nodes: 20, Edges: 20)
     [+] Wrote enriched_session_69104_OS_Privilege_Escalation.graphml (Nodes: 29, Edges: 35)
     [+] Wrote enriched_session_69134_Attack.graphml (Nodes: 61, Edges: 65)
     [+] Wrote enriched_session_69150_Attack.graphml (Nodes: 13, Edges: 11)
     [+] Wrote enriched_session_69152_Attack.graphml (Nodes: 13, Edges: 11)
     [+] Wrote enriched_session_69154_Attack.graphml (Nodes: 18, Edges: 17)
     [+] Wrote enriched_session_69167_Attack.graphml (Nodes: 22, Edges: 22)
     [+] Wrote enriched_session_69183_Attack.graphml (Nodes: 18, Edges: 16)
     [+] Wrote enriched_session_69196_Attack.graphml (Nodes: 13, Edges: 11)
     [+] Wrote enriched_session_69209_Attack.graphml (Nodes: 13, Edges: 11)

==================================================
Starting End-to-End Pipeline for: dataset_dev_run_27
==================================================
[1/3] Running Algorithm 1 (SAC)
  wrote dataset_dev_run_27_event_table.json  (2398 events, 18409 read total)
  wrote dataset_dev_run_27_session_correlation.csv  (2398 correlated pairs)
[2/3] Running Algorithm 2 (Graph Construction)
     => Generated 107 base session graphs natively in RAM
[3/3] Running Algorithm 3 (Behavior Abstraction & Serialization)
     [+] Wrote enriched_session_69526_Data_Exfiltration.graphml (Nodes: 4, Edges: 3)
     [+] Wrote enriched_session_69531_Normal.graphml (Nodes: 9, Edges: 9)
     [+] Wrote enriched_session_69536_Normal.graphml (Nodes: 4, Edges: 3)
     [+] Wrote enriched_session_69538_Sabotage.graphml (Nodes: 3, Edges: 2)
     [+] Wrote enriched_session_69599_Normal.graphml (Nodes: 4, Edges: 3)
     [+] Wrote enriched_session_69542_Normal.graphml (Nodes: 13, Edges: 17)
     [+] Wrote enriched_session_69545_Normal.graphml (Nodes: 13, Edges: 17)
     [+] Wrote enriched_session_69578_Normal.graphml (Nodes: 13, Edges: 17)
     [+] Wrote enriched_session_69600_Normal.graphml (Nodes: 13, Edges: 17)
     [+] Wrote enriched_session_69546_Normal.graphml (Nodes: 13, Edges: 17)
     [+] Wrote enriched_session_69544_Normal.graphml (Nodes: 13, Edges: 17)
     [+] Wrote enriched_session_69560_Normal.graphml (Nodes: 13, Edges: 17)
     [+] Wrote enriched_session_69543_Normal.graphml (Nodes: 13, Edges: 17)
     [+] Wrote enriched_session_69567_Normal.graphml (Nodes: 13, Edges: 17)
     [+] Wrote enriched_session_69588_Normal.graphml (Nodes: 13, Edges: 17)
     [+] Wrote enriched_session_69565_Normal.graphml (Nodes: 13, Edges: 17)
     [+] Wrote enriched_session_69583_Normal.graphml (Nodes: 13, Edges: 17)
     [+] Wrote enriched_session_69580_Normal.graphml (Nodes: 13, Edges: 17)
     [+] Wrote enriched_session_69556_Normal.graphml (Nodes: 13, Edges: 17)
     [+] Wrote enriched_session_69585_Normal.graphml (Nodes: 13, Edges: 17)
     [+] Wrote enriched_session_69548_Normal.graphml (Nodes: 13, Edges: 17)
     [+] Wrote enriched_session_69550_Normal.graphml (Nodes: 13, Edges: 17)
     [+] Wrote enriched_session_69574_Normal.graphml (Nodes: 13, Edges: 17)
     [+] Wrote enriched_session_69595_Normal.graphml (Nodes: 13, Edges: 17)
     [+] Wrote enriched_session_69568_Normal.graphml (Nodes: 13, Edges: 17)
     [+] Wrote enriched_session_69551_Normal.graphml (Nodes: 13, Edges: 17)
     [+] Wrote enriched_session_69584_Normal.graphml (Nodes: 13, Edges: 17)
     [+] Wrote enriched_session_69582_Normal.graphml (Nodes: 13, Edges: 17)
     [+] Wrote enriched_session_69559_Normal.graphml (Nodes: 13, Edges: 17)
     [+] Wrote enriched_session_69573_Normal.graphml (Nodes: 13, Edges: 17)
     [+] Wrote enriched_session_69589_Normal.graphml (Nodes: 13, Edges: 17)
     [+] Wrote enriched_session_69564_Normal.graphml (Nodes: 13, Edges: 17)
     [+] Wrote enriched_session_69592_Normal.graphml (Nodes: 13, Edges: 17)
     [+] Wrote enriched_session_69572_Normal.graphml (Nodes: 13, Edges: 17)
     [+] Wrote enriched_session_69593_Normal.graphml (Nodes: 13, Edges: 17)
     [+] Wrote enriched_session_69579_Normal.graphml (Nodes: 13, Edges: 17)
     [+] Wrote enriched_session_69587_Normal.graphml (Nodes: 13, Edges: 17)
     [+] Wrote enriched_session_69577_Normal.graphml (Nodes: 13, Edges: 17)
     [+] Wrote enriched_session_69570_Normal.graphml (Nodes: 13, Edges: 17)
     [+] Wrote enriched_session_69571_Normal.graphml (Nodes: 13, Edges: 17)
     [+] Wrote enriched_session_69594_Normal.graphml (Nodes: 13, Edges: 17)
     [+] Wrote enriched_session_69598_Normal.graphml (Nodes: 13, Edges: 17)
     [+] Wrote enriched_session_69566_Normal.graphml (Nodes: 13, Edges: 17)
     [+] Wrote enriched_session_69575_Normal.graphml (Nodes: 13, Edges: 17)
     [+] Wrote enriched_session_69586_Normal.graphml (Nodes: 13, Edges: 17)
     [+] Wrote enriched_session_69557_Normal.graphml (Nodes: 13, Edges: 17)
     [+] Wrote enriched_session_69590_Normal.graphml (Nodes: 13, Edges: 17)
     [+] Wrote enriched_session_69596_Normal.graphml (Nodes: 13, Edges: 17)
     [+] Wrote enriched_session_69553_Normal.graphml (Nodes: 13, Edges: 17)
     [+] Wrote enriched_session_69561_Normal.graphml (Nodes: 13, Edges: 17)
     [+] Wrote enriched_session_69591_Normal.graphml (Nodes: 13, Edges: 17)
     [+] Wrote enriched_session_69581_Normal.graphml (Nodes: 13, Edges: 17)
     [+] Wrote enriched_session_69569_Normal.graphml (Nodes: 13, Edges: 17)
     [+] Wrote enriched_session_69576_Normal.graphml (Nodes: 13, Edges: 17)
     [+] Wrote enriched_session_69597_Normal.graphml (Nodes: 13, Edges: 17)
     [+] Wrote enriched_session_69603_Normal.graphml (Nodes: 4, Edges: 3)
     [+] Wrote enriched_session_69610_Normal.graphml (Nodes: 4, Edges: 3)
     [+] Wrote enriched_session_69613_Normal.graphml (Nodes: 4, Edges: 3)
     [+] Wrote enriched_session_69614_Normal.graphml (Nodes: 4, Edges: 4)
     [+] Wrote enriched_session_69617_Normal.graphml (Nodes: 4, Edges: 4)
     [+] Wrote enriched_session_69616_Normal.graphml (Nodes: 4, Edges: 4)
     [+] Wrote enriched_session_69618_Normal.graphml (Nodes: 2, Edges: 1)
     [+] Wrote enriched_session_69630_Normal.graphml (Nodes: 29, Edges: 27)
     [+] Wrote enriched_session_69620_Normal.graphml (Nodes: 3, Edges: 2)
     [+] Wrote enriched_session_69629_Unauthorized_DB_Read.graphml (Nodes: 10, Edges: 9)
     [+] Wrote enriched_session_69639_Unauthorized_DB_Read.graphml (Nodes: 19, Edges: 18)
     [+] Wrote enriched_session_69640_Unauthorized_DB_Read.graphml (Nodes: 19, Edges: 18)
     [+] Wrote enriched_session_69641_Data_Exfiltration.graphml (Nodes: 12, Edges: 10)
     [+] Wrote enriched_session_69654_Data_Exfiltration.graphml (Nodes: 61, Edges: 64)
     [+] Wrote enriched_session_69670_Data_Exfiltration.graphml (Nodes: 35, Edges: 38)
     [+] Wrote enriched_session_69686_Data_Exfiltration.graphml (Nodes: 22, Edges: 23)
     [+] Wrote enriched_session_69701_Data_Exfiltration.graphml (Nodes: 22, Edges: 23)
     [+] Wrote enriched_session_69716_Data_Exfiltration.graphml (Nodes: 26, Edges: 31)
     [+] Wrote enriched_session_69733_Data_Exfiltration.graphml (Nodes: 26, Edges: 31)
     [+] Wrote enriched_session_69750_Data_Exfiltration.graphml (Nodes: 26, Edges: 31)
     [+] Wrote enriched_session_69767_Data_Exfiltration.graphml (Nodes: 26, Edges: 31)
     [+] Wrote enriched_session_69784_Data_Exfiltration.graphml (Nodes: 19, Edges: 18)
     [+] Wrote enriched_session_69798_Data_Exfiltration.graphml (Nodes: 19, Edges: 18)
     [+] Wrote enriched_session_69812_Data_Exfiltration.graphml (Nodes: 19, Edges: 17)
     [+] Wrote enriched_session_69826_Data_Exfiltration.graphml (Nodes: 19, Edges: 17)
     [+] Wrote enriched_session_69840_Data_Exfiltration.graphml (Nodes: 22, Edges: 22)
     [+] Wrote enriched_session_69855_Data_Exfiltration.graphml (Nodes: 22, Edges: 22)
     [+] Wrote enriched_session_69870_Data_Exfiltration.graphml (Nodes: 62, Edges: 65)
     [+] Wrote enriched_session_69886_Data_Exfiltration.graphml (Nodes: 36, Edges: 39)
     [+] Wrote enriched_session_69902_Data_Exfiltration.graphml (Nodes: 23, Edges: 24)
     [+] Wrote enriched_session_69917_Data_Exfiltration.graphml (Nodes: 23, Edges: 24)
     [+] Wrote enriched_session_69932_Data_Exfiltration.graphml (Nodes: 61, Edges: 65)
     [+] Wrote enriched_session_69948_Data_Exfiltration.graphml (Nodes: 35, Edges: 39)
     [+] Wrote enriched_session_69964_Data_Exfiltration.graphml (Nodes: 127, Edges: 128)
     [+] Wrote enriched_session_69979_Data_Exfiltration.graphml (Nodes: 62, Edges: 68)
     [+] Wrote enriched_session_69999_Data_Exfiltration.graphml (Nodes: 62, Edges: 68)
     [+] Wrote enriched_session_70013_Normal.graphml (Nodes: 18, Edges: 17)
     [+] Wrote enriched_session_70017_Normal.graphml (Nodes: 13, Edges: 11)
     [+] Wrote enriched_session_70020_Normal.graphml (Nodes: 59, Edges: 59)
     [+] Wrote enriched_session_70030_Normal.graphml (Nodes: 72, Edges: 73)
     [+] Wrote enriched_session_70062_OS_Privilege_Escalation.graphml (Nodes: 21, Edges: 21)
     [+] Wrote enriched_session_70077_OS_Privilege_Escalation.graphml (Nodes: 21, Edges: 22)
     [+] Wrote enriched_session_70092_OS_Privilege_Escalation.graphml (Nodes: 20, Edges: 21)
     [+] Wrote enriched_session_70120_OS_Privilege_Escalation.graphml (Nodes: 29, Edges: 36)
     [+] Wrote enriched_session_70150_OS_Privilege_Escalation.graphml (Nodes: 61, Edges: 66)
     [+] Wrote enriched_session_70166_OS_Privilege_Escalation.graphml (Nodes: 13, Edges: 11)
     [+] Wrote enriched_session_70168_OS_Privilege_Escalation.graphml (Nodes: 13, Edges: 11)
     [+] Wrote enriched_session_70170_OS_Privilege_Escalation.graphml (Nodes: 18, Edges: 17)
     [+] Wrote enriched_session_70183_SQL_Injection.graphml (Nodes: 22, Edges: 22)
     [+] Wrote enriched_session_70199_SQL_Injection.graphml (Nodes: 18, Edges: 16)
     [+] Wrote enriched_session_70212_SQL_Injection.graphml (Nodes: 13, Edges: 11)
     [+] Wrote enriched_session_70225_SQL_Injection.graphml (Nodes: 13, Edges: 11)

==================================================
Starting End-to-End Pipeline for: dataset_dev_run_28
==================================================
[1/3] Running Algorithm 1 (SAC)
  wrote dataset_dev_run_28_event_table.json  (2311 events, 17295 read total)
  wrote dataset_dev_run_28_session_correlation.csv  (2311 correlated pairs)
[2/3] Running Algorithm 2 (Graph Construction)
     => Generated 107 base session graphs natively in RAM
[3/3] Running Algorithm 3 (Behavior Abstraction & Serialization)
     [+] Wrote enriched_session_70541_Data_Exfiltration.graphml (Nodes: 4, Edges: 3)
     [+] Wrote enriched_session_70542_Data_Exfiltration.graphml (Nodes: 4, Edges: 3)
     [+] Wrote enriched_session_70543_Data_Exfiltration.graphml (Nodes: 9, Edges: 9)
     [+] Wrote enriched_session_70544_Sabotage.graphml (Nodes: 3, Edges: 2)
     [+] Wrote enriched_session_70561_Normal.graphml (Nodes: 13, Edges: 17)
     [+] Wrote enriched_session_70581_Normal.graphml (Nodes: 13, Edges: 17)
     [+] Wrote enriched_session_70552_Normal.graphml (Nodes: 13, Edges: 17)
     [+] Wrote enriched_session_70576_Normal.graphml (Nodes: 13, Edges: 17)
     [+] Wrote enriched_session_70555_Normal.graphml (Nodes: 13, Edges: 17)
     [+] Wrote enriched_session_70582_Normal.graphml (Nodes: 13, Edges: 17)
     [+] Wrote enriched_session_70588_Normal.graphml (Nodes: 13, Edges: 17)
     [+] Wrote enriched_session_70573_Normal.graphml (Nodes: 13, Edges: 17)
     [+] Wrote enriched_session_70568_Normal.graphml (Nodes: 13, Edges: 17)
     [+] Wrote enriched_session_70592_Normal.graphml (Nodes: 13, Edges: 17)
     [+] Wrote enriched_session_70585_Normal.graphml (Nodes: 13, Edges: 17)
     [+] Wrote enriched_session_70575_Normal.graphml (Nodes: 13, Edges: 17)
     [+] Wrote enriched_session_70612_Normal.graphml (Nodes: 13, Edges: 17)
     [+] Wrote enriched_session_70596_Normal.graphml (Nodes: 13, Edges: 17)
     [+] Wrote enriched_session_70565_Normal.graphml (Nodes: 13, Edges: 17)
     [+] Wrote enriched_session_70614_Normal.graphml (Nodes: 13, Edges: 17)
     [+] Wrote enriched_session_70556_Normal.graphml (Nodes: 13, Edges: 17)
     [+] Wrote enriched_session_70572_Normal.graphml (Nodes: 13, Edges: 17)
     [+] Wrote enriched_session_70587_Normal.graphml (Nodes: 13, Edges: 17)
     [+] Wrote enriched_session_70580_Normal.graphml (Nodes: 13, Edges: 17)
     [+] Wrote enriched_session_70584_Normal.graphml (Nodes: 13, Edges: 17)
     [+] Wrote enriched_session_70600_Normal.graphml (Nodes: 13, Edges: 17)
     [+] Wrote enriched_session_70591_Normal.graphml (Nodes: 13, Edges: 17)
     [+] Wrote enriched_session_70605_Normal.graphml (Nodes: 13, Edges: 17)
     [+] Wrote enriched_session_70611_Normal.graphml (Nodes: 13, Edges: 17)
     [+] Wrote enriched_session_70554_Normal.graphml (Nodes: 13, Edges: 17)
     [+] Wrote enriched_session_70571_Normal.graphml (Nodes: 13, Edges: 17)
     [+] Wrote enriched_session_70595_Normal.graphml (Nodes: 13, Edges: 17)
     [+] Wrote enriched_session_70604_Normal.graphml (Nodes: 13, Edges: 17)
     [+] Wrote enriched_session_70608_Normal.graphml (Nodes: 13, Edges: 17)
     [+] Wrote enriched_session_70589_Normal.graphml (Nodes: 13, Edges: 17)
     [+] Wrote enriched_session_70597_Normal.graphml (Nodes: 13, Edges: 17)
     [+] Wrote enriched_session_70601_Normal.graphml (Nodes: 13, Edges: 17)
     [+] Wrote enriched_session_70564_Normal.graphml (Nodes: 13, Edges: 17)
     [+] Wrote enriched_session_70594_Normal.graphml (Nodes: 13, Edges: 17)
     [+] Wrote enriched_session_70562_Normal.graphml (Nodes: 13, Edges: 17)
     [+] Wrote enriched_session_70579_Normal.graphml (Nodes: 13, Edges: 17)
     [+] Wrote enriched_session_70603_Normal.graphml (Nodes: 13, Edges: 17)
     [+] Wrote enriched_session_70610_Normal.graphml (Nodes: 13, Edges: 17)
     [+] Wrote enriched_session_70586_Normal.graphml (Nodes: 13, Edges: 17)
     [+] Wrote enriched_session_70613_Normal.graphml (Nodes: 13, Edges: 17)
     [+] Wrote enriched_session_70590_Normal.graphml (Nodes: 13, Edges: 17)
     [+] Wrote enriched_session_70599_Normal.graphml (Nodes: 13, Edges: 17)
     [+] Wrote enriched_session_70607_Normal.graphml (Nodes: 13, Edges: 17)
     [+] Wrote enriched_session_70583_Normal.graphml (Nodes: 13, Edges: 17)
     [+] Wrote enriched_session_70593_Normal.graphml (Nodes: 13, Edges: 17)
     [+] Wrote enriched_session_70602_Normal.graphml (Nodes: 13, Edges: 17)
     [+] Wrote enriched_session_70609_Normal.graphml (Nodes: 13, Edges: 17)
     [+] Wrote enriched_session_70598_Normal.graphml (Nodes: 13, Edges: 17)
     [+] Wrote enriched_session_70606_Normal.graphml (Nodes: 13, Edges: 17)
     [+] Wrote enriched_session_70616_Data_Exfiltration.graphml (Nodes: 4, Edges: 3)
     [+] Wrote enriched_session_70615_Data_Exfiltration.graphml (Nodes: 4, Edges: 3)
     [+] Wrote enriched_session_70625_Data_Exfiltration.graphml (Nodes: 4, Edges: 3)
     [+] Wrote enriched_session_70627_Data_Exfiltration.graphml (Nodes: 4, Edges: 3)
     [+] Wrote enriched_session_70630_Data_Exfiltration.graphml (Nodes: 4, Edges: 4)
     [+] Wrote enriched_session_70632_Data_Exfiltration.graphml (Nodes: 4, Edges: 4)
     [+] Wrote enriched_session_70631_Data_Exfiltration.graphml (Nodes: 4, Edges: 4)
     [+] Wrote enriched_session_70633_Data_Exfiltration.graphml (Nodes: 2, Edges: 1)
     [+] Wrote enriched_session_70642_Data_Exfiltration.graphml (Nodes: 3, Edges: 2)
     [+] Wrote enriched_session_70645_Data_Exfiltration.graphml (Nodes: 27, Edges: 25)
     [+] Wrote enriched_session_70644_Unauthorized_DB_Read.graphml (Nodes: 4, Edges: 4)
     [+] Wrote enriched_session_70647_Unauthorized_DB_Read.graphml (Nodes: 4, Edges: 4)
     [+] Wrote enriched_session_70646_Unauthorized_DB_Read.graphml (Nodes: 4, Edges: 4)
     [+] Wrote enriched_session_70660_Data_Exfiltration.graphml (Nodes: 53, Edges: 57)
     [+] Wrote enriched_session_70678_Data_Exfiltration.graphml (Nodes: 12, Edges: 10)
     [+] Wrote enriched_session_70679_Data_Exfiltration.graphml (Nodes: 35, Edges: 39)
     [+] Wrote enriched_session_70695_Data_Exfiltration.graphml (Nodes: 22, Edges: 23)
     [+] Wrote enriched_session_70710_Data_Exfiltration.graphml (Nodes: 22, Edges: 23)
     [+] Wrote enriched_session_70725_Data_Exfiltration.graphml (Nodes: 26, Edges: 31)
     [+] Wrote enriched_session_70742_Data_Exfiltration.graphml (Nodes: 26, Edges: 31)
     [+] Wrote enriched_session_70759_Data_Exfiltration.graphml (Nodes: 26, Edges: 30)
     [+] Wrote enriched_session_70776_Data_Exfiltration.graphml (Nodes: 26, Edges: 30)
     [+] Wrote enriched_session_70793_Data_Exfiltration.graphml (Nodes: 19, Edges: 17)
     [+] Wrote enriched_session_70807_Data_Exfiltration.graphml (Nodes: 19, Edges: 17)
     [+] Wrote enriched_session_70821_Data_Exfiltration.graphml (Nodes: 19, Edges: 17)
     [+] Wrote enriched_session_70835_Data_Exfiltration.graphml (Nodes: 19, Edges: 17)
     [+] Wrote enriched_session_70849_Data_Exfiltration.graphml (Nodes: 22, Edges: 22)
     [+] Wrote enriched_session_70864_Data_Exfiltration.graphml (Nodes: 22, Edges: 23)
     [+] Wrote enriched_session_70879_Data_Exfiltration.graphml (Nodes: 62, Edges: 66)
     [+] Wrote enriched_session_70895_Data_Exfiltration.graphml (Nodes: 36, Edges: 40)
     [+] Wrote enriched_session_70911_Data_Exfiltration.graphml (Nodes: 23, Edges: 24)
     [+] Wrote enriched_session_70926_Data_Exfiltration.graphml (Nodes: 23, Edges: 24)
     [+] Wrote enriched_session_70941_Data_Exfiltration.graphml (Nodes: 61, Edges: 65)
     [+] Wrote enriched_session_70957_Data_Exfiltration.graphml (Nodes: 35, Edges: 39)
     [+] Wrote enriched_session_70973_Normal.graphml (Nodes: 127, Edges: 127)
     [+] Wrote enriched_session_70988_Data_Exfiltration.graphml (Nodes: 62, Edges: 67)
     [+] Wrote enriched_session_71005_Data_Exfiltration.graphml (Nodes: 62, Edges: 67)
     [+] Wrote enriched_session_71020_Normal.graphml (Nodes: 24, Edges: 23)
     [+] Wrote enriched_session_71023_Normal.graphml (Nodes: 13, Edges: 11)
     [+] Wrote enriched_session_71026_Normal.graphml (Nodes: 59, Edges: 60)
     [+] Wrote enriched_session_71034_Normal.graphml (Nodes: 72, Edges: 74)
     [+] Wrote enriched_session_71066_OS_Privilege_Escalation.graphml (Nodes: 21, Edges: 22)
     [+] Wrote enriched_session_71081_OS_Privilege_Escalation.graphml (Nodes: 21, Edges: 22)
     [+] Wrote enriched_session_71096_OS_Privilege_Escalation.graphml (Nodes: 20, Edges: 21)
     [+] Wrote enriched_session_71124_OS_Privilege_Escalation.graphml (Nodes: 29, Edges: 36)
     [+] Wrote enriched_session_71154_Attack.graphml (Nodes: 61, Edges: 65)
     [+] Wrote enriched_session_71170_Attack.graphml (Nodes: 13, Edges: 11)
     [+] Wrote enriched_session_71172_Attack.graphml (Nodes: 13, Edges: 11)
     [+] Wrote enriched_session_71174_Attack.graphml (Nodes: 18, Edges: 17)
     [+] Wrote enriched_session_71187_Attack.graphml (Nodes: 22, Edges: 22)
     [+] Wrote enriched_session_71203_Attack.graphml (Nodes: 18, Edges: 16)
     [+] Wrote enriched_session_71216_Attack.graphml (Nodes: 13, Edges: 11)
     [+] Wrote enriched_session_71229_Attack.graphml (Nodes: 13, Edges: 11)

==================================================
Starting End-to-End Pipeline for: dataset_dev_run_29
==================================================
[1/3] Running Algorithm 1 (SAC)
  wrote dataset_dev_run_29_event_table.json  (2395 events, 40241 read total)
  wrote dataset_dev_run_29_session_correlation.csv  (2395 correlated pairs)
[2/3] Running Algorithm 2 (Graph Construction)
     => Generated 107 base session graphs natively in RAM
[3/3] Running Algorithm 3 (Behavior Abstraction & Serialization)
     [+] Wrote enriched_session_71550_Normal.graphml (Nodes: 9, Edges: 9)
     [+] Wrote enriched_session_71564_Normal.graphml (Nodes: 4, Edges: 3)
     [+] Wrote enriched_session_71568_Data_Exfiltration.graphml (Nodes: 4, Edges: 3)
     [+] Wrote enriched_session_71569_Sabotage.graphml (Nodes: 3, Edges: 2)
     [+] Wrote enriched_session_71557_Normal.graphml (Nodes: 13, Edges: 17)
     [+] Wrote enriched_session_71556_Normal.graphml (Nodes: 13, Edges: 17)
     [+] Wrote enriched_session_71570_Normal.graphml (Nodes: 13, Edges: 17)
     [+] Wrote enriched_session_71573_Normal.graphml (Nodes: 13, Edges: 17)
     [+] Wrote enriched_session_71558_Normal.graphml (Nodes: 13, Edges: 17)
     [+] Wrote enriched_session_71566_Normal.graphml (Nodes: 13, Edges: 17)
     [+] Wrote enriched_session_71554_Normal.graphml (Nodes: 13, Edges: 17)
     [+] Wrote enriched_session_71563_Normal.graphml (Nodes: 13, Edges: 17)
     [+] Wrote enriched_session_71562_Normal.graphml (Nodes: 13, Edges: 17)
     [+] Wrote enriched_session_71613_Normal.graphml (Nodes: 13, Edges: 17)
     [+] Wrote enriched_session_71575_Normal.graphml (Nodes: 13, Edges: 17)
     [+] Wrote enriched_session_71560_Normal.graphml (Nodes: 13, Edges: 17)
     [+] Wrote enriched_session_71608_Normal.graphml (Nodes: 13, Edges: 17)
     [+] Wrote enriched_session_71605_Normal.graphml (Nodes: 13, Edges: 17)
     [+] Wrote enriched_session_71620_Normal.graphml (Nodes: 13, Edges: 17)
     [+] Wrote enriched_session_71577_Normal.graphml (Nodes: 13, Edges: 17)
     [+] Wrote enriched_session_71616_Normal.graphml (Nodes: 13, Edges: 17)
     [+] Wrote enriched_session_71590_Normal.graphml (Nodes: 13, Edges: 17)
     [+] Wrote enriched_session_71567_Normal.graphml (Nodes: 13, Edges: 17)
     [+] Wrote enriched_session_71610_Normal.graphml (Nodes: 13, Edges: 17)
     [+] Wrote enriched_session_71597_Normal.graphml (Nodes: 13, Edges: 17)
     [+] Wrote enriched_session_71583_Normal.graphml (Nodes: 13, Edges: 17)
     [+] Wrote enriched_session_71618_Normal.graphml (Nodes: 13, Edges: 17)
     [+] Wrote enriched_session_71606_Normal.graphml (Nodes: 13, Edges: 17)
     [+] Wrote enriched_session_71614_Normal.graphml (Nodes: 13, Edges: 17)
     [+] Wrote enriched_session_71555_Normal.graphml (Nodes: 13, Edges: 17)
     [+] Wrote enriched_session_71561_Normal.graphml (Nodes: 13, Edges: 17)
     [+] Wrote enriched_session_71592_Normal.graphml (Nodes: 13, Edges: 17)
     [+] Wrote enriched_session_71594_Normal.graphml (Nodes: 13, Edges: 17)
     [+] Wrote enriched_session_71591_Normal.graphml (Nodes: 13, Edges: 17)
     [+] Wrote enriched_session_71596_Normal.graphml (Nodes: 13, Edges: 17)
     [+] Wrote enriched_session_71600_Normal.graphml (Nodes: 13, Edges: 17)
     [+] Wrote enriched_session_71582_Normal.graphml (Nodes: 13, Edges: 17)
     [+] Wrote enriched_session_71601_Normal.graphml (Nodes: 13, Edges: 17)
     [+] Wrote enriched_session_71581_Normal.graphml (Nodes: 13, Edges: 17)
     [+] Wrote enriched_session_71589_Normal.graphml (Nodes: 13, Edges: 17)
     [+] Wrote enriched_session_71593_Normal.graphml (Nodes: 13, Edges: 17)
     [+] Wrote enriched_session_71559_Normal.graphml (Nodes: 13, Edges: 17)
     [+] Wrote enriched_session_71599_Normal.graphml (Nodes: 13, Edges: 17)
     [+] Wrote enriched_session_71565_Normal.graphml (Nodes: 13, Edges: 17)
     [+] Wrote enriched_session_71571_Normal.graphml (Nodes: 13, Edges: 17)
     [+] Wrote enriched_session_71584_Normal.graphml (Nodes: 13, Edges: 17)
     [+] Wrote enriched_session_71607_Normal.graphml (Nodes: 13, Edges: 17)
     [+] Wrote enriched_session_71619_Normal.graphml (Nodes: 13, Edges: 17)
     [+] Wrote enriched_session_71579_Normal.graphml (Nodes: 13, Edges: 17)
     [+] Wrote enriched_session_71615_Normal.graphml (Nodes: 13, Edges: 17)
     [+] Wrote enriched_session_71617_Normal.graphml (Nodes: 13, Edges: 17)
     [+] Wrote enriched_session_71622_Normal.graphml (Nodes: 13, Edges: 17)
     [+] Wrote enriched_session_71621_Normal.graphml (Nodes: 13, Edges: 17)
     [+] Wrote enriched_session_71623_Normal.graphml (Nodes: 13, Edges: 17)
     [+] Wrote enriched_session_71624_Normal.graphml (Nodes: 4, Edges: 3)
     [+] Wrote enriched_session_71628_Normal.graphml (Nodes: 4, Edges: 3)
     [+] Wrote enriched_session_71653_Normal.graphml (Nodes: 29, Edges: 27)
     [+] Wrote enriched_session_71634_Normal.graphml (Nodes: 4, Edges: 3)
     [+] Wrote enriched_session_71637_Normal.graphml (Nodes: 4, Edges: 3)
     [+] Wrote enriched_session_71636_Normal.graphml (Nodes: 4, Edges: 4)
     [+] Wrote enriched_session_71640_Normal.graphml (Nodes: 4, Edges: 4)
     [+] Wrote enriched_session_71641_Normal.graphml (Nodes: 4, Edges: 4)
     [+] Wrote enriched_session_71642_Normal.graphml (Nodes: 2, Edges: 1)
     [+] Wrote enriched_session_71644_Normal.graphml (Nodes: 3, Edges: 2)
     [+] Wrote enriched_session_71654_Unauthorized_DB_Read.graphml (Nodes: 10, Edges: 9)
     [+] Wrote enriched_session_71659_Unauthorized_DB_Read.graphml (Nodes: 19, Edges: 18)
     [+] Wrote enriched_session_71660_Unauthorized_DB_Read.graphml (Nodes: 19, Edges: 18)
     [+] Wrote enriched_session_71661_Data_Exfiltration.graphml (Nodes: 12, Edges: 10)
     [+] Wrote enriched_session_71674_Data_Exfiltration.graphml (Nodes: 61, Edges: 65)
     [+] Wrote enriched_session_71690_Data_Exfiltration.graphml (Nodes: 35, Edges: 39)
     [+] Wrote enriched_session_71706_Data_Exfiltration.graphml (Nodes: 22, Edges: 23)
     [+] Wrote enriched_session_71721_Data_Exfiltration.graphml (Nodes: 22, Edges: 22)
     [+] Wrote enriched_session_71736_Data_Exfiltration.graphml (Nodes: 26, Edges: 30)
     [+] Wrote enriched_session_71753_Data_Exfiltration.graphml (Nodes: 26, Edges: 30)
     [+] Wrote enriched_session_71770_Data_Exfiltration.graphml (Nodes: 26, Edges: 30)
     [+] Wrote enriched_session_71787_Data_Exfiltration.graphml (Nodes: 26, Edges: 30)
     [+] Wrote enriched_session_71804_Data_Exfiltration.graphml (Nodes: 19, Edges: 18)
     [+] Wrote enriched_session_71818_Data_Exfiltration.graphml (Nodes: 19, Edges: 18)
     [+] Wrote enriched_session_71832_Data_Exfiltration.graphml (Nodes: 19, Edges: 18)
     [+] Wrote enriched_session_71846_Data_Exfiltration.graphml (Nodes: 19, Edges: 18)
     [+] Wrote enriched_session_71860_Data_Exfiltration.graphml (Nodes: 22, Edges: 23)
     [+] Wrote enriched_session_71875_Data_Exfiltration.graphml (Nodes: 22, Edges: 23)
     [+] Wrote enriched_session_71890_Data_Exfiltration.graphml (Nodes: 62, Edges: 66)
     [+] Wrote enriched_session_71906_Data_Exfiltration.graphml (Nodes: 36, Edges: 40)
     [+] Wrote enriched_session_71922_Data_Exfiltration.graphml (Nodes: 23, Edges: 23)
     [+] Wrote enriched_session_71937_Data_Exfiltration.graphml (Nodes: 23, Edges: 23)
     [+] Wrote enriched_session_71952_Data_Exfiltration.graphml (Nodes: 61, Edges: 64)
     [+] Wrote enriched_session_71968_Data_Exfiltration.graphml (Nodes: 35, Edges: 38)
     [+] Wrote enriched_session_71984_Data_Exfiltration.graphml (Nodes: 127, Edges: 127)
     [+] Wrote enriched_session_71999_Data_Exfiltration.graphml (Nodes: 62, Edges: 68)
     [+] Wrote enriched_session_72016_Data_Exfiltration.graphml (Nodes: 62, Edges: 68)
     [+] Wrote enriched_session_72045_Normal.graphml (Nodes: 26, Edges: 25)
     [+] Wrote enriched_session_72048_Normal.graphml (Nodes: 13, Edges: 11)
     [+] Wrote enriched_session_72052_Normal.graphml (Nodes: 59, Edges: 60)
     [+] Wrote enriched_session_72060_Normal.graphml (Nodes: 72, Edges: 74)
     [+] Wrote enriched_session_72092_OS_Privilege_Escalation.graphml (Nodes: 21, Edges: 21)
     [+] Wrote enriched_session_72107_OS_Privilege_Escalation.graphml (Nodes: 21, Edges: 21)
     [+] Wrote enriched_session_72122_OS_Privilege_Escalation.graphml (Nodes: 20, Edges: 20)
     [+] Wrote enriched_session_72150_OS_Privilege_Escalation.graphml (Nodes: 29, Edges: 35)
     [+] Wrote enriched_session_72180_OS_Privilege_Escalation.graphml (Nodes: 61, Edges: 66)
     [+] Wrote enriched_session_72196_OS_Privilege_Escalation.graphml (Nodes: 13, Edges: 11)
     [+] Wrote enriched_session_72198_OS_Privilege_Escalation.graphml (Nodes: 13, Edges: 11)
     [+] Wrote enriched_session_72200_OS_Privilege_Escalation.graphml (Nodes: 18, Edges: 17)
     [+] Wrote enriched_session_72213_OS_Privilege_Escalation.graphml (Nodes: 24, Edges: 25)
     [+] Wrote enriched_session_72229_OS_Privilege_Escalation.graphml (Nodes: 18, Edges: 16)
     [+] Wrote enriched_session_72242_OS_Privilege_Escalation.graphml (Nodes: 13, Edges: 11)
     [+] Wrote enriched_session_72255_SQL_Injection.graphml (Nodes: 13, Edges: 11)

==================================================
Starting End-to-End Pipeline for: dataset_dev_run_3
==================================================
[1/3] Running Algorithm 1 (SAC)
  wrote dataset_dev_run_3_event_table.json  (2323 events, 30459 read total)
  wrote dataset_dev_run_3_session_correlation.csv  (2323 correlated pairs)
[2/3] Running Algorithm 2 (Graph Construction)
     => Generated 107 base session graphs natively in RAM
[3/3] Running Algorithm 3 (Behavior Abstraction & Serialization)
     [+] Wrote enriched_session_44731_Data_Exfiltration.graphml (Nodes: 28, Edges: 26)
     [+] Wrote enriched_session_44627_Data_Exfiltration.graphml (Nodes: 4, Edges: 3)
     [+] Wrote enriched_session_44633_Data_Exfiltration.graphml (Nodes: 9, Edges: 9)
     [+] Wrote enriched_session_44637_Sabotage.graphml (Nodes: 3, Edges: 2)
     [+] Wrote enriched_session_44638_Data_Exfiltration.graphml (Nodes: 4, Edges: 3)
     [+] Wrote enriched_session_44695_Data_Exfiltration.graphml (Nodes: 4, Edges: 3)
     [+] Wrote enriched_session_44702_Data_Exfiltration.graphml (Nodes: 4, Edges: 3)
     [+] Wrote enriched_session_44653_Normal.graphml (Nodes: 13, Edges: 17)
     [+] Wrote enriched_session_44679_Normal.graphml (Nodes: 13, Edges: 17)
     [+] Wrote enriched_session_44675_Normal.graphml (Nodes: 13, Edges: 17)
     [+] Wrote enriched_session_44677_Normal.graphml (Nodes: 13, Edges: 17)
     [+] Wrote enriched_session_44646_Normal.graphml (Nodes: 13, Edges: 17)
     [+] Wrote enriched_session_44648_Normal.graphml (Nodes: 13, Edges: 17)
     [+] Wrote enriched_session_44656_Normal.graphml (Nodes: 13, Edges: 17)
     [+] Wrote enriched_session_44665_Normal.graphml (Nodes: 13, Edges: 17)
     [+] Wrote enriched_session_44655_Normal.graphml (Nodes: 13, Edges: 17)
     [+] Wrote enriched_session_44652_Normal.graphml (Nodes: 13, Edges: 17)
     [+] Wrote enriched_session_44662_Normal.graphml (Nodes: 13, Edges: 17)
     [+] Wrote enriched_session_44681_Normal.graphml (Nodes: 13, Edges: 17)
     [+] Wrote enriched_session_44660_Normal.graphml (Nodes: 13, Edges: 17)
     [+] Wrote enriched_session_44705_Normal.graphml (Nodes: 13, Edges: 17)
     [+] Wrote enriched_session_44696_Normal.graphml (Nodes: 13, Edges: 17)
     [+] Wrote enriched_session_44645_Normal.graphml (Nodes: 13, Edges: 17)
     [+] Wrote enriched_session_44659_Normal.graphml (Nodes: 13, Edges: 17)
     [+] Wrote enriched_session_44691_Normal.graphml (Nodes: 13, Edges: 17)
     [+] Wrote enriched_session_44694_Normal.graphml (Nodes: 13, Edges: 17)
     [+] Wrote enriched_session_44661_Normal.graphml (Nodes: 13, Edges: 17)
     [+] Wrote enriched_session_44697_Normal.graphml (Nodes: 13, Edges: 17)
     [+] Wrote enriched_session_44699_Normal.graphml (Nodes: 13, Edges: 17)
     [+] Wrote enriched_session_44668_Normal.graphml (Nodes: 13, Edges: 17)
     [+] Wrote enriched_session_44674_Normal.graphml (Nodes: 13, Edges: 17)
     [+] Wrote enriched_session_44664_Normal.graphml (Nodes: 13, Edges: 17)
     [+] Wrote enriched_session_44669_Normal.graphml (Nodes: 13, Edges: 17)
     [+] Wrote enriched_session_44676_Normal.graphml (Nodes: 13, Edges: 17)
     [+] Wrote enriched_session_44663_Normal.graphml (Nodes: 13, Edges: 17)
     [+] Wrote enriched_session_44688_Normal.graphml (Nodes: 13, Edges: 17)
     [+] Wrote enriched_session_44666_Normal.graphml (Nodes: 13, Edges: 17)
     [+] Wrote enriched_session_44687_Normal.graphml (Nodes: 13, Edges: 17)
     [+] Wrote enriched_session_44683_Normal.graphml (Nodes: 13, Edges: 17)
     [+] Wrote enriched_session_44673_Normal.graphml (Nodes: 13, Edges: 17)
     [+] Wrote enriched_session_44672_Normal.graphml (Nodes: 13, Edges: 17)
     [+] Wrote enriched_session_44667_Normal.graphml (Nodes: 13, Edges: 17)
     [+] Wrote enriched_session_44686_Normal.graphml (Nodes: 13, Edges: 17)
     [+] Wrote enriched_session_44698_Normal.graphml (Nodes: 13, Edges: 17)
     [+] Wrote enriched_session_44651_Normal.graphml (Nodes: 13, Edges: 17)
     [+] Wrote enriched_session_44670_Normal.graphml (Nodes: 13, Edges: 17)
     [+] Wrote enriched_session_44671_Normal.graphml (Nodes: 13, Edges: 17)
     [+] Wrote enriched_session_44678_Normal.graphml (Nodes: 13, Edges: 17)
     [+] Wrote enriched_session_44682_Normal.graphml (Nodes: 13, Edges: 17)
     [+] Wrote enriched_session_44690_Normal.graphml (Nodes: 13, Edges: 17)
     [+] Wrote enriched_session_44703_Normal.graphml (Nodes: 13, Edges: 17)
     [+] Wrote enriched_session_44684_Normal.graphml (Nodes: 13, Edges: 17)
     [+] Wrote enriched_session_44692_Normal.graphml (Nodes: 13, Edges: 17)
     [+] Wrote enriched_session_44685_Normal.graphml (Nodes: 13, Edges: 17)
     [+] Wrote enriched_session_44689_Normal.graphml (Nodes: 13, Edges: 17)
     [+] Wrote enriched_session_44693_Normal.graphml (Nodes: 13, Edges: 17)
     [+] Wrote enriched_session_44680_Normal.graphml (Nodes: 13, Edges: 17)
     [+] Wrote enriched_session_44711_Data_Exfiltration.graphml (Nodes: 4, Edges: 4)
     [+] Wrote enriched_session_44712_Data_Exfiltration.graphml (Nodes: 4, Edges: 3)
     [+] Wrote enriched_session_44714_Data_Exfiltration.graphml (Nodes: 4, Edges: 4)
     [+] Wrote enriched_session_44716_Data_Exfiltration.graphml (Nodes: 4, Edges: 4)
     [+] Wrote enriched_session_44717_Data_Exfiltration.graphml (Nodes: 4, Edges: 3)
     [+] Wrote enriched_session_44719_Data_Exfiltration.graphml (Nodes: 2, Edges: 1)
     [+] Wrote enriched_session_44728_Data_Exfiltration.graphml (Nodes: 3, Edges: 2)
     [+] Wrote enriched_session_44730_Unauthorized_DB_Read.graphml (Nodes: 4, Edges: 4)
     [+] Wrote enriched_session_44733_Unauthorized_DB_Read.graphml (Nodes: 4, Edges: 4)
     [+] Wrote enriched_session_44732_Unauthorized_DB_Read.graphml (Nodes: 4, Edges: 4)
     [+] Wrote enriched_session_44746_Data_Exfiltration.graphml (Nodes: 53, Edges: 57)
     [+] Wrote enriched_session_44765_Data_Exfiltration.graphml (Nodes: 12, Edges: 10)
     [+] Wrote enriched_session_44766_Data_Exfiltration.graphml (Nodes: 35, Edges: 38)
     [+] Wrote enriched_session_44782_Data_Exfiltration.graphml (Nodes: 22, Edges: 22)
     [+] Wrote enriched_session_44797_Data_Exfiltration.graphml (Nodes: 22, Edges: 22)
     [+] Wrote enriched_session_44812_Data_Exfiltration.graphml (Nodes: 26, Edges: 30)
     [+] Wrote enriched_session_44829_Data_Exfiltration.graphml (Nodes: 26, Edges: 31)
     [+] Wrote enriched_session_44846_Data_Exfiltration.graphml (Nodes: 26, Edges: 31)
     [+] Wrote enriched_session_44863_Data_Exfiltration.graphml (Nodes: 26, Edges: 31)
     [+] Wrote enriched_session_44880_Data_Exfiltration.graphml (Nodes: 19, Edges: 18)
     [+] Wrote enriched_session_44894_Data_Exfiltration.graphml (Nodes: 19, Edges: 18)
     [+] Wrote enriched_session_44908_Data_Exfiltration.graphml (Nodes: 19, Edges: 18)
     [+] Wrote enriched_session_44922_Data_Exfiltration.graphml (Nodes: 19, Edges: 17)
     [+] Wrote enriched_session_44936_Data_Exfiltration.graphml (Nodes: 22, Edges: 22)
     [+] Wrote enriched_session_44951_Data_Exfiltration.graphml (Nodes: 22, Edges: 22)
     [+] Wrote enriched_session_44966_Data_Exfiltration.graphml (Nodes: 62, Edges: 65)
     [+] Wrote enriched_session_44982_Data_Exfiltration.graphml (Nodes: 36, Edges: 39)
     [+] Wrote enriched_session_44998_Data_Exfiltration.graphml (Nodes: 23, Edges: 23)
     [+] Wrote enriched_session_45013_Data_Exfiltration.graphml (Nodes: 23, Edges: 23)
     [+] Wrote enriched_session_45028_Data_Exfiltration.graphml (Nodes: 61, Edges: 65)
     [+] Wrote enriched_session_45044_Data_Exfiltration.graphml (Nodes: 35, Edges: 39)
     [+] Wrote enriched_session_45060_Data_Exfiltration.graphml (Nodes: 127, Edges: 128)
     [+] Wrote enriched_session_45075_Data_Exfiltration.graphml (Nodes: 62, Edges: 68)
     [+] Wrote enriched_session_45093_Data_Exfiltration.graphml (Nodes: 62, Edges: 68)
     [+] Wrote enriched_session_45167_Normal.graphml (Nodes: 18, Edges: 17)
     [+] Wrote enriched_session_45170_Normal.graphml (Nodes: 13, Edges: 11)
     [+] Wrote enriched_session_45173_Normal.graphml (Nodes: 59, Edges: 59)
     [+] Wrote enriched_session_45181_Normal.graphml (Nodes: 72, Edges: 73)
     [+] Wrote enriched_session_45214_OS_Privilege_Escalation.graphml (Nodes: 30, Edges: 30)
     [+] Wrote enriched_session_45229_OS_Privilege_Escalation.graphml (Nodes: 21, Edges: 22)
     [+] Wrote enriched_session_45244_OS_Privilege_Escalation.graphml (Nodes: 20, Edges: 21)
     [+] Wrote enriched_session_45272_Attack.graphml (Nodes: 29, Edges: 35)
     [+] Wrote enriched_session_45302_Attack.graphml (Nodes: 61, Edges: 65)
     [+] Wrote enriched_session_45318_Attack.graphml (Nodes: 13, Edges: 11)
     [+] Wrote enriched_session_45320_Attack.graphml (Nodes: 13, Edges: 11)
     [+] Wrote enriched_session_45323_Attack.graphml (Nodes: 18, Edges: 17)
     [+] Wrote enriched_session_45336_Attack.graphml (Nodes: 25, Edges: 26)
     [+] Wrote enriched_session_45352_Attack.graphml (Nodes: 18, Edges: 16)
     [+] Wrote enriched_session_45365_Attack.graphml (Nodes: 13, Edges: 11)
     [+] Wrote enriched_session_45378_Attack.graphml (Nodes: 13, Edges: 11)

==================================================
Starting End-to-End Pipeline for: dataset_dev_run_30
==================================================
[1/3] Running Algorithm 1 (SAC)
  wrote dataset_dev_run_30_event_table.json  (2305 events, 42335 read total)
  wrote dataset_dev_run_30_session_correlation.csv  (2305 correlated pairs)
[2/3] Running Algorithm 2 (Graph Construction)
     => Generated 107 base session graphs natively in RAM
[3/3] Running Algorithm 3 (Behavior Abstraction & Serialization)
     [+] Wrote enriched_session_72575_Data_Exfiltration.graphml (Nodes: 4, Edges: 3)
     [+] Wrote enriched_session_72577_Data_Exfiltration.graphml (Nodes: 4, Edges: 3)
     [+] Wrote enriched_session_72578_Data_Exfiltration.graphml (Nodes: 9, Edges: 9)
     [+] Wrote enriched_session_72582_Sabotage.graphml (Nodes: 3, Edges: 2)
     [+] Wrote enriched_session_72649_Data_Exfiltration.graphml (Nodes: 4, Edges: 3)
     [+] Wrote enriched_session_72648_Data_Exfiltration.graphml (Nodes: 4, Edges: 3)
     [+] Wrote enriched_session_72601_Normal.graphml (Nodes: 13, Edges: 17)
     [+] Wrote enriched_session_72637_Normal.graphml (Nodes: 13, Edges: 17)
     [+] Wrote enriched_session_72591_Normal.graphml (Nodes: 13, Edges: 17)
     [+] Wrote enriched_session_72621_Normal.graphml (Nodes: 13, Edges: 17)
     [+] Wrote enriched_session_72625_Normal.graphml (Nodes: 13, Edges: 17)
     [+] Wrote enriched_session_72650_Normal.graphml (Nodes: 13, Edges: 17)
     [+] Wrote enriched_session_72630_Normal.graphml (Nodes: 13, Edges: 17)
     [+] Wrote enriched_session_72643_Normal.graphml (Nodes: 13, Edges: 17)
     [+] Wrote enriched_session_72609_Normal.graphml (Nodes: 13, Edges: 17)
     [+] Wrote enriched_session_72616_Normal.graphml (Nodes: 13, Edges: 17)
     [+] Wrote enriched_session_72608_Normal.graphml (Nodes: 13, Edges: 17)
     [+] Wrote enriched_session_72619_Normal.graphml (Nodes: 13, Edges: 17)
     [+] Wrote enriched_session_72588_Normal.graphml (Nodes: 13, Edges: 17)
     [+] Wrote enriched_session_72618_Normal.graphml (Nodes: 13, Edges: 17)
     [+] Wrote enriched_session_72647_Normal.graphml (Nodes: 13, Edges: 17)
     [+] Wrote enriched_session_72628_Normal.graphml (Nodes: 13, Edges: 17)
     [+] Wrote enriched_session_72596_Normal.graphml (Nodes: 13, Edges: 17)
     [+] Wrote enriched_session_72645_Normal.graphml (Nodes: 13, Edges: 17)
     [+] Wrote enriched_session_72638_Normal.graphml (Nodes: 13, Edges: 17)
     [+] Wrote enriched_session_72624_Normal.graphml (Nodes: 13, Edges: 17)
     [+] Wrote enriched_session_72641_Normal.graphml (Nodes: 13, Edges: 17)
     [+] Wrote enriched_session_72631_Normal.graphml (Nodes: 13, Edges: 17)
     [+] Wrote enriched_session_72597_Normal.graphml (Nodes: 13, Edges: 17)
     [+] Wrote enriched_session_72633_Normal.graphml (Nodes: 13, Edges: 17)
     [+] Wrote enriched_session_72605_Normal.graphml (Nodes: 13, Edges: 17)
     [+] Wrote enriched_session_72644_Normal.graphml (Nodes: 13, Edges: 17)
     [+] Wrote enriched_session_72627_Normal.graphml (Nodes: 13, Edges: 17)
     [+] Wrote enriched_session_72590_Normal.graphml (Nodes: 13, Edges: 17)
     [+] Wrote enriched_session_72589_Normal.graphml (Nodes: 13, Edges: 17)
     [+] Wrote enriched_session_72604_Normal.graphml (Nodes: 13, Edges: 17)
     [+] Wrote enriched_session_72623_Normal.graphml (Nodes: 13, Edges: 17)
     [+] Wrote enriched_session_72614_Normal.graphml (Nodes: 13, Edges: 17)
     [+] Wrote enriched_session_72634_Normal.graphml (Nodes: 13, Edges: 17)
     [+] Wrote enriched_session_72617_Normal.graphml (Nodes: 13, Edges: 17)
     [+] Wrote enriched_session_72639_Normal.graphml (Nodes: 13, Edges: 17)
     [+] Wrote enriched_session_72640_Normal.graphml (Nodes: 13, Edges: 17)
     [+] Wrote enriched_session_72615_Normal.graphml (Nodes: 13, Edges: 17)
     [+] Wrote enriched_session_72620_Normal.graphml (Nodes: 13, Edges: 17)
     [+] Wrote enriched_session_72642_Normal.graphml (Nodes: 13, Edges: 17)
     [+] Wrote enriched_session_72612_Normal.graphml (Nodes: 13, Edges: 17)
     [+] Wrote enriched_session_72636_Normal.graphml (Nodes: 13, Edges: 17)
     [+] Wrote enriched_session_72626_Normal.graphml (Nodes: 13, Edges: 17)
     [+] Wrote enriched_session_72599_Normal.graphml (Nodes: 13, Edges: 17)
     [+] Wrote enriched_session_72606_Normal.graphml (Nodes: 13, Edges: 17)
     [+] Wrote enriched_session_72613_Normal.graphml (Nodes: 13, Edges: 17)
     [+] Wrote enriched_session_72622_Normal.graphml (Nodes: 13, Edges: 17)
     [+] Wrote enriched_session_72629_Normal.graphml (Nodes: 13, Edges: 17)
     [+] Wrote enriched_session_72632_Normal.graphml (Nodes: 13, Edges: 17)
     [+] Wrote enriched_session_72635_Normal.graphml (Nodes: 13, Edges: 17)
     [+] Wrote enriched_session_72646_Normal.graphml (Nodes: 13, Edges: 17)
     [+] Wrote enriched_session_72659_Data_Exfiltration.graphml (Nodes: 4, Edges: 4)
     [+] Wrote enriched_session_72660_Data_Exfiltration.graphml (Nodes: 4, Edges: 3)
     [+] Wrote enriched_session_72661_Data_Exfiltration.graphml (Nodes: 4, Edges: 4)
     [+] Wrote enriched_session_72662_Data_Exfiltration.graphml (Nodes: 4, Edges: 4)
     [+] Wrote enriched_session_72665_Data_Exfiltration.graphml (Nodes: 4, Edges: 3)
     [+] Wrote enriched_session_72674_Data_Exfiltration.graphml (Nodes: 2, Edges: 1)
     [+] Wrote enriched_session_72676_Unauthorized_DB_Read.graphml (Nodes: 4, Edges: 4)
     [+] Wrote enriched_session_72677_Unauthorized_DB_Read.graphml (Nodes: 4, Edges: 4)
     [+] Wrote enriched_session_72678_Unauthorized_DB_Read.graphml (Nodes: 4, Edges: 4)
     [+] Wrote enriched_session_72679_Data_Exfiltration.graphml (Nodes: 3, Edges: 2)
     [+] Wrote enriched_session_72681_Data_Exfiltration.graphml (Nodes: 23, Edges: 21)
     [+] Wrote enriched_session_72694_Data_Exfiltration.graphml (Nodes: 53, Edges: 57)
     [+] Wrote enriched_session_72713_Data_Exfiltration.graphml (Nodes: 12, Edges: 10)
     [+] Wrote enriched_session_72714_Data_Exfiltration.graphml (Nodes: 35, Edges: 39)
     [+] Wrote enriched_session_72730_Data_Exfiltration.graphml (Nodes: 22, Edges: 23)
     [+] Wrote enriched_session_72745_Data_Exfiltration.graphml (Nodes: 22, Edges: 23)
     [+] Wrote enriched_session_72760_Data_Exfiltration.graphml (Nodes: 26, Edges: 31)
     [+] Wrote enriched_session_72777_Data_Exfiltration.graphml (Nodes: 26, Edges: 30)
     [+] Wrote enriched_session_72794_Data_Exfiltration.graphml (Nodes: 26, Edges: 30)
     [+] Wrote enriched_session_72811_Data_Exfiltration.graphml (Nodes: 26, Edges: 30)
     [+] Wrote enriched_session_72828_Data_Exfiltration.graphml (Nodes: 19, Edges: 17)
     [+] Wrote enriched_session_72842_Data_Exfiltration.graphml (Nodes: 19, Edges: 17)
     [+] Wrote enriched_session_72856_Data_Exfiltration.graphml (Nodes: 19, Edges: 17)
     [+] Wrote enriched_session_72870_Data_Exfiltration.graphml (Nodes: 19, Edges: 17)
     [+] Wrote enriched_session_72884_Data_Exfiltration.graphml (Nodes: 22, Edges: 22)
     [+] Wrote enriched_session_72899_Data_Exfiltration.graphml (Nodes: 22, Edges: 22)
     [+] Wrote enriched_session_72914_Data_Exfiltration.graphml (Nodes: 62, Edges: 65)
     [+] Wrote enriched_session_72930_Data_Exfiltration.graphml (Nodes: 36, Edges: 39)
     [+] Wrote enriched_session_72946_Data_Exfiltration.graphml (Nodes: 23, Edges: 24)
     [+] Wrote enriched_session_72961_Data_Exfiltration.graphml (Nodes: 23, Edges: 23)
     [+] Wrote enriched_session_72976_Data_Exfiltration.graphml (Nodes: 61, Edges: 64)
     [+] Wrote enriched_session_72992_Data_Exfiltration.graphml (Nodes: 35, Edges: 38)
     [+] Wrote enriched_session_73008_Data_Exfiltration.graphml (Nodes: 127, Edges: 127)
     [+] Wrote enriched_session_73023_Data_Exfiltration.graphml (Nodes: 62, Edges: 67)
     [+] Wrote enriched_session_73040_Data_Exfiltration.graphml (Nodes: 62, Edges: 67)
     [+] Wrote enriched_session_73056_Normal.graphml (Nodes: 26, Edges: 25)
     [+] Wrote enriched_session_73059_Normal.graphml (Nodes: 13, Edges: 11)
     [+] Wrote enriched_session_73062_Normal.graphml (Nodes: 59, Edges: 60)
     [+] Wrote enriched_session_73070_Normal.graphml (Nodes: 72, Edges: 73)
     [+] Wrote enriched_session_73103_OS_Privilege_Escalation.graphml (Nodes: 21, Edges: 21)
     [+] Wrote enriched_session_73118_OS_Privilege_Escalation.graphml (Nodes: 21, Edges: 21)
     [+] Wrote enriched_session_73133_OS_Privilege_Escalation.graphml (Nodes: 20, Edges: 20)
     [+] Wrote enriched_session_73161_OS_Privilege_Escalation.graphml (Nodes: 29, Edges: 35)
     [+] Wrote enriched_session_73191_OS_Privilege_Escalation.graphml (Nodes: 61, Edges: 65)
     [+] Wrote enriched_session_73207_OS_Privilege_Escalation.graphml (Nodes: 13, Edges: 11)
     [+] Wrote enriched_session_73209_OS_Privilege_Escalation.graphml (Nodes: 13, Edges: 11)
     [+] Wrote enriched_session_73211_OS_Privilege_Escalation.graphml (Nodes: 18, Edges: 17)
     [+] Wrote enriched_session_73224_SQL_Injection.graphml (Nodes: 22, Edges: 22)
     [+] Wrote enriched_session_73240_SQL_Injection.graphml (Nodes: 18, Edges: 16)
     [+] Wrote enriched_session_73253_SQL_Injection.graphml (Nodes: 13, Edges: 11)
     [+] Wrote enriched_session_73266_SQL_Injection.graphml (Nodes: 13, Edges: 11)

==================================================
Starting End-to-End Pipeline for: dataset_dev_run_31
==================================================
[1/3] Running Algorithm 1 (SAC)
  wrote dataset_dev_run_31_event_table.json  (2308 events, 34415 read total)
  wrote dataset_dev_run_31_session_correlation.csv  (2308 correlated pairs)
[2/3] Running Algorithm 2 (Graph Construction)
     => Generated 107 base session graphs natively in RAM
[3/3] Running Algorithm 3 (Behavior Abstraction & Serialization)
     [+] Wrote enriched_session_73582_Sabotage.graphml (Nodes: 3, Edges: 2)
     [+] Wrote enriched_session_73588_Data_Exfiltration.graphml (Nodes: 9, Edges: 9)
     [+] Wrote enriched_session_73589_Data_Exfiltration.graphml (Nodes: 4, Edges: 3)
     [+] Wrote enriched_session_73590_Data_Exfiltration.graphml (Nodes: 4, Edges: 3)
     [+] Wrote enriched_session_73599_Normal.graphml (Nodes: 13, Edges: 17)
     [+] Wrote enriched_session_73606_Normal.graphml (Nodes: 13, Edges: 17)
     [+] Wrote enriched_session_73598_Normal.graphml (Nodes: 13, Edges: 17)
     [+] Wrote enriched_session_73609_Normal.graphml (Nodes: 13, Edges: 17)
     [+] Wrote enriched_session_73601_Normal.graphml (Nodes: 13, Edges: 17)
     [+] Wrote enriched_session_73655_Normal.graphml (Nodes: 13, Edges: 17)
     [+] Wrote enriched_session_73607_Normal.graphml (Nodes: 13, Edges: 17)
     [+] Wrote enriched_session_73613_Normal.graphml (Nodes: 13, Edges: 17)
     [+] Wrote enriched_session_73610_Normal.graphml (Nodes: 13, Edges: 17)
     [+] Wrote enriched_session_73639_Normal.graphml (Nodes: 13, Edges: 17)
     [+] Wrote enriched_session_73621_Normal.graphml (Nodes: 13, Edges: 17)
     [+] Wrote enriched_session_73654_Normal.graphml (Nodes: 13, Edges: 17)
     [+] Wrote enriched_session_73645_Normal.graphml (Nodes: 13, Edges: 17)
     [+] Wrote enriched_session_73630_Normal.graphml (Nodes: 13, Edges: 17)
     [+] Wrote enriched_session_73634_Normal.graphml (Nodes: 13, Edges: 17)
     [+] Wrote enriched_session_73641_Normal.graphml (Nodes: 13, Edges: 17)
     [+] Wrote enriched_session_73650_Normal.graphml (Nodes: 13, Edges: 17)
     [+] Wrote enriched_session_73633_Normal.graphml (Nodes: 13, Edges: 17)
     [+] Wrote enriched_session_73600_Normal.graphml (Nodes: 13, Edges: 17)
     [+] Wrote enriched_session_73648_Normal.graphml (Nodes: 13, Edges: 17)
     [+] Wrote enriched_session_73653_Normal.graphml (Nodes: 13, Edges: 17)
     [+] Wrote enriched_session_73635_Normal.graphml (Nodes: 13, Edges: 17)
     [+] Wrote enriched_session_73644_Normal.graphml (Nodes: 13, Edges: 17)
     [+] Wrote enriched_session_73640_Normal.graphml (Nodes: 13, Edges: 17)
     [+] Wrote enriched_session_73642_Normal.graphml (Nodes: 13, Edges: 17)
     [+] Wrote enriched_session_73605_Normal.graphml (Nodes: 13, Edges: 17)
     [+] Wrote enriched_session_73643_Normal.graphml (Nodes: 13, Edges: 17)
     [+] Wrote enriched_session_73646_Normal.graphml (Nodes: 13, Edges: 17)
     [+] Wrote enriched_session_73620_Normal.graphml (Nodes: 13, Edges: 17)
     [+] Wrote enriched_session_73647_Normal.graphml (Nodes: 13, Edges: 17)
     [+] Wrote enriched_session_73649_Normal.graphml (Nodes: 13, Edges: 17)
     [+] Wrote enriched_session_73631_Normal.graphml (Nodes: 13, Edges: 17)
     [+] Wrote enriched_session_73656_Normal.graphml (Nodes: 13, Edges: 17)
     [+] Wrote enriched_session_73619_Normal.graphml (Nodes: 13, Edges: 17)
     [+] Wrote enriched_session_73651_Normal.graphml (Nodes: 13, Edges: 17)
     [+] Wrote enriched_session_73627_Normal.graphml (Nodes: 13, Edges: 17)
     [+] Wrote enriched_session_73608_Normal.graphml (Nodes: 13, Edges: 17)
     [+] Wrote enriched_session_73625_Normal.graphml (Nodes: 13, Edges: 17)
     [+] Wrote enriched_session_73615_Normal.graphml (Nodes: 13, Edges: 17)
     [+] Wrote enriched_session_73638_Normal.graphml (Nodes: 13, Edges: 17)
     [+] Wrote enriched_session_73623_Normal.graphml (Nodes: 13, Edges: 17)
     [+] Wrote enriched_session_73604_Normal.graphml (Nodes: 13, Edges: 17)
     [+] Wrote enriched_session_73636_Normal.graphml (Nodes: 13, Edges: 17)
     [+] Wrote enriched_session_73652_Normal.graphml (Nodes: 13, Edges: 17)
     [+] Wrote enriched_session_73632_Normal.graphml (Nodes: 13, Edges: 17)
     [+] Wrote enriched_session_73622_Normal.graphml (Nodes: 13, Edges: 17)
     [+] Wrote enriched_session_73603_Normal.graphml (Nodes: 13, Edges: 17)
     [+] Wrote enriched_session_73637_Normal.graphml (Nodes: 13, Edges: 17)
     [+] Wrote enriched_session_73616_Normal.graphml (Nodes: 13, Edges: 17)
     [+] Wrote enriched_session_73626_Normal.graphml (Nodes: 13, Edges: 17)
     [+] Wrote enriched_session_73658_Data_Exfiltration.graphml (Nodes: 4, Edges: 3)
     [+] Wrote enriched_session_73657_Data_Exfiltration.graphml (Nodes: 4, Edges: 3)
     [+] Wrote enriched_session_73667_Data_Exfiltration.graphml (Nodes: 4, Edges: 4)
     [+] Wrote enriched_session_73668_Data_Exfiltration.graphml (Nodes: 4, Edges: 4)
     [+] Wrote enriched_session_73669_Data_Exfiltration.graphml (Nodes: 4, Edges: 4)
     [+] Wrote enriched_session_73670_Data_Exfiltration.graphml (Nodes: 4, Edges: 3)
     [+] Wrote enriched_session_73671_Data_Exfiltration.graphml (Nodes: 4, Edges: 3)
     [+] Wrote enriched_session_73677_Data_Exfiltration.graphml (Nodes: 2, Edges: 1)
     [+] Wrote enriched_session_73684_Unauthorized_DB_Read.graphml (Nodes: 4, Edges: 4)
     [+] Wrote enriched_session_73685_Unauthorized_DB_Read.graphml (Nodes: 4, Edges: 4)
     [+] Wrote enriched_session_73686_Unauthorized_DB_Read.graphml (Nodes: 4, Edges: 4)
     [+] Wrote enriched_session_73687_Data_Exfiltration.graphml (Nodes: 3, Edges: 2)
     [+] Wrote enriched_session_73689_Data_Exfiltration.graphml (Nodes: 21, Edges: 19)
     [+] Wrote enriched_session_73702_Data_Exfiltration.graphml (Nodes: 53, Edges: 57)
     [+] Wrote enriched_session_73720_Data_Exfiltration.graphml (Nodes: 12, Edges: 10)
     [+] Wrote enriched_session_73721_Data_Exfiltration.graphml (Nodes: 35, Edges: 38)
     [+] Wrote enriched_session_73737_Data_Exfiltration.graphml (Nodes: 22, Edges: 23)
     [+] Wrote enriched_session_73752_Data_Exfiltration.graphml (Nodes: 22, Edges: 22)
     [+] Wrote enriched_session_73767_Data_Exfiltration.graphml (Nodes: 26, Edges: 30)
     [+] Wrote enriched_session_73784_Data_Exfiltration.graphml (Nodes: 26, Edges: 30)
     [+] Wrote enriched_session_73801_Data_Exfiltration.graphml (Nodes: 26, Edges: 30)
     [+] Wrote enriched_session_73818_Data_Exfiltration.graphml (Nodes: 26, Edges: 30)
     [+] Wrote enriched_session_73835_Data_Exfiltration.graphml (Nodes: 19, Edges: 17)
     [+] Wrote enriched_session_73849_Data_Exfiltration.graphml (Nodes: 19, Edges: 17)
     [+] Wrote enriched_session_73863_Data_Exfiltration.graphml (Nodes: 19, Edges: 17)
     [+] Wrote enriched_session_73877_Data_Exfiltration.graphml (Nodes: 19, Edges: 17)
     [+] Wrote enriched_session_73891_Data_Exfiltration.graphml (Nodes: 22, Edges: 22)
     [+] Wrote enriched_session_73906_Data_Exfiltration.graphml (Nodes: 22, Edges: 22)
     [+] Wrote enriched_session_73921_Data_Exfiltration.graphml (Nodes: 62, Edges: 66)
     [+] Wrote enriched_session_73937_Data_Exfiltration.graphml (Nodes: 36, Edges: 39)
     [+] Wrote enriched_session_73954_Data_Exfiltration.graphml (Nodes: 23, Edges: 23)
     [+] Wrote enriched_session_73969_Data_Exfiltration.graphml (Nodes: 23, Edges: 23)
     [+] Wrote enriched_session_73984_Data_Exfiltration.graphml (Nodes: 61, Edges: 64)
     [+] Wrote enriched_session_74000_Data_Exfiltration.graphml (Nodes: 35, Edges: 38)
     [+] Wrote enriched_session_74016_Data_Exfiltration.graphml (Nodes: 127, Edges: 127)
     [+] Wrote enriched_session_74031_Data_Exfiltration.graphml (Nodes: 62, Edges: 67)
     [+] Wrote enriched_session_74056_Data_Exfiltration.graphml (Nodes: 62, Edges: 67)
     [+] Wrote enriched_session_74070_Normal.graphml (Nodes: 18, Edges: 17)
     [+] Wrote enriched_session_74073_Normal.graphml (Nodes: 13, Edges: 11)
     [+] Wrote enriched_session_74077_Normal.graphml (Nodes: 68, Edges: 68)
     [+] Wrote enriched_session_74085_Normal.graphml (Nodes: 72, Edges: 73)
     [+] Wrote enriched_session_74117_OS_Privilege_Escalation.graphml (Nodes: 21, Edges: 21)
     [+] Wrote enriched_session_74132_OS_Privilege_Escalation.graphml (Nodes: 21, Edges: 21)
     [+] Wrote enriched_session_74147_OS_Privilege_Escalation.graphml (Nodes: 20, Edges: 20)
     [+] Wrote enriched_session_74175_OS_Privilege_Escalation.graphml (Nodes: 29, Edges: 35)
     [+] Wrote enriched_session_74205_OS_Privilege_Escalation.graphml (Nodes: 61, Edges: 65)
     [+] Wrote enriched_session_74221_OS_Privilege_Escalation.graphml (Nodes: 13, Edges: 11)
     [+] Wrote enriched_session_74223_OS_Privilege_Escalation.graphml (Nodes: 13, Edges: 11)
     [+] Wrote enriched_session_74225_OS_Privilege_Escalation.graphml (Nodes: 18, Edges: 17)
     [+] Wrote enriched_session_74238_OS_Privilege_Escalation.graphml (Nodes: 22, Edges: 23)
     [+] Wrote enriched_session_74254_SQL_Injection.graphml (Nodes: 18, Edges: 16)
     [+] Wrote enriched_session_74267_SQL_Injection.graphml (Nodes: 13, Edges: 11)
     [+] Wrote enriched_session_74280_SQL_Injection.graphml (Nodes: 13, Edges: 11)

==================================================
Starting End-to-End Pipeline for: dataset_dev_run_32
==================================================
[1/3] Running Algorithm 1 (SAC)
  wrote dataset_dev_run_32_event_table.json  (2370 events, 28118 read total)
  wrote dataset_dev_run_32_session_correlation.csv  (2370 correlated pairs)
[2/3] Running Algorithm 2 (Graph Construction)
     => Generated 107 base session graphs natively in RAM
[3/3] Running Algorithm 3 (Behavior Abstraction & Serialization)
     [+] Wrote enriched_session_74598_Normal.graphml (Nodes: 9, Edges: 9)
     [+] Wrote enriched_session_74616_Normal.graphml (Nodes: 4, Edges: 3)
     [+] Wrote enriched_session_74617_Sabotage.graphml (Nodes: 3, Edges: 2)
     [+] Wrote enriched_session_74623_Data_Exfiltration.graphml (Nodes: 4, Edges: 3)
     [+] Wrote enriched_session_74656_Normal.graphml (Nodes: 13, Edges: 17)
     [+] Wrote enriched_session_74648_Normal.graphml (Nodes: 13, Edges: 17)
     [+] Wrote enriched_session_74604_Normal.graphml (Nodes: 13, Edges: 17)
     [+] Wrote enriched_session_74605_Normal.graphml (Nodes: 13, Edges: 17)
     [+] Wrote enriched_session_74612_Normal.graphml (Nodes: 13, Edges: 17)
     [+] Wrote enriched_session_74603_Normal.graphml (Nodes: 13, Edges: 17)
     [+] Wrote enriched_session_74644_Normal.graphml (Nodes: 13, Edges: 17)
     [+] Wrote enriched_session_74607_Normal.graphml (Nodes: 13, Edges: 17)
     [+] Wrote enriched_session_74654_Normal.graphml (Nodes: 13, Edges: 17)
     [+] Wrote enriched_session_74661_Normal.graphml (Nodes: 13, Edges: 17)
     [+] Wrote enriched_session_74610_Normal.graphml (Nodes: 13, Edges: 17)
     [+] Wrote enriched_session_74667_Normal.graphml (Nodes: 13, Edges: 17)
     [+] Wrote enriched_session_74634_Normal.graphml (Nodes: 13, Edges: 17)
     [+] Wrote enriched_session_74626_Normal.graphml (Nodes: 13, Edges: 17)
     [+] Wrote enriched_session_74602_Normal.graphml (Nodes: 13, Edges: 17)
     [+] Wrote enriched_session_74635_Normal.graphml (Nodes: 13, Edges: 17)
     [+] Wrote enriched_session_74620_Normal.graphml (Nodes: 13, Edges: 17)
     [+] Wrote enriched_session_74650_Normal.graphml (Nodes: 13, Edges: 17)
     [+] Wrote enriched_session_74642_Normal.graphml (Nodes: 13, Edges: 17)
     [+] Wrote enriched_session_74608_Normal.graphml (Nodes: 13, Edges: 17)
     [+] Wrote enriched_session_74647_Normal.graphml (Nodes: 13, Edges: 17)
     [+] Wrote enriched_session_74606_Normal.graphml (Nodes: 13, Edges: 17)
     [+] Wrote enriched_session_74660_Normal.graphml (Nodes: 13, Edges: 17)
     [+] Wrote enriched_session_74638_Normal.graphml (Nodes: 13, Edges: 17)
     [+] Wrote enriched_session_74609_Normal.graphml (Nodes: 13, Edges: 17)
     [+] Wrote enriched_session_74651_Normal.graphml (Nodes: 13, Edges: 17)
     [+] Wrote enriched_session_74613_Normal.graphml (Nodes: 13, Edges: 17)
     [+] Wrote enriched_session_74628_Normal.graphml (Nodes: 13, Edges: 17)
     [+] Wrote enriched_session_74619_Normal.graphml (Nodes: 13, Edges: 17)
     [+] Wrote enriched_session_74668_Normal.graphml (Nodes: 13, Edges: 17)
     [+] Wrote enriched_session_74624_Normal.graphml (Nodes: 13, Edges: 17)
     [+] Wrote enriched_session_74618_Normal.graphml (Nodes: 13, Edges: 17)
     [+] Wrote enriched_session_74614_Normal.graphml (Nodes: 13, Edges: 17)
     [+] Wrote enriched_session_74630_Normal.graphml (Nodes: 13, Edges: 17)
     [+] Wrote enriched_session_74643_Normal.graphml (Nodes: 13, Edges: 17)
     [+] Wrote enriched_session_74646_Normal.graphml (Nodes: 13, Edges: 17)
     [+] Wrote enriched_session_74658_Normal.graphml (Nodes: 13, Edges: 17)
     [+] Wrote enriched_session_74611_Normal.graphml (Nodes: 13, Edges: 17)
     [+] Wrote enriched_session_74615_Normal.graphml (Nodes: 13, Edges: 17)
     [+] Wrote enriched_session_74666_Normal.graphml (Nodes: 13, Edges: 17)
     [+] Wrote enriched_session_74652_Normal.graphml (Nodes: 13, Edges: 17)
     [+] Wrote enriched_session_74664_Normal.graphml (Nodes: 13, Edges: 17)
     [+] Wrote enriched_session_74653_Normal.graphml (Nodes: 13, Edges: 17)
     [+] Wrote enriched_session_74621_Normal.graphml (Nodes: 13, Edges: 17)
     [+] Wrote enriched_session_74657_Normal.graphml (Nodes: 13, Edges: 17)
     [+] Wrote enriched_session_74632_Normal.graphml (Nodes: 13, Edges: 17)
     [+] Wrote enriched_session_74649_Normal.graphml (Nodes: 13, Edges: 17)
     [+] Wrote enriched_session_74625_Normal.graphml (Nodes: 13, Edges: 17)
     [+] Wrote enriched_session_74641_Normal.graphml (Nodes: 13, Edges: 17)
     [+] Wrote enriched_session_74645_Normal.graphml (Nodes: 13, Edges: 17)
     [+] Wrote enriched_session_74672_Normal.graphml (Nodes: 4, Edges: 3)
     [+] Wrote enriched_session_74676_Normal.graphml (Nodes: 4, Edges: 3)
     [+] Wrote enriched_session_74682_Normal.graphml (Nodes: 4, Edges: 3)
     [+] Wrote enriched_session_74684_Normal.graphml (Nodes: 4, Edges: 3)
     [+] Wrote enriched_session_74687_Normal.graphml (Nodes: 4, Edges: 4)
     [+] Wrote enriched_session_74688_Normal.graphml (Nodes: 4, Edges: 4)
     [+] Wrote enriched_session_74689_Normal.graphml (Nodes: 4, Edges: 4)
     [+] Wrote enriched_session_74690_Normal.graphml (Nodes: 2, Edges: 1)
     [+] Wrote enriched_session_74692_Normal.graphml (Nodes: 3, Edges: 2)
     [+] Wrote enriched_session_74701_Normal.graphml (Nodes: 24, Edges: 22)
     [+] Wrote enriched_session_74702_Unauthorized_DB_Read.graphml (Nodes: 10, Edges: 9)
     [+] Wrote enriched_session_74705_Unauthorized_DB_Read.graphml (Nodes: 19, Edges: 18)
     [+] Wrote enriched_session_74706_Unauthorized_DB_Read.graphml (Nodes: 19, Edges: 18)
     [+] Wrote enriched_session_74707_Data_Exfiltration.graphml (Nodes: 12, Edges: 10)
     [+] Wrote enriched_session_74720_Data_Exfiltration.graphml (Nodes: 61, Edges: 65)
     [+] Wrote enriched_session_74736_Data_Exfiltration.graphml (Nodes: 35, Edges: 39)
     [+] Wrote enriched_session_74752_Data_Exfiltration.graphml (Nodes: 22, Edges: 23)
     [+] Wrote enriched_session_74767_Data_Exfiltration.graphml (Nodes: 22, Edges: 23)
     [+] Wrote enriched_session_74782_Data_Exfiltration.graphml (Nodes: 26, Edges: 30)
     [+] Wrote enriched_session_74799_Data_Exfiltration.graphml (Nodes: 26, Edges: 30)
     [+] Wrote enriched_session_74816_Data_Exfiltration.graphml (Nodes: 26, Edges: 30)
     [+] Wrote enriched_session_74833_Data_Exfiltration.graphml (Nodes: 26, Edges: 30)
     [+] Wrote enriched_session_74850_Data_Exfiltration.graphml (Nodes: 19, Edges: 17)
     [+] Wrote enriched_session_74864_Data_Exfiltration.graphml (Nodes: 19, Edges: 17)
     [+] Wrote enriched_session_74878_Data_Exfiltration.graphml (Nodes: 19, Edges: 17)
     [+] Wrote enriched_session_74892_Data_Exfiltration.graphml (Nodes: 19, Edges: 18)
     [+] Wrote enriched_session_74906_Data_Exfiltration.graphml (Nodes: 22, Edges: 23)
     [+] Wrote enriched_session_74921_Data_Exfiltration.graphml (Nodes: 22, Edges: 23)
     [+] Wrote enriched_session_74936_Data_Exfiltration.graphml (Nodes: 62, Edges: 66)
     [+] Wrote enriched_session_74952_Data_Exfiltration.graphml (Nodes: 36, Edges: 40)
     [+] Wrote enriched_session_74968_Data_Exfiltration.graphml (Nodes: 23, Edges: 24)
     [+] Wrote enriched_session_74983_Data_Exfiltration.graphml (Nodes: 23, Edges: 23)
     [+] Wrote enriched_session_74998_Data_Exfiltration.graphml (Nodes: 61, Edges: 64)
     [+] Wrote enriched_session_75014_Data_Exfiltration.graphml (Nodes: 35, Edges: 38)
     [+] Wrote enriched_session_75030_Data_Exfiltration.graphml (Nodes: 127, Edges: 127)
     [+] Wrote enriched_session_75045_Data_Exfiltration.graphml (Nodes: 62, Edges: 67)
     [+] Wrote enriched_session_75062_Data_Exfiltration.graphml (Nodes: 62, Edges: 67)
     [+] Wrote enriched_session_75097_Normal.graphml (Nodes: 18, Edges: 17)
     [+] Wrote enriched_session_75100_Normal.graphml (Nodes: 13, Edges: 11)
     [+] Wrote enriched_session_75103_Normal.graphml (Nodes: 59, Edges: 60)
     [+] Wrote enriched_session_75111_Normal.graphml (Nodes: 72, Edges: 74)
     [+] Wrote enriched_session_75144_OS_Privilege_Escalation.graphml (Nodes: 21, Edges: 22)
     [+] Wrote enriched_session_75159_Attack.graphml (Nodes: 21, Edges: 21)
     [+] Wrote enriched_session_75174_Attack.graphml (Nodes: 20, Edges: 20)
     [+] Wrote enriched_session_75202_Attack.graphml (Nodes: 29, Edges: 35)
     [+] Wrote enriched_session_75232_Attack.graphml (Nodes: 61, Edges: 65)
     [+] Wrote enriched_session_75248_Attack.graphml (Nodes: 13, Edges: 11)
     [+] Wrote enriched_session_75250_Attack.graphml (Nodes: 13, Edges: 11)
     [+] Wrote enriched_session_75252_Attack.graphml (Nodes: 18, Edges: 17)
     [+] Wrote enriched_session_75265_Attack.graphml (Nodes: 22, Edges: 23)
     [+] Wrote enriched_session_75281_Attack.graphml (Nodes: 18, Edges: 16)
     [+] Wrote enriched_session_75294_Attack.graphml (Nodes: 13, Edges: 11)
     [+] Wrote enriched_session_75307_Attack.graphml (Nodes: 13, Edges: 11)

==================================================
Starting End-to-End Pipeline for: dataset_dev_run_33
==================================================
[1/3] Running Algorithm 1 (SAC)
  wrote dataset_dev_run_33_event_table.json  (2315 events, 28510 read total)
  wrote dataset_dev_run_33_session_correlation.csv  (2315 correlated pairs)
[2/3] Running Algorithm 2 (Graph Construction)
     => Generated 107 base session graphs natively in RAM
[3/3] Running Algorithm 3 (Behavior Abstraction & Serialization)
     [+] Wrote enriched_session_75639_Data_Exfiltration.graphml (Nodes: 9, Edges: 9)
     [+] Wrote enriched_session_75640_Sabotage.graphml (Nodes: 3, Edges: 2)
     [+] Wrote enriched_session_75652_Data_Exfiltration.graphml (Nodes: 4, Edges: 3)
     [+] Wrote enriched_session_75653_Data_Exfiltration.graphml (Nodes: 4, Edges: 3)
     [+] Wrote enriched_session_75673_Normal.graphml (Nodes: 13, Edges: 17)
     [+] Wrote enriched_session_75703_Normal.graphml (Nodes: 13, Edges: 17)
     [+] Wrote enriched_session_75689_Normal.graphml (Nodes: 13, Edges: 17)
     [+] Wrote enriched_session_75675_Normal.graphml (Nodes: 13, Edges: 17)
     [+] Wrote enriched_session_75646_Normal.graphml (Nodes: 13, Edges: 17)
     [+] Wrote enriched_session_75676_Normal.graphml (Nodes: 13, Edges: 17)
     [+] Wrote enriched_session_75678_Normal.graphml (Nodes: 13, Edges: 17)
     [+] Wrote enriched_session_75645_Normal.graphml (Nodes: 13, Edges: 17)
     [+] Wrote enriched_session_75648_Normal.graphml (Nodes: 13, Edges: 17)
     [+] Wrote enriched_session_75695_Normal.graphml (Nodes: 13, Edges: 17)
     [+] Wrote enriched_session_75664_Normal.graphml (Nodes: 13, Edges: 17)
     [+] Wrote enriched_session_75687_Normal.graphml (Nodes: 13, Edges: 17)
     [+] Wrote enriched_session_75651_Normal.graphml (Nodes: 13, Edges: 17)
     [+] Wrote enriched_session_75694_Normal.graphml (Nodes: 13, Edges: 17)
     [+] Wrote enriched_session_75697_Normal.graphml (Nodes: 13, Edges: 17)
     [+] Wrote enriched_session_75659_Normal.graphml (Nodes: 13, Edges: 17)
     [+] Wrote enriched_session_75699_Normal.graphml (Nodes: 13, Edges: 17)
     [+] Wrote enriched_session_75644_Normal.graphml (Nodes: 13, Edges: 17)
     [+] Wrote enriched_session_75707_Normal.graphml (Nodes: 13, Edges: 17)
     [+] Wrote enriched_session_75668_Normal.graphml (Nodes: 13, Edges: 17)
     [+] Wrote enriched_session_75700_Normal.graphml (Nodes: 13, Edges: 17)
     [+] Wrote enriched_session_75649_Normal.graphml (Nodes: 13, Edges: 17)
     [+] Wrote enriched_session_75670_Normal.graphml (Nodes: 13, Edges: 17)
     [+] Wrote enriched_session_75706_Normal.graphml (Nodes: 13, Edges: 17)
     [+] Wrote enriched_session_75711_Normal.graphml (Nodes: 13, Edges: 17)
     [+] Wrote enriched_session_75656_Normal.graphml (Nodes: 13, Edges: 17)
     [+] Wrote enriched_session_75650_Normal.graphml (Nodes: 13, Edges: 17)
     [+] Wrote enriched_session_75674_Normal.graphml (Nodes: 13, Edges: 17)
     [+] Wrote enriched_session_75702_Normal.graphml (Nodes: 13, Edges: 17)
     [+] Wrote enriched_session_75667_Normal.graphml (Nodes: 13, Edges: 17)
     [+] Wrote enriched_session_75681_Normal.graphml (Nodes: 13, Edges: 17)
     [+] Wrote enriched_session_75679_Normal.graphml (Nodes: 13, Edges: 17)
     [+] Wrote enriched_session_75712_Normal.graphml (Nodes: 13, Edges: 17)
     [+] Wrote enriched_session_75666_Normal.graphml (Nodes: 13, Edges: 17)
     [+] Wrote enriched_session_75698_Normal.graphml (Nodes: 13, Edges: 17)
     [+] Wrote enriched_session_75704_Normal.graphml (Nodes: 13, Edges: 17)
     [+] Wrote enriched_session_75709_Normal.graphml (Nodes: 13, Edges: 17)
     [+] Wrote enriched_session_75672_Normal.graphml (Nodes: 13, Edges: 17)
     [+] Wrote enriched_session_75655_Normal.graphml (Nodes: 13, Edges: 17)
     [+] Wrote enriched_session_75657_Normal.graphml (Nodes: 13, Edges: 17)
     [+] Wrote enriched_session_75691_Normal.graphml (Nodes: 13, Edges: 17)
     [+] Wrote enriched_session_75701_Normal.graphml (Nodes: 13, Edges: 17)
     [+] Wrote enriched_session_75708_Normal.graphml (Nodes: 13, Edges: 17)
     [+] Wrote enriched_session_75693_Normal.graphml (Nodes: 13, Edges: 17)
     [+] Wrote enriched_session_75688_Normal.graphml (Nodes: 13, Edges: 17)
     [+] Wrote enriched_session_75705_Normal.graphml (Nodes: 13, Edges: 17)
     [+] Wrote enriched_session_75696_Normal.graphml (Nodes: 13, Edges: 17)
     [+] Wrote enriched_session_75710_Normal.graphml (Nodes: 13, Edges: 17)
     [+] Wrote enriched_session_75684_Normal.graphml (Nodes: 13, Edges: 17)
     [+] Wrote enriched_session_75671_Normal.graphml (Nodes: 13, Edges: 17)
     [+] Wrote enriched_session_75715_Data_Exfiltration.graphml (Nodes: 4, Edges: 3)
     [+] Wrote enriched_session_75714_Data_Exfiltration.graphml (Nodes: 4, Edges: 3)
     [+] Wrote enriched_session_75723_Data_Exfiltration.graphml (Nodes: 4, Edges: 3)
     [+] Wrote enriched_session_75724_Data_Exfiltration.graphml (Nodes: 4, Edges: 4)
     [+] Wrote enriched_session_75727_Data_Exfiltration.graphml (Nodes: 4, Edges: 4)
     [+] Wrote enriched_session_75726_Data_Exfiltration.graphml (Nodes: 4, Edges: 4)
     [+] Wrote enriched_session_75728_Data_Exfiltration.graphml (Nodes: 4, Edges: 3)
     [+] Wrote enriched_session_75731_Data_Exfiltration.graphml (Nodes: 2, Edges: 1)
     [+] Wrote enriched_session_75734_Data_Exfiltration.graphml (Nodes: 3, Edges: 2)
     [+] Wrote enriched_session_75743_Data_Exfiltration.graphml (Nodes: 27, Edges: 25)
     [+] Wrote enriched_session_75742_Unauthorized_DB_Read.graphml (Nodes: 4, Edges: 4)
     [+] Wrote enriched_session_75744_Unauthorized_DB_Read.graphml (Nodes: 4, Edges: 4)
     [+] Wrote enriched_session_75745_Unauthorized_DB_Read.graphml (Nodes: 4, Edges: 4)
     [+] Wrote enriched_session_75758_Data_Exfiltration.graphml (Nodes: 53, Edges: 57)
     [+] Wrote enriched_session_75776_Data_Exfiltration.graphml (Nodes: 12, Edges: 10)
     [+] Wrote enriched_session_75777_Data_Exfiltration.graphml (Nodes: 35, Edges: 38)
     [+] Wrote enriched_session_75794_Data_Exfiltration.graphml (Nodes: 22, Edges: 23)
     [+] Wrote enriched_session_75809_Data_Exfiltration.graphml (Nodes: 31, Edges: 32)
     [+] Wrote enriched_session_75824_Data_Exfiltration.graphml (Nodes: 26, Edges: 31)
     [+] Wrote enriched_session_75841_Data_Exfiltration.graphml (Nodes: 26, Edges: 31)
     [+] Wrote enriched_session_75858_Data_Exfiltration.graphml (Nodes: 26, Edges: 30)
     [+] Wrote enriched_session_75875_Data_Exfiltration.graphml (Nodes: 26, Edges: 30)
     [+] Wrote enriched_session_75892_Data_Exfiltration.graphml (Nodes: 19, Edges: 17)
     [+] Wrote enriched_session_75906_Data_Exfiltration.graphml (Nodes: 19, Edges: 17)
     [+] Wrote enriched_session_75920_Data_Exfiltration.graphml (Nodes: 19, Edges: 17)
     [+] Wrote enriched_session_75934_Data_Exfiltration.graphml (Nodes: 19, Edges: 17)
     [+] Wrote enriched_session_75948_Data_Exfiltration.graphml (Nodes: 22, Edges: 22)
     [+] Wrote enriched_session_75963_Data_Exfiltration.graphml (Nodes: 22, Edges: 22)
     [+] Wrote enriched_session_75978_Data_Exfiltration.graphml (Nodes: 62, Edges: 65)
     [+] Wrote enriched_session_75994_Data_Exfiltration.graphml (Nodes: 36, Edges: 40)
     [+] Wrote enriched_session_76010_Data_Exfiltration.graphml (Nodes: 23, Edges: 24)
     [+] Wrote enriched_session_76025_Data_Exfiltration.graphml (Nodes: 23, Edges: 24)
     [+] Wrote enriched_session_76040_Data_Exfiltration.graphml (Nodes: 61, Edges: 65)
     [+] Wrote enriched_session_76056_Data_Exfiltration.graphml (Nodes: 35, Edges: 38)
     [+] Wrote enriched_session_76072_Data_Exfiltration.graphml (Nodes: 127, Edges: 127)
     [+] Wrote enriched_session_76087_Data_Exfiltration.graphml (Nodes: 62, Edges: 67)
     [+] Wrote enriched_session_76108_Data_Exfiltration.graphml (Nodes: 62, Edges: 67)
     [+] Wrote enriched_session_76128_Normal.graphml (Nodes: 18, Edges: 17)
     [+] Wrote enriched_session_76131_Normal.graphml (Nodes: 13, Edges: 11)
     [+] Wrote enriched_session_76134_Normal.graphml (Nodes: 59, Edges: 59)
     [+] Wrote enriched_session_76142_Normal.graphml (Nodes: 72, Edges: 73)
     [+] Wrote enriched_session_76175_OS_Privilege_Escalation.graphml (Nodes: 21, Edges: 22)
     [+] Wrote enriched_session_76190_OS_Privilege_Escalation.graphml (Nodes: 21, Edges: 22)
     [+] Wrote enriched_session_76205_OS_Privilege_Escalation.graphml (Nodes: 20, Edges: 21)
     [+] Wrote enriched_session_76233_Attack.graphml (Nodes: 29, Edges: 35)
     [+] Wrote enriched_session_76263_Attack.graphml (Nodes: 61, Edges: 65)
     [+] Wrote enriched_session_76279_Attack.graphml (Nodes: 13, Edges: 11)
     [+] Wrote enriched_session_76281_Attack.graphml (Nodes: 13, Edges: 11)
     [+] Wrote enriched_session_76283_Attack.graphml (Nodes: 18, Edges: 17)
     [+] Wrote enriched_session_76296_Attack.graphml (Nodes: 22, Edges: 22)
     [+] Wrote enriched_session_76312_Attack.graphml (Nodes: 18, Edges: 16)
     [+] Wrote enriched_session_76325_Attack.graphml (Nodes: 13, Edges: 11)
     [+] Wrote enriched_session_76338_Attack.graphml (Nodes: 13, Edges: 11)

==================================================
Starting End-to-End Pipeline for: dataset_dev_run_34
==================================================
[1/3] Running Algorithm 1 (SAC)
  wrote dataset_dev_run_34_event_table.json  (2312 events, 27473 read total)
  wrote dataset_dev_run_34_session_correlation.csv  (2312 correlated pairs)
[2/3] Running Algorithm 2 (Graph Construction)
     => Generated 107 base session graphs natively in RAM
[3/3] Running Algorithm 3 (Behavior Abstraction & Serialization)
     [+] Wrote enriched_session_76654_Sabotage.graphml (Nodes: 3, Edges: 2)
     [+] Wrote enriched_session_76656_Data_Exfiltration.graphml (Nodes: 4, Edges: 3)
     [+] Wrote enriched_session_76657_Data_Exfiltration.graphml (Nodes: 4, Edges: 3)
     [+] Wrote enriched_session_76655_Data_Exfiltration.graphml (Nodes: 9, Edges: 9)
     [+] Wrote enriched_session_76727_Data_Exfiltration.graphml (Nodes: 4, Edges: 3)
     [+] Wrote enriched_session_76667_Normal.graphml (Nodes: 13, Edges: 17)
     [+] Wrote enriched_session_76693_Normal.graphml (Nodes: 13, Edges: 17)
     [+] Wrote enriched_session_76681_Normal.graphml (Nodes: 13, Edges: 17)
     [+] Wrote enriched_session_76668_Normal.graphml (Nodes: 13, Edges: 17)
     [+] Wrote enriched_session_76677_Normal.graphml (Nodes: 13, Edges: 17)
     [+] Wrote enriched_session_76719_Normal.graphml (Nodes: 13, Edges: 17)
     [+] Wrote enriched_session_76691_Normal.graphml (Nodes: 13, Edges: 17)
     [+] Wrote enriched_session_76696_Normal.graphml (Nodes: 13, Edges: 17)
     [+] Wrote enriched_session_76682_Normal.graphml (Nodes: 13, Edges: 17)
     [+] Wrote enriched_session_76694_Normal.graphml (Nodes: 13, Edges: 17)
     [+] Wrote enriched_session_76686_Normal.graphml (Nodes: 13, Edges: 17)
     [+] Wrote enriched_session_76699_Normal.graphml (Nodes: 13, Edges: 17)
     [+] Wrote enriched_session_76720_Normal.graphml (Nodes: 13, Edges: 17)
     [+] Wrote enriched_session_76712_Normal.graphml (Nodes: 13, Edges: 17)
     [+] Wrote enriched_session_76704_Normal.graphml (Nodes: 13, Edges: 17)
     [+] Wrote enriched_session_76728_Normal.graphml (Nodes: 13, Edges: 17)
     [+] Wrote enriched_session_76715_Normal.graphml (Nodes: 13, Edges: 17)
     [+] Wrote enriched_session_76717_Normal.graphml (Nodes: 13, Edges: 17)
     [+] Wrote enriched_session_76700_Normal.graphml (Nodes: 13, Edges: 17)
     [+] Wrote enriched_session_76669_Normal.graphml (Nodes: 13, Edges: 17)
     [+] Wrote enriched_session_76685_Normal.graphml (Nodes: 13, Edges: 17)
     [+] Wrote enriched_session_76705_Normal.graphml (Nodes: 13, Edges: 17)
     [+] Wrote enriched_session_76665_Normal.graphml (Nodes: 13, Edges: 17)
     [+] Wrote enriched_session_76690_Normal.graphml (Nodes: 13, Edges: 17)
     [+] Wrote enriched_session_76702_Normal.graphml (Nodes: 13, Edges: 17)
     [+] Wrote enriched_session_76714_Normal.graphml (Nodes: 13, Edges: 17)
     [+] Wrote enriched_session_76703_Normal.graphml (Nodes: 13, Edges: 17)
     [+] Wrote enriched_session_76698_Normal.graphml (Nodes: 13, Edges: 17)
     [+] Wrote enriched_session_76706_Normal.graphml (Nodes: 13, Edges: 17)
     [+] Wrote enriched_session_76697_Normal.graphml (Nodes: 13, Edges: 17)
     [+] Wrote enriched_session_76711_Normal.graphml (Nodes: 13, Edges: 17)
     [+] Wrote enriched_session_76701_Normal.graphml (Nodes: 13, Edges: 17)
     [+] Wrote enriched_session_76707_Normal.graphml (Nodes: 13, Edges: 17)
     [+] Wrote enriched_session_76687_Normal.graphml (Nodes: 13, Edges: 17)
     [+] Wrote enriched_session_76708_Normal.graphml (Nodes: 13, Edges: 17)
     [+] Wrote enriched_session_76692_Normal.graphml (Nodes: 13, Edges: 17)
     [+] Wrote enriched_session_76695_Normal.graphml (Nodes: 13, Edges: 17)
     [+] Wrote enriched_session_76713_Normal.graphml (Nodes: 13, Edges: 17)
     [+] Wrote enriched_session_76724_Normal.graphml (Nodes: 13, Edges: 17)
     [+] Wrote enriched_session_76716_Normal.graphml (Nodes: 13, Edges: 17)
     [+] Wrote enriched_session_76710_Normal.graphml (Nodes: 13, Edges: 17)
     [+] Wrote enriched_session_76683_Normal.graphml (Nodes: 13, Edges: 17)
     [+] Wrote enriched_session_76709_Normal.graphml (Nodes: 13, Edges: 17)
     [+] Wrote enriched_session_76723_Normal.graphml (Nodes: 13, Edges: 17)
     [+] Wrote enriched_session_76676_Normal.graphml (Nodes: 13, Edges: 17)
     [+] Wrote enriched_session_76722_Normal.graphml (Nodes: 13, Edges: 17)
     [+] Wrote enriched_session_76721_Normal.graphml (Nodes: 13, Edges: 17)
     [+] Wrote enriched_session_76730_Data_Exfiltration.graphml (Nodes: 4, Edges: 3)
     [+] Wrote enriched_session_76726_Normal.graphml (Nodes: 13, Edges: 17)
     [+] Wrote enriched_session_76725_Normal.graphml (Nodes: 13, Edges: 17)
     [+] Wrote enriched_session_76718_Normal.graphml (Nodes: 13, Edges: 17)
     [+] Wrote enriched_session_76738_Data_Exfiltration.graphml (Nodes: 4, Edges: 3)
     [+] Wrote enriched_session_76741_Data_Exfiltration.graphml (Nodes: 4, Edges: 3)
     [+] Wrote enriched_session_76742_Data_Exfiltration.graphml (Nodes: 4, Edges: 4)
     [+] Wrote enriched_session_76743_Data_Exfiltration.graphml (Nodes: 4, Edges: 4)
     [+] Wrote enriched_session_76744_Data_Exfiltration.graphml (Nodes: 4, Edges: 4)
     [+] Wrote enriched_session_76746_Data_Exfiltration.graphml (Nodes: 2, Edges: 1)
     [+] Wrote enriched_session_76755_Data_Exfiltration.graphml (Nodes: 3, Edges: 2)
     [+] Wrote enriched_session_76757_Unauthorized_DB_Read.graphml (Nodes: 4, Edges: 4)
     [+] Wrote enriched_session_76759_Unauthorized_DB_Read.graphml (Nodes: 4, Edges: 4)
     [+] Wrote enriched_session_76758_Unauthorized_DB_Read.graphml (Nodes: 4, Edges: 4)
     [+] Wrote enriched_session_76760_Data_Exfiltration.graphml (Nodes: 28, Edges: 26)
     [+] Wrote enriched_session_76773_Data_Exfiltration.graphml (Nodes: 53, Edges: 57)
     [+] Wrote enriched_session_76791_Data_Exfiltration.graphml (Nodes: 12, Edges: 10)
     [+] Wrote enriched_session_76792_Data_Exfiltration.graphml (Nodes: 35, Edges: 39)
     [+] Wrote enriched_session_76808_Data_Exfiltration.graphml (Nodes: 22, Edges: 23)
     [+] Wrote enriched_session_76823_Data_Exfiltration.graphml (Nodes: 22, Edges: 23)
     [+] Wrote enriched_session_76838_Data_Exfiltration.graphml (Nodes: 26, Edges: 31)
     [+] Wrote enriched_session_76855_Data_Exfiltration.graphml (Nodes: 26, Edges: 31)
     [+] Wrote enriched_session_76872_Data_Exfiltration.graphml (Nodes: 26, Edges: 31)
     [+] Wrote enriched_session_76889_Data_Exfiltration.graphml (Nodes: 26, Edges: 31)
     [+] Wrote enriched_session_76906_Data_Exfiltration.graphml (Nodes: 19, Edges: 17)
     [+] Wrote enriched_session_76920_Data_Exfiltration.graphml (Nodes: 19, Edges: 17)
     [+] Wrote enriched_session_76934_Data_Exfiltration.graphml (Nodes: 19, Edges: 17)
     [+] Wrote enriched_session_76948_Data_Exfiltration.graphml (Nodes: 19, Edges: 17)
     [+] Wrote enriched_session_76962_Data_Exfiltration.graphml (Nodes: 22, Edges: 22)
     [+] Wrote enriched_session_76977_Data_Exfiltration.graphml (Nodes: 22, Edges: 22)
     [+] Wrote enriched_session_76992_Data_Exfiltration.graphml (Nodes: 62, Edges: 66)
     [+] Wrote enriched_session_77008_Data_Exfiltration.graphml (Nodes: 36, Edges: 40)
     [+] Wrote enriched_session_77024_Data_Exfiltration.graphml (Nodes: 23, Edges: 24)
     [+] Wrote enriched_session_77039_Data_Exfiltration.graphml (Nodes: 23, Edges: 24)
     [+] Wrote enriched_session_77054_Data_Exfiltration.graphml (Nodes: 61, Edges: 65)
     [+] Wrote enriched_session_77070_Data_Exfiltration.graphml (Nodes: 35, Edges: 39)
     [+] Wrote enriched_session_77086_Data_Exfiltration.graphml (Nodes: 127, Edges: 128)
     [+] Wrote enriched_session_77102_Data_Exfiltration.graphml (Nodes: 62, Edges: 67)
     [+] Wrote enriched_session_77119_Data_Exfiltration.graphml (Nodes: 62, Edges: 67)
     [+] Wrote enriched_session_77134_Normal.graphml (Nodes: 24, Edges: 23)
     [+] Wrote enriched_session_77137_Normal.graphml (Nodes: 13, Edges: 11)
     [+] Wrote enriched_session_77140_Normal.graphml (Nodes: 59, Edges: 59)
     [+] Wrote enriched_session_77148_Normal.graphml (Nodes: 72, Edges: 74)
     [+] Wrote enriched_session_77180_OS_Privilege_Escalation.graphml (Nodes: 21, Edges: 22)
     [+] Wrote enriched_session_77195_OS_Privilege_Escalation.graphml (Nodes: 21, Edges: 22)
     [+] Wrote enriched_session_77210_OS_Privilege_Escalation.graphml (Nodes: 20, Edges: 21)
     [+] Wrote enriched_session_77238_OS_Privilege_Escalation.graphml (Nodes: 29, Edges: 36)
     [+] Wrote enriched_session_77268_Attack.graphml (Nodes: 61, Edges: 65)
     [+] Wrote enriched_session_77284_Attack.graphml (Nodes: 13, Edges: 11)
     [+] Wrote enriched_session_77286_Attack.graphml (Nodes: 13, Edges: 11)
     [+] Wrote enriched_session_77288_Attack.graphml (Nodes: 18, Edges: 17)
     [+] Wrote enriched_session_77301_Attack.graphml (Nodes: 22, Edges: 22)
     [+] Wrote enriched_session_77317_Attack.graphml (Nodes: 18, Edges: 16)
     [+] Wrote enriched_session_77330_Attack.graphml (Nodes: 13, Edges: 11)
     [+] Wrote enriched_session_77343_Attack.graphml (Nodes: 13, Edges: 11)

==================================================
Starting End-to-End Pipeline for: dataset_dev_run_35
==================================================
[1/3] Running Algorithm 1 (SAC)
  wrote dataset_dev_run_35_event_table.json  (2318 events, 26314 read total)
  wrote dataset_dev_run_35_session_correlation.csv  (2318 correlated pairs)
[2/3] Running Algorithm 2 (Graph Construction)
     => Generated 107 base session graphs natively in RAM
[3/3] Running Algorithm 3 (Behavior Abstraction & Serialization)
     [+] Wrote enriched_session_77660_Data_Exfiltration.graphml (Nodes: 4, Edges: 3)
     [+] Wrote enriched_session_77662_Data_Exfiltration.graphml (Nodes: 9, Edges: 9)
     [+] Wrote enriched_session_77663_Sabotage.graphml (Nodes: 3, Edges: 2)
     [+] Wrote enriched_session_77671_Data_Exfiltration.graphml (Nodes: 4, Edges: 3)
     [+] Wrote enriched_session_77673_Normal.graphml (Nodes: 13, Edges: 17)
     [+] Wrote enriched_session_77690_Normal.graphml (Nodes: 13, Edges: 17)
     [+] Wrote enriched_session_77677_Normal.graphml (Nodes: 13, Edges: 17)
     [+] Wrote enriched_session_77683_Normal.graphml (Nodes: 13, Edges: 17)
     [+] Wrote enriched_session_77670_Normal.graphml (Nodes: 13, Edges: 17)
     [+] Wrote enriched_session_77667_Normal.graphml (Nodes: 13, Edges: 17)
     [+] Wrote enriched_session_77675_Normal.graphml (Nodes: 13, Edges: 17)
     [+] Wrote enriched_session_77691_Normal.graphml (Nodes: 13, Edges: 17)
     [+] Wrote enriched_session_77709_Normal.graphml (Nodes: 13, Edges: 17)
     [+] Wrote enriched_session_77699_Normal.graphml (Nodes: 13, Edges: 17)
     [+] Wrote enriched_session_77678_Normal.graphml (Nodes: 13, Edges: 17)
     [+] Wrote enriched_session_77701_Normal.graphml (Nodes: 13, Edges: 17)
     [+] Wrote enriched_session_77720_Normal.graphml (Nodes: 13, Edges: 17)
     [+] Wrote enriched_session_77689_Normal.graphml (Nodes: 13, Edges: 17)
     [+] Wrote enriched_session_77708_Normal.graphml (Nodes: 13, Edges: 17)
     [+] Wrote enriched_session_77695_Normal.graphml (Nodes: 13, Edges: 17)
     [+] Wrote enriched_session_77702_Normal.graphml (Nodes: 13, Edges: 17)
     [+] Wrote enriched_session_77722_Normal.graphml (Nodes: 13, Edges: 17)
     [+] Wrote enriched_session_77694_Normal.graphml (Nodes: 13, Edges: 17)
     [+] Wrote enriched_session_77718_Normal.graphml (Nodes: 13, Edges: 17)
     [+] Wrote enriched_session_77687_Normal.graphml (Nodes: 13, Edges: 17)
     [+] Wrote enriched_session_77668_Normal.graphml (Nodes: 13, Edges: 17)
     [+] Wrote enriched_session_77726_Normal.graphml (Nodes: 13, Edges: 17)
     [+] Wrote enriched_session_77703_Normal.graphml (Nodes: 13, Edges: 17)
     [+] Wrote enriched_session_77723_Normal.graphml (Nodes: 13, Edges: 17)
     [+] Wrote enriched_session_77669_Normal.graphml (Nodes: 13, Edges: 17)
     [+] Wrote enriched_session_77698_Normal.graphml (Nodes: 13, Edges: 17)
     [+] Wrote enriched_session_77672_Normal.graphml (Nodes: 13, Edges: 17)
     [+] Wrote enriched_session_77732_Normal.graphml (Nodes: 13, Edges: 17)
     [+] Wrote enriched_session_77713_Normal.graphml (Nodes: 13, Edges: 17)
     [+] Wrote enriched_session_77714_Normal.graphml (Nodes: 13, Edges: 17)
     [+] Wrote enriched_session_77674_Normal.graphml (Nodes: 13, Edges: 17)
     [+] Wrote enriched_session_77731_Normal.graphml (Nodes: 13, Edges: 17)
     [+] Wrote enriched_session_77724_Normal.graphml (Nodes: 13, Edges: 17)
     [+] Wrote enriched_session_77729_Normal.graphml (Nodes: 13, Edges: 17)
     [+] Wrote enriched_session_77728_Normal.graphml (Nodes: 13, Edges: 17)
     [+] Wrote enriched_session_77681_Normal.graphml (Nodes: 13, Edges: 17)
     [+] Wrote enriched_session_77692_Normal.graphml (Nodes: 13, Edges: 17)
     [+] Wrote enriched_session_77719_Normal.graphml (Nodes: 13, Edges: 17)
     [+] Wrote enriched_session_77693_Normal.graphml (Nodes: 13, Edges: 17)
     [+] Wrote enriched_session_77696_Normal.graphml (Nodes: 13, Edges: 17)
     [+] Wrote enriched_session_77711_Normal.graphml (Nodes: 13, Edges: 17)
     [+] Wrote enriched_session_77717_Normal.graphml (Nodes: 13, Edges: 17)
     [+] Wrote enriched_session_77707_Normal.graphml (Nodes: 13, Edges: 17)
     [+] Wrote enriched_session_77721_Normal.graphml (Nodes: 13, Edges: 17)
     [+] Wrote enriched_session_77730_Normal.graphml (Nodes: 13, Edges: 17)
     [+] Wrote enriched_session_77710_Normal.graphml (Nodes: 13, Edges: 17)
     [+] Wrote enriched_session_77733_Normal.graphml (Nodes: 13, Edges: 17)
     [+] Wrote enriched_session_77727_Normal.graphml (Nodes: 13, Edges: 17)
     [+] Wrote enriched_session_77725_Normal.graphml (Nodes: 13, Edges: 17)
     [+] Wrote enriched_session_77734_Data_Exfiltration.graphml (Nodes: 4, Edges: 3)
     [+] Wrote enriched_session_77737_Data_Exfiltration.graphml (Nodes: 4, Edges: 3)
     [+] Wrote enriched_session_77744_Data_Exfiltration.graphml (Nodes: 4, Edges: 3)
     [+] Wrote enriched_session_77746_Data_Exfiltration.graphml (Nodes: 4, Edges: 3)
     [+] Wrote enriched_session_77749_Data_Exfiltration.graphml (Nodes: 4, Edges: 4)
     [+] Wrote enriched_session_77750_Data_Exfiltration.graphml (Nodes: 2, Edges: 1)
     [+] Wrote enriched_session_77751_Data_Exfiltration.graphml (Nodes: 4, Edges: 4)
     [+] Wrote enriched_session_77752_Data_Exfiltration.graphml (Nodes: 4, Edges: 4)
     [+] Wrote enriched_session_77754_Data_Exfiltration.graphml (Nodes: 3, Edges: 2)
     [+] Wrote enriched_session_77763_Data_Exfiltration.graphml (Nodes: 29, Edges: 27)
     [+] Wrote enriched_session_77764_Unauthorized_DB_Read.graphml (Nodes: 4, Edges: 4)
     [+] Wrote enriched_session_77766_Unauthorized_DB_Read.graphml (Nodes: 4, Edges: 4)
     [+] Wrote enriched_session_77765_Unauthorized_DB_Read.graphml (Nodes: 4, Edges: 4)
     [+] Wrote enriched_session_77780_Data_Exfiltration.graphml (Nodes: 53, Edges: 57)
     [+] Wrote enriched_session_77798_Data_Exfiltration.graphml (Nodes: 12, Edges: 10)
     [+] Wrote enriched_session_77799_Data_Exfiltration.graphml (Nodes: 35, Edges: 39)
     [+] Wrote enriched_session_77815_Data_Exfiltration.graphml (Nodes: 22, Edges: 23)
     [+] Wrote enriched_session_77830_Data_Exfiltration.graphml (Nodes: 22, Edges: 23)
     [+] Wrote enriched_session_77845_Data_Exfiltration.graphml (Nodes: 26, Edges: 30)
     [+] Wrote enriched_session_77862_Data_Exfiltration.graphml (Nodes: 26, Edges: 30)
     [+] Wrote enriched_session_77879_Data_Exfiltration.graphml (Nodes: 26, Edges: 30)
     [+] Wrote enriched_session_77896_Data_Exfiltration.graphml (Nodes: 26, Edges: 30)
     [+] Wrote enriched_session_77913_Data_Exfiltration.graphml (Nodes: 19, Edges: 17)
     [+] Wrote enriched_session_77927_Data_Exfiltration.graphml (Nodes: 19, Edges: 17)
     [+] Wrote enriched_session_77941_Data_Exfiltration.graphml (Nodes: 19, Edges: 18)
     [+] Wrote enriched_session_77955_Data_Exfiltration.graphml (Nodes: 19, Edges: 18)
     [+] Wrote enriched_session_77969_Data_Exfiltration.graphml (Nodes: 22, Edges: 23)
     [+] Wrote enriched_session_77984_Data_Exfiltration.graphml (Nodes: 22, Edges: 23)
     [+] Wrote enriched_session_77999_Data_Exfiltration.graphml (Nodes: 62, Edges: 66)
     [+] Wrote enriched_session_78015_Data_Exfiltration.graphml (Nodes: 36, Edges: 40)
     [+] Wrote enriched_session_78031_Data_Exfiltration.graphml (Nodes: 23, Edges: 24)
     [+] Wrote enriched_session_78046_Data_Exfiltration.graphml (Nodes: 23, Edges: 23)
     [+] Wrote enriched_session_78061_Data_Exfiltration.graphml (Nodes: 61, Edges: 64)
     [+] Wrote enriched_session_78077_Data_Exfiltration.graphml (Nodes: 35, Edges: 38)
     [+] Wrote enriched_session_78093_Data_Exfiltration.graphml (Nodes: 127, Edges: 127)
     [+] Wrote enriched_session_78108_Data_Exfiltration.graphml (Nodes: 62, Edges: 68)
     [+] Wrote enriched_session_78125_Data_Exfiltration.graphml (Nodes: 62, Edges: 68)
     [+] Wrote enriched_session_78139_Normal.graphml (Nodes: 18, Edges: 17)
     [+] Wrote enriched_session_78142_Normal.graphml (Nodes: 13, Edges: 11)
     [+] Wrote enriched_session_78145_Normal.graphml (Nodes: 59, Edges: 60)
     [+] Wrote enriched_session_78154_Normal.graphml (Nodes: 72, Edges: 74)
     [+] Wrote enriched_session_78186_OS_Privilege_Escalation.graphml (Nodes: 21, Edges: 22)
     [+] Wrote enriched_session_78201_Attack.graphml (Nodes: 21, Edges: 21)
     [+] Wrote enriched_session_78216_Attack.graphml (Nodes: 20, Edges: 20)
     [+] Wrote enriched_session_78244_Attack.graphml (Nodes: 29, Edges: 35)
     [+] Wrote enriched_session_78274_Attack.graphml (Nodes: 61, Edges: 65)
     [+] Wrote enriched_session_78290_Attack.graphml (Nodes: 13, Edges: 11)
     [+] Wrote enriched_session_78292_Attack.graphml (Nodes: 13, Edges: 11)
     [+] Wrote enriched_session_78294_Attack.graphml (Nodes: 18, Edges: 17)
     [+] Wrote enriched_session_78307_Attack.graphml (Nodes: 24, Edges: 25)
     [+] Wrote enriched_session_78323_Attack.graphml (Nodes: 18, Edges: 16)
     [+] Wrote enriched_session_78336_Attack.graphml (Nodes: 13, Edges: 11)
     [+] Wrote enriched_session_78349_Attack.graphml (Nodes: 13, Edges: 11)

==================================================
Starting End-to-End Pipeline for: dataset_dev_run_36
==================================================
[1/3] Running Algorithm 1 (SAC)
  wrote dataset_dev_run_36_event_table.json  (1884 events, 28537 read total)
  wrote dataset_dev_run_36_session_correlation.csv  (1884 correlated pairs)
[2/3] Running Algorithm 2 (Graph Construction)
     => Generated 107 base session graphs natively in RAM
[3/3] Running Algorithm 3 (Behavior Abstraction & Serialization)
     [+] Wrote enriched_session_78666_Data_Exfiltration.graphml (Nodes: 9, Edges: 9)
     [+] Wrote enriched_session_78670_Data_Exfiltration.graphml (Nodes: 4, Edges: 3)
     [+] Wrote enriched_session_78677_Sabotage.graphml (Nodes: 3, Edges: 2)
     [+] Wrote enriched_session_78688_Data_Exfiltration.graphml (Nodes: 4, Edges: 3)
     [+] Wrote enriched_session_78680_Normal.graphml (Nodes: 13, Edges: 17)
     [+] Wrote enriched_session_78690_Normal.graphml (Nodes: 13, Edges: 17)
     [+] Wrote enriched_session_78732_Normal.graphml (Nodes: 13, Edges: 17)
     [+] Wrote enriched_session_78713_Normal.graphml (Nodes: 13, Edges: 17)
     [+] Wrote enriched_session_78698_Normal.graphml (Nodes: 13, Edges: 17)
     [+] Wrote enriched_session_78727_Normal.graphml (Nodes: 13, Edges: 17)
     [+] Wrote enriched_session_78685_Normal.graphml (Nodes: 13, Edges: 17)
     [+] Wrote enriched_session_78736_Normal.graphml (Nodes: 13, Edges: 17)
     [+] Wrote enriched_session_78684_Normal.graphml (Nodes: 13, Edges: 17)
     [+] Wrote enriched_session_78702_Normal.graphml (Nodes: 13, Edges: 17)
     [+] Wrote enriched_session_78674_Normal.graphml (Nodes: 13, Edges: 17)
     [+] Wrote enriched_session_78707_Normal.graphml (Nodes: 13, Edges: 17)
     [+] Wrote enriched_session_78672_Normal.graphml (Nodes: 13, Edges: 17)
     [+] Wrote enriched_session_78703_Normal.graphml (Nodes: 13, Edges: 17)
     [+] Wrote enriched_session_78723_Normal.graphml (Nodes: 13, Edges: 17)
     [+] Wrote enriched_session_78700_Normal.graphml (Nodes: 13, Edges: 17)
     [+] Wrote enriched_session_78730_Normal.graphml (Nodes: 13, Edges: 17)
     [+] Wrote enriched_session_78705_Normal.graphml (Nodes: 13, Edges: 17)
     [+] Wrote enriched_session_78734_Normal.graphml (Nodes: 13, Edges: 17)
     [+] Wrote enriched_session_78737_Normal.graphml (Nodes: 13, Edges: 17)
     [+] Wrote enriched_session_78710_Normal.graphml (Nodes: 13, Edges: 17)
     [+] Wrote enriched_session_78675_Normal.graphml (Nodes: 13, Edges: 17)
     [+] Wrote enriched_session_78729_Normal.graphml (Nodes: 13, Edges: 17)
     [+] Wrote enriched_session_78681_Normal.graphml (Nodes: 13, Edges: 17)
     [+] Wrote enriched_session_78738_Normal.graphml (Nodes: 13, Edges: 17)
     [+] Wrote enriched_session_78722_Normal.graphml (Nodes: 13, Edges: 17)
     [+] Wrote enriched_session_78726_Normal.graphml (Nodes: 13, Edges: 17)
     [+] Wrote enriched_session_78693_Normal.graphml (Nodes: 13, Edges: 17)
     [+] Wrote enriched_session_78673_Normal.graphml (Nodes: 13, Edges: 17)
     [+] Wrote enriched_session_78679_Normal.graphml (Nodes: 13, Edges: 17)
     [+] Wrote enriched_session_78694_Normal.graphml (Nodes: 13, Edges: 17)
     [+] Wrote enriched_session_78719_Normal.graphml (Nodes: 13, Edges: 17)
     [+] Wrote enriched_session_78724_Normal.graphml (Nodes: 13, Edges: 17)
     [+] Wrote enriched_session_78733_Normal.graphml (Nodes: 13, Edges: 17)
     [+] Wrote enriched_session_78739_Normal.graphml (Nodes: 13, Edges: 17)
     [+] Wrote enriched_session_78706_Normal.graphml (Nodes: 13, Edges: 17)
     [+] Wrote enriched_session_78711_Normal.graphml (Nodes: 13, Edges: 17)
     [+] Wrote enriched_session_78676_Normal.graphml (Nodes: 13, Edges: 17)
     [+] Wrote enriched_session_78671_Normal.graphml (Nodes: 13, Edges: 17)
     [+] Wrote enriched_session_78695_Normal.graphml (Nodes: 13, Edges: 17)
     [+] Wrote enriched_session_78725_Normal.graphml (Nodes: 13, Edges: 17)
     [+] Wrote enriched_session_78728_Normal.graphml (Nodes: 13, Edges: 17)
     [+] Wrote enriched_session_78731_Normal.graphml (Nodes: 13, Edges: 17)
     [+] Wrote enriched_session_78735_Normal.graphml (Nodes: 13, Edges: 17)
     [+] Wrote enriched_session_78717_Normal.graphml (Nodes: 13, Edges: 17)
     [+] Wrote enriched_session_78682_Normal.graphml (Nodes: 13, Edges: 17)
     [+] Wrote enriched_session_78686_Normal.graphml (Nodes: 13, Edges: 17)
     [+] Wrote enriched_session_78701_Normal.graphml (Nodes: 13, Edges: 17)
     [+] Wrote enriched_session_78704_Normal.graphml (Nodes: 13, Edges: 17)
     [+] Wrote enriched_session_78740_Data_Exfiltration.graphml (Nodes: 4, Edges: 3)
     [+] Wrote enriched_session_78708_Normal.graphml (Nodes: 13, Edges: 17)
     [+] Wrote enriched_session_78743_Data_Exfiltration.graphml (Nodes: 4, Edges: 3)
     [+] Wrote enriched_session_78750_Data_Exfiltration.graphml (Nodes: 4, Edges: 3)
     [+] Wrote enriched_session_78751_Data_Exfiltration.graphml (Nodes: 4, Edges: 4)
     [+] Wrote enriched_session_78752_Data_Exfiltration.graphml (Nodes: 4, Edges: 4)
     [+] Wrote enriched_session_78753_Data_Exfiltration.graphml (Nodes: 4, Edges: 4)
     [+] Wrote enriched_session_78755_Data_Exfiltration.graphml (Nodes: 4, Edges: 3)
     [+] Wrote enriched_session_78758_Data_Exfiltration.graphml (Nodes: 2, Edges: 1)
     [+] Wrote enriched_session_78767_Data_Exfiltration.graphml (Nodes: 3, Edges: 2)
     [+] Wrote enriched_session_78769_Unauthorized_DB_Read.graphml (Nodes: 4, Edges: 4)
     [+] Wrote enriched_session_78770_Data_Exfiltration.graphml (Nodes: 2, Edges: 1)
     [+] Wrote enriched_session_78772_Unauthorized_DB_Read.graphml (Nodes: 4, Edges: 4)
     [+] Wrote enriched_session_78771_Unauthorized_DB_Read.graphml (Nodes: 4, Edges: 4)
     [+] Wrote enriched_session_78785_Data_Exfiltration.graphml (Nodes: 4, Edges: 3)
     [+] Wrote enriched_session_78946_Data_Exfiltration.graphml (Nodes: 19, Edges: 17)
     [+] Wrote enriched_session_78960_Data_Exfiltration.graphml (Nodes: 19, Edges: 17)
     [+] Wrote enriched_session_78974_Data_Exfiltration.graphml (Nodes: 22, Edges: 22)
     [+] Wrote enriched_session_78989_Data_Exfiltration.graphml (Nodes: 22, Edges: 22)
     [+] Wrote enriched_session_79004_Data_Exfiltration.graphml (Nodes: 62, Edges: 65)
     [+] Wrote enriched_session_79020_Data_Exfiltration.graphml (Nodes: 36, Edges: 39)
     [+] Wrote enriched_session_79036_Data_Exfiltration.graphml (Nodes: 23, Edges: 23)
     [+] Wrote enriched_session_79051_Data_Exfiltration.graphml (Nodes: 23, Edges: 23)
     [+] Wrote enriched_session_79066_Data_Exfiltration.graphml (Nodes: 61, Edges: 64)
     [+] Wrote enriched_session_79082_Data_Exfiltration.graphml (Nodes: 35, Edges: 38)
     [+] Wrote enriched_session_78803_Data_Exfiltration.graphml (Nodes: 2, Edges: 1)
     [+] Wrote enriched_session_78804_Data_Exfiltration.graphml (Nodes: 4, Edges: 3)
     [+] Wrote enriched_session_78820_Data_Exfiltration.graphml (Nodes: 4, Edges: 3)
     [+] Wrote enriched_session_78835_Data_Exfiltration.graphml (Nodes: 4, Edges: 3)
     [+] Wrote enriched_session_78850_Data_Exfiltration.graphml (Nodes: 4, Edges: 3)
     [+] Wrote enriched_session_78867_Data_Exfiltration.graphml (Nodes: 4, Edges: 3)
     [+] Wrote enriched_session_78884_Data_Exfiltration.graphml (Nodes: 4, Edges: 3)
     [+] Wrote enriched_session_78901_Data_Exfiltration.graphml (Nodes: 4, Edges: 3)
     [+] Wrote enriched_session_78918_Data_Exfiltration.graphml (Nodes: 4, Edges: 3)
     [+] Wrote enriched_session_78932_Data_Exfiltration.graphml (Nodes: 4, Edges: 3)
     [+] Wrote enriched_session_79098_Data_Exfiltration.graphml (Nodes: 127, Edges: 127)
     [+] Wrote enriched_session_79113_Data_Exfiltration.graphml (Nodes: 62, Edges: 67)
     [+] Wrote enriched_session_79130_Data_Exfiltration.graphml (Nodes: 62, Edges: 67)
     [+] Wrote enriched_session_79164_Normal.graphml (Nodes: 18, Edges: 17)
     [+] Wrote enriched_session_79167_Normal.graphml (Nodes: 13, Edges: 11)
     [+] Wrote enriched_session_79170_Normal.graphml (Nodes: 59, Edges: 59)
     [+] Wrote enriched_session_79178_Normal.graphml (Nodes: 72, Edges: 73)
     [+] Wrote enriched_session_79210_OS_Privilege_Escalation.graphml (Nodes: 21, Edges: 21)
     [+] Wrote enriched_session_79225_OS_Privilege_Escalation.graphml (Nodes: 21, Edges: 21)
     [+] Wrote enriched_session_79240_OS_Privilege_Escalation.graphml (Nodes: 20, Edges: 20)
     [+] Wrote enriched_session_79268_OS_Privilege_Escalation.graphml (Nodes: 29, Edges: 35)
     [+] Wrote enriched_session_79298_Attack.graphml (Nodes: 61, Edges: 65)
     [+] Wrote enriched_session_79314_Attack.graphml (Nodes: 13, Edges: 11)
     [+] Wrote enriched_session_79316_Attack.graphml (Nodes: 13, Edges: 11)
     [+] Wrote enriched_session_79318_Attack.graphml (Nodes: 18, Edges: 17)
     [+] Wrote enriched_session_79331_Attack.graphml (Nodes: 22, Edges: 22)
     [+] Wrote enriched_session_79347_Attack.graphml (Nodes: 18, Edges: 16)
     [+] Wrote enriched_session_79360_Attack.graphml (Nodes: 13, Edges: 11)
     [+] Wrote enriched_session_79373_Attack.graphml (Nodes: 13, Edges: 11)

==================================================
Starting End-to-End Pipeline for: dataset_dev_run_37
==================================================
[1/3] Running Algorithm 1 (SAC)
  wrote dataset_dev_run_37_event_table.json  (2298 events, 28274 read total)
  wrote dataset_dev_run_37_session_correlation.csv  (2298 correlated pairs)
[2/3] Running Algorithm 2 (Graph Construction)
     => Generated 107 base session graphs natively in RAM
[3/3] Running Algorithm 3 (Behavior Abstraction & Serialization)
     [+] Wrote enriched_session_79690_Normal.graphml (Nodes: 4, Edges: 3)
     [+] Wrote enriched_session_79692_Normal.graphml (Nodes: 9, Edges: 9)
     [+] Wrote enriched_session_79693_Sabotage.graphml (Nodes: 3, Edges: 2)
     [+] Wrote enriched_session_79694_Data_Exfiltration.graphml (Nodes: 4, Edges: 3)
     [+] Wrote enriched_session_79796_Data_Exfiltration.graphml (Nodes: 26, Edges: 24)
     [+] Wrote enriched_session_79710_Normal.graphml (Nodes: 13, Edges: 17)
     [+] Wrote enriched_session_79721_Normal.graphml (Nodes: 13, Edges: 17)
     [+] Wrote enriched_session_79727_Normal.graphml (Nodes: 13, Edges: 17)
     [+] Wrote enriched_session_79749_Normal.graphml (Nodes: 13, Edges: 17)
     [+] Wrote enriched_session_79700_Normal.graphml (Nodes: 13, Edges: 17)
     [+] Wrote enriched_session_79756_Normal.graphml (Nodes: 13, Edges: 17)
     [+] Wrote enriched_session_79759_Normal.graphml (Nodes: 13, Edges: 17)
     [+] Wrote enriched_session_79735_Normal.graphml (Nodes: 13, Edges: 17)
     [+] Wrote enriched_session_79706_Normal.graphml (Nodes: 13, Edges: 17)
     [+] Wrote enriched_session_79717_Normal.graphml (Nodes: 13, Edges: 17)
     [+] Wrote enriched_session_79704_Normal.graphml (Nodes: 13, Edges: 17)
     [+] Wrote enriched_session_79739_Normal.graphml (Nodes: 13, Edges: 17)
     [+] Wrote enriched_session_79745_Normal.graphml (Nodes: 13, Edges: 17)
     [+] Wrote enriched_session_79753_Normal.graphml (Nodes: 13, Edges: 17)
     [+] Wrote enriched_session_79714_Normal.graphml (Nodes: 13, Edges: 17)
     [+] Wrote enriched_session_79758_Normal.graphml (Nodes: 13, Edges: 17)
     [+] Wrote enriched_session_79738_Normal.graphml (Nodes: 13, Edges: 17)
     [+] Wrote enriched_session_79762_Normal.graphml (Nodes: 13, Edges: 17)
     [+] Wrote enriched_session_79754_Normal.graphml (Nodes: 13, Edges: 17)
     [+] Wrote enriched_session_79741_Normal.graphml (Nodes: 13, Edges: 17)
     [+] Wrote enriched_session_79744_Normal.graphml (Nodes: 13, Edges: 17)
     [+] Wrote enriched_session_79752_Normal.graphml (Nodes: 13, Edges: 17)
     [+] Wrote enriched_session_79720_Normal.graphml (Nodes: 13, Edges: 17)
     [+] Wrote enriched_session_79724_Normal.graphml (Nodes: 13, Edges: 17)
     [+] Wrote enriched_session_79760_Normal.graphml (Nodes: 13, Edges: 17)
     [+] Wrote enriched_session_79701_Normal.graphml (Nodes: 13, Edges: 17)
     [+] Wrote enriched_session_79718_Normal.graphml (Nodes: 13, Edges: 17)
     [+] Wrote enriched_session_79723_Normal.graphml (Nodes: 13, Edges: 17)
     [+] Wrote enriched_session_79728_Normal.graphml (Nodes: 13, Edges: 17)
     [+] Wrote enriched_session_79750_Normal.graphml (Nodes: 13, Edges: 17)
     [+] Wrote enriched_session_79707_Normal.graphml (Nodes: 13, Edges: 17)
     [+] Wrote enriched_session_79716_Normal.graphml (Nodes: 13, Edges: 17)
     [+] Wrote enriched_session_79732_Normal.graphml (Nodes: 13, Edges: 17)
     [+] Wrote enriched_session_79736_Normal.graphml (Nodes: 13, Edges: 17)
     [+] Wrote enriched_session_79734_Normal.graphml (Nodes: 13, Edges: 17)
     [+] Wrote enriched_session_79748_Normal.graphml (Nodes: 13, Edges: 17)
     [+] Wrote enriched_session_79746_Normal.graphml (Nodes: 13, Edges: 17)
     [+] Wrote enriched_session_79743_Normal.graphml (Nodes: 13, Edges: 17)
     [+] Wrote enriched_session_79751_Normal.graphml (Nodes: 13, Edges: 17)
     [+] Wrote enriched_session_79755_Normal.graphml (Nodes: 13, Edges: 17)
     [+] Wrote enriched_session_79709_Normal.graphml (Nodes: 13, Edges: 17)
     [+] Wrote enriched_session_79715_Normal.graphml (Nodes: 13, Edges: 17)
     [+] Wrote enriched_session_79719_Normal.graphml (Nodes: 13, Edges: 17)
     [+] Wrote enriched_session_79725_Normal.graphml (Nodes: 13, Edges: 17)
     [+] Wrote enriched_session_79747_Normal.graphml (Nodes: 13, Edges: 17)
     [+] Wrote enriched_session_79761_Normal.graphml (Nodes: 13, Edges: 17)
     [+] Wrote enriched_session_79763_Normal.graphml (Nodes: 13, Edges: 17)
     [+] Wrote enriched_session_79733_Normal.graphml (Nodes: 13, Edges: 17)
     [+] Wrote enriched_session_79702_Normal.graphml (Nodes: 13, Edges: 17)
     [+] Wrote enriched_session_79757_Normal.graphml (Nodes: 13, Edges: 17)
     [+] Wrote enriched_session_79765_Data_Exfiltration.graphml (Nodes: 4, Edges: 3)
     [+] Wrote enriched_session_79768_Data_Exfiltration.graphml (Nodes: 4, Edges: 3)
     [+] Wrote enriched_session_79774_Data_Exfiltration.graphml (Nodes: 4, Edges: 3)
     [+] Wrote enriched_session_79776_Data_Exfiltration.graphml (Nodes: 4, Edges: 3)
     [+] Wrote enriched_session_79777_Data_Exfiltration.graphml (Nodes: 4, Edges: 4)
     [+] Wrote enriched_session_79780_Data_Exfiltration.graphml (Nodes: 4, Edges: 4)
     [+] Wrote enriched_session_79781_Data_Exfiltration.graphml (Nodes: 4, Edges: 4)
     [+] Wrote enriched_session_79782_Data_Exfiltration.graphml (Nodes: 2, Edges: 1)
     [+] Wrote enriched_session_79791_Data_Exfiltration.graphml (Nodes: 3, Edges: 2)
     [+] Wrote enriched_session_79793_Unauthorized_DB_Read.graphml (Nodes: 4, Edges: 4)
     [+] Wrote enriched_session_79794_Unauthorized_DB_Read.graphml (Nodes: 4, Edges: 4)
     [+] Wrote enriched_session_79795_Unauthorized_DB_Read.graphml (Nodes: 4, Edges: 4)
     [+] Wrote enriched_session_79809_Data_Exfiltration.graphml (Nodes: 53, Edges: 57)
     [+] Wrote enriched_session_79827_Data_Exfiltration.graphml (Nodes: 12, Edges: 10)
     [+] Wrote enriched_session_79828_Data_Exfiltration.graphml (Nodes: 35, Edges: 38)
     [+] Wrote enriched_session_79844_Data_Exfiltration.graphml (Nodes: 22, Edges: 22)
     [+] Wrote enriched_session_79859_Data_Exfiltration.graphml (Nodes: 22, Edges: 22)
     [+] Wrote enriched_session_79874_Data_Exfiltration.graphml (Nodes: 26, Edges: 30)
     [+] Wrote enriched_session_79891_Data_Exfiltration.graphml (Nodes: 26, Edges: 31)
     [+] Wrote enriched_session_79908_Data_Exfiltration.graphml (Nodes: 26, Edges: 31)
     [+] Wrote enriched_session_79925_Data_Exfiltration.graphml (Nodes: 26, Edges: 31)
     [+] Wrote enriched_session_79942_Data_Exfiltration.graphml (Nodes: 19, Edges: 18)
     [+] Wrote enriched_session_79956_Data_Exfiltration.graphml (Nodes: 19, Edges: 18)
     [+] Wrote enriched_session_79970_Data_Exfiltration.graphml (Nodes: 19, Edges: 17)
     [+] Wrote enriched_session_79984_Data_Exfiltration.graphml (Nodes: 19, Edges: 17)
     [+] Wrote enriched_session_79998_Data_Exfiltration.graphml (Nodes: 22, Edges: 22)
     [+] Wrote enriched_session_80013_Data_Exfiltration.graphml (Nodes: 22, Edges: 22)
     [+] Wrote enriched_session_80028_Data_Exfiltration.graphml (Nodes: 62, Edges: 65)
     [+] Wrote enriched_session_80044_Data_Exfiltration.graphml (Nodes: 36, Edges: 39)
     [+] Wrote enriched_session_80060_Data_Exfiltration.graphml (Nodes: 23, Edges: 23)
     [+] Wrote enriched_session_80075_Data_Exfiltration.graphml (Nodes: 23, Edges: 23)
     [+] Wrote enriched_session_80091_Data_Exfiltration.graphml (Nodes: 61, Edges: 64)
     [+] Wrote enriched_session_80107_Data_Exfiltration.graphml (Nodes: 35, Edges: 39)
     [+] Wrote enriched_session_80123_Data_Exfiltration.graphml (Nodes: 127, Edges: 128)
     [+] Wrote enriched_session_80138_Data_Exfiltration.graphml (Nodes: 62, Edges: 68)
     [+] Wrote enriched_session_80155_Data_Exfiltration.graphml (Nodes: 62, Edges: 67)
     [+] Wrote enriched_session_80171_Normal.graphml (Nodes: 18, Edges: 17)
     [+] Wrote enriched_session_80174_Normal.graphml (Nodes: 13, Edges: 11)
     [+] Wrote enriched_session_80177_Normal.graphml (Nodes: 59, Edges: 59)
     [+] Wrote enriched_session_80185_Normal.graphml (Nodes: 72, Edges: 73)
     [+] Wrote enriched_session_80217_OS_Privilege_Escalation.graphml (Nodes: 21, Edges: 21)
     [+] Wrote enriched_session_80232_OS_Privilege_Escalation.graphml (Nodes: 21, Edges: 21)
     [+] Wrote enriched_session_80247_OS_Privilege_Escalation.graphml (Nodes: 20, Edges: 21)
     [+] Wrote enriched_session_80275_OS_Privilege_Escalation.graphml (Nodes: 29, Edges: 36)
     [+] Wrote enriched_session_80306_OS_Privilege_Escalation.graphml (Nodes: 61, Edges: 66)
     [+] Wrote enriched_session_80322_Privilege_Abuse.graphml (Nodes: 13, Edges: 11)
     [+] Wrote enriched_session_80324_Privilege_Abuse.graphml (Nodes: 13, Edges: 11)
     [+] Wrote enriched_session_80326_Privilege_Abuse.graphml (Nodes: 18, Edges: 17)
     [+] Wrote enriched_session_80339_SQL_Injection.graphml (Nodes: 22, Edges: 22)
     [+] Wrote enriched_session_80355_SQL_Injection.graphml (Nodes: 18, Edges: 16)
     [+] Wrote enriched_session_80368_SQL_Injection.graphml (Nodes: 13, Edges: 11)
     [+] Wrote enriched_session_80381_SQL_Injection.graphml (Nodes: 13, Edges: 11)

==================================================
Starting End-to-End Pipeline for: dataset_dev_run_38
==================================================
[1/3] Running Algorithm 1 (SAC)
  wrote dataset_dev_run_38_event_table.json  (2296 events, 27372 read total)
  wrote dataset_dev_run_38_session_correlation.csv  (2296 correlated pairs)
[2/3] Running Algorithm 2 (Graph Construction)
     => Generated 107 base session graphs natively in RAM
[3/3] Running Algorithm 3 (Behavior Abstraction & Serialization)
     [+] Wrote enriched_session_80701_Normal.graphml (Nodes: 4, Edges: 3)
     [+] Wrote enriched_session_80703_Normal.graphml (Nodes: 9, Edges: 9)
     [+] Wrote enriched_session_80704_Data_Exfiltration.graphml (Nodes: 4, Edges: 3)
     [+] Wrote enriched_session_80705_Sabotage.graphml (Nodes: 3, Edges: 2)
     [+] Wrote enriched_session_80735_Normal.graphml (Nodes: 13, Edges: 17)
     [+] Wrote enriched_session_80731_Normal.graphml (Nodes: 13, Edges: 17)
     [+] Wrote enriched_session_80743_Normal.graphml (Nodes: 13, Edges: 17)
     [+] Wrote enriched_session_80713_Normal.graphml (Nodes: 13, Edges: 17)
     [+] Wrote enriched_session_80715_Normal.graphml (Nodes: 13, Edges: 17)
     [+] Wrote enriched_session_80716_Normal.graphml (Nodes: 13, Edges: 17)
     [+] Wrote enriched_session_80714_Normal.graphml (Nodes: 13, Edges: 17)
     [+] Wrote enriched_session_80757_Normal.graphml (Nodes: 13, Edges: 17)
     [+] Wrote enriched_session_80764_Normal.graphml (Nodes: 13, Edges: 17)
     [+] Wrote enriched_session_80729_Normal.graphml (Nodes: 13, Edges: 17)
     [+] Wrote enriched_session_80722_Normal.graphml (Nodes: 13, Edges: 17)
     [+] Wrote enriched_session_80720_Normal.graphml (Nodes: 13, Edges: 17)
     [+] Wrote enriched_session_80761_Normal.graphml (Nodes: 13, Edges: 17)
     [+] Wrote enriched_session_80750_Normal.graphml (Nodes: 13, Edges: 17)
     [+] Wrote enriched_session_80719_Normal.graphml (Nodes: 13, Edges: 17)
     [+] Wrote enriched_session_80723_Normal.graphml (Nodes: 13, Edges: 17)
     [+] Wrote enriched_session_80742_Normal.graphml (Nodes: 13, Edges: 17)
     [+] Wrote enriched_session_80765_Normal.graphml (Nodes: 13, Edges: 17)
     [+] Wrote enriched_session_80732_Normal.graphml (Nodes: 13, Edges: 17)
     [+] Wrote enriched_session_80769_Normal.graphml (Nodes: 13, Edges: 17)
     [+] Wrote enriched_session_80760_Normal.graphml (Nodes: 13, Edges: 17)
     [+] Wrote enriched_session_80749_Normal.graphml (Nodes: 13, Edges: 17)
     [+] Wrote enriched_session_80733_Normal.graphml (Nodes: 13, Edges: 17)
     [+] Wrote enriched_session_80754_Normal.graphml (Nodes: 13, Edges: 17)
     [+] Wrote enriched_session_80772_Normal.graphml (Nodes: 13, Edges: 17)
     [+] Wrote enriched_session_80770_Normal.graphml (Nodes: 13, Edges: 17)
     [+] Wrote enriched_session_80762_Normal.graphml (Nodes: 13, Edges: 17)
     [+] Wrote enriched_session_80752_Normal.graphml (Nodes: 13, Edges: 17)
     [+] Wrote enriched_session_80755_Normal.graphml (Nodes: 13, Edges: 17)
     [+] Wrote enriched_session_80759_Normal.graphml (Nodes: 13, Edges: 17)
     [+] Wrote enriched_session_80773_Normal.graphml (Nodes: 13, Edges: 17)
     [+] Wrote enriched_session_80766_Normal.graphml (Nodes: 13, Edges: 17)
     [+] Wrote enriched_session_80756_Normal.graphml (Nodes: 13, Edges: 17)
     [+] Wrote enriched_session_80753_Normal.graphml (Nodes: 13, Edges: 17)
     [+] Wrote enriched_session_80740_Normal.graphml (Nodes: 13, Edges: 17)
     [+] Wrote enriched_session_80739_Normal.graphml (Nodes: 13, Edges: 17)
     [+] Wrote enriched_session_80747_Normal.graphml (Nodes: 13, Edges: 17)
     [+] Wrote enriched_session_80741_Normal.graphml (Nodes: 13, Edges: 17)
     [+] Wrote enriched_session_80767_Normal.graphml (Nodes: 13, Edges: 17)
     [+] Wrote enriched_session_80768_Normal.graphml (Nodes: 13, Edges: 17)
     [+] Wrote enriched_session_80734_Normal.graphml (Nodes: 13, Edges: 17)
     [+] Wrote enriched_session_80745_Normal.graphml (Nodes: 13, Edges: 17)
     [+] Wrote enriched_session_80774_Normal.graphml (Nodes: 13, Edges: 17)
     [+] Wrote enriched_session_80717_Normal.graphml (Nodes: 13, Edges: 17)
     [+] Wrote enriched_session_80751_Normal.graphml (Nodes: 13, Edges: 17)
     [+] Wrote enriched_session_80758_Normal.graphml (Nodes: 13, Edges: 17)
     [+] Wrote enriched_session_80763_Normal.graphml (Nodes: 13, Edges: 17)
     [+] Wrote enriched_session_80727_Normal.graphml (Nodes: 13, Edges: 17)
     [+] Wrote enriched_session_80712_Normal.graphml (Nodes: 13, Edges: 17)
     [+] Wrote enriched_session_80771_Normal.graphml (Nodes: 13, Edges: 17)
     [+] Wrote enriched_session_80775_Normal.graphml (Nodes: 4, Edges: 3)
     [+] Wrote enriched_session_80778_Normal.graphml (Nodes: 4, Edges: 3)
     [+] Wrote enriched_session_80785_Normal.graphml (Nodes: 4, Edges: 3)
     [+] Wrote enriched_session_80788_Normal.graphml (Nodes: 4, Edges: 3)
     [+] Wrote enriched_session_80789_Normal.graphml (Nodes: 4, Edges: 4)
     [+] Wrote enriched_session_80790_Normal.graphml (Nodes: 4, Edges: 4)
     [+] Wrote enriched_session_80791_Normal.graphml (Nodes: 4, Edges: 4)
     [+] Wrote enriched_session_80793_Normal.graphml (Nodes: 2, Edges: 1)
     [+] Wrote enriched_session_80807_Data_Exfiltration.graphml (Nodes: 22, Edges: 20)
     [+] Wrote enriched_session_80802_Unauthorized_DB_Read.graphml (Nodes: 4, Edges: 4)
     [+] Wrote enriched_session_80805_Data_Exfiltration.graphml (Nodes: 3, Edges: 2)
     [+] Wrote enriched_session_80804_Unauthorized_DB_Read.graphml (Nodes: 4, Edges: 4)
     [+] Wrote enriched_session_80803_Unauthorized_DB_Read.graphml (Nodes: 4, Edges: 4)
     [+] Wrote enriched_session_80820_Data_Exfiltration.graphml (Nodes: 53, Edges: 57)
     [+] Wrote enriched_session_80838_Data_Exfiltration.graphml (Nodes: 12, Edges: 10)
     [+] Wrote enriched_session_80839_Data_Exfiltration.graphml (Nodes: 35, Edges: 39)
     [+] Wrote enriched_session_80855_Data_Exfiltration.graphml (Nodes: 22, Edges: 22)
     [+] Wrote enriched_session_80870_Data_Exfiltration.graphml (Nodes: 22, Edges: 22)
     [+] Wrote enriched_session_80885_Data_Exfiltration.graphml (Nodes: 26, Edges: 30)
     [+] Wrote enriched_session_80902_Data_Exfiltration.graphml (Nodes: 26, Edges: 30)
     [+] Wrote enriched_session_80919_Data_Exfiltration.graphml (Nodes: 26, Edges: 30)
     [+] Wrote enriched_session_80936_Data_Exfiltration.graphml (Nodes: 26, Edges: 30)
     [+] Wrote enriched_session_80953_Data_Exfiltration.graphml (Nodes: 19, Edges: 17)
     [+] Wrote enriched_session_80967_Data_Exfiltration.graphml (Nodes: 19, Edges: 17)
     [+] Wrote enriched_session_80981_Data_Exfiltration.graphml (Nodes: 19, Edges: 17)
     [+] Wrote enriched_session_80995_Data_Exfiltration.graphml (Nodes: 19, Edges: 18)
     [+] Wrote enriched_session_81009_Data_Exfiltration.graphml (Nodes: 22, Edges: 23)
     [+] Wrote enriched_session_81024_Data_Exfiltration.graphml (Nodes: 22, Edges: 23)
     [+] Wrote enriched_session_81039_Data_Exfiltration.graphml (Nodes: 62, Edges: 66)
     [+] Wrote enriched_session_81055_Data_Exfiltration.graphml (Nodes: 36, Edges: 39)
     [+] Wrote enriched_session_81071_Data_Exfiltration.graphml (Nodes: 23, Edges: 23)
     [+] Wrote enriched_session_81086_Data_Exfiltration.graphml (Nodes: 23, Edges: 23)
     [+] Wrote enriched_session_81101_Data_Exfiltration.graphml (Nodes: 61, Edges: 64)
     [+] Wrote enriched_session_81117_Data_Exfiltration.graphml (Nodes: 35, Edges: 38)
     [+] Wrote enriched_session_81133_Data_Exfiltration.graphml (Nodes: 127, Edges: 127)
     [+] Wrote enriched_session_81148_Data_Exfiltration.graphml (Nodes: 62, Edges: 67)
     [+] Wrote enriched_session_81165_Data_Exfiltration.graphml (Nodes: 62, Edges: 68)
     [+] Wrote enriched_session_81203_Normal.graphml (Nodes: 18, Edges: 17)
     [+] Wrote enriched_session_81206_Normal.graphml (Nodes: 13, Edges: 11)
     [+] Wrote enriched_session_81209_Normal.graphml (Nodes: 59, Edges: 60)
     [+] Wrote enriched_session_81218_Normal.graphml (Nodes: 72, Edges: 74)
     [+] Wrote enriched_session_81250_OS_Privilege_Escalation.graphml (Nodes: 21, Edges: 21)
     [+] Wrote enriched_session_81265_OS_Privilege_Escalation.graphml (Nodes: 21, Edges: 21)
     [+] Wrote enriched_session_81280_OS_Privilege_Escalation.graphml (Nodes: 20, Edges: 20)
     [+] Wrote enriched_session_81308_OS_Privilege_Escalation.graphml (Nodes: 29, Edges: 35)
     [+] Wrote enriched_session_81338_OS_Privilege_Escalation.graphml (Nodes: 61, Edges: 65)
     [+] Wrote enriched_session_81354_OS_Privilege_Escalation.graphml (Nodes: 13, Edges: 11)
     [+] Wrote enriched_session_81356_OS_Privilege_Escalation.graphml (Nodes: 13, Edges: 11)
     [+] Wrote enriched_session_81358_OS_Privilege_Escalation.graphml (Nodes: 18, Edges: 17)
     [+] Wrote enriched_session_81371_OS_Privilege_Escalation.graphml (Nodes: 22, Edges: 23)
     [+] Wrote enriched_session_81387_OS_Privilege_Escalation.graphml (Nodes: 18, Edges: 16)
     [+] Wrote enriched_session_81400_OS_Privilege_Escalation.graphml (Nodes: 13, Edges: 11)
     [+] Wrote enriched_session_81413_SQL_Injection.graphml (Nodes: 13, Edges: 11)

==================================================
Starting End-to-End Pipeline for: dataset_dev_run_39
==================================================
[1/3] Running Algorithm 1 (SAC)
  wrote dataset_dev_run_39_event_table.json  (2315 events, 28868 read total)
  wrote dataset_dev_run_39_session_correlation.csv  (2315 correlated pairs)
[2/3] Running Algorithm 2 (Graph Construction)
     => Generated 107 base session graphs natively in RAM
[3/3] Running Algorithm 3 (Behavior Abstraction & Serialization)
     [+] Wrote enriched_session_81732_Sabotage.graphml (Nodes: 3, Edges: 2)
     [+] Wrote enriched_session_81733_Normal.graphml (Nodes: 9, Edges: 9)
     [+] Wrote enriched_session_81838_Data_Exfiltration.graphml (Nodes: 27, Edges: 25)
     [+] Wrote enriched_session_81743_Data_Exfiltration.graphml (Nodes: 4, Edges: 3)
     [+] Wrote enriched_session_81749_Data_Exfiltration.graphml (Nodes: 4, Edges: 3)
     [+] Wrote enriched_session_81761_Normal.graphml (Nodes: 13, Edges: 17)
     [+] Wrote enriched_session_81782_Normal.graphml (Nodes: 13, Edges: 17)
     [+] Wrote enriched_session_81804_Normal.graphml (Nodes: 13, Edges: 17)
     [+] Wrote enriched_session_81788_Normal.graphml (Nodes: 13, Edges: 17)
     [+] Wrote enriched_session_81741_Normal.graphml (Nodes: 13, Edges: 17)
     [+] Wrote enriched_session_81758_Normal.graphml (Nodes: 13, Edges: 17)
     [+] Wrote enriched_session_81753_Normal.graphml (Nodes: 13, Edges: 17)
     [+] Wrote enriched_session_81772_Normal.graphml (Nodes: 13, Edges: 17)
     [+] Wrote enriched_session_81790_Normal.graphml (Nodes: 13, Edges: 17)
     [+] Wrote enriched_session_81802_Normal.graphml (Nodes: 13, Edges: 17)
     [+] Wrote enriched_session_81740_Normal.graphml (Nodes: 13, Edges: 17)
     [+] Wrote enriched_session_81794_Normal.graphml (Nodes: 13, Edges: 17)
     [+] Wrote enriched_session_81763_Normal.graphml (Nodes: 13, Edges: 17)
     [+] Wrote enriched_session_81778_Normal.graphml (Nodes: 13, Edges: 17)
     [+] Wrote enriched_session_81798_Normal.graphml (Nodes: 13, Edges: 17)
     [+] Wrote enriched_session_81779_Normal.graphml (Nodes: 13, Edges: 17)
     [+] Wrote enriched_session_81757_Normal.graphml (Nodes: 13, Edges: 17)
     [+] Wrote enriched_session_81786_Normal.graphml (Nodes: 13, Edges: 17)
     [+] Wrote enriched_session_81742_Normal.graphml (Nodes: 13, Edges: 17)
     [+] Wrote enriched_session_81759_Normal.graphml (Nodes: 13, Edges: 17)
     [+] Wrote enriched_session_81800_Normal.graphml (Nodes: 13, Edges: 17)
     [+] Wrote enriched_session_81785_Normal.graphml (Nodes: 13, Edges: 17)
     [+] Wrote enriched_session_81795_Normal.graphml (Nodes: 13, Edges: 17)
     [+] Wrote enriched_session_81752_Normal.graphml (Nodes: 13, Edges: 17)
     [+] Wrote enriched_session_81738_Normal.graphml (Nodes: 13, Edges: 17)
     [+] Wrote enriched_session_81799_Normal.graphml (Nodes: 13, Edges: 17)
     [+] Wrote enriched_session_81754_Normal.graphml (Nodes: 13, Edges: 17)
     [+] Wrote enriched_session_81796_Normal.graphml (Nodes: 13, Edges: 17)
     [+] Wrote enriched_session_81756_Normal.graphml (Nodes: 13, Edges: 17)
     [+] Wrote enriched_session_81793_Normal.graphml (Nodes: 13, Edges: 17)
     [+] Wrote enriched_session_81780_Normal.graphml (Nodes: 13, Edges: 17)
     [+] Wrote enriched_session_81771_Normal.graphml (Nodes: 13, Edges: 17)
     [+] Wrote enriched_session_81783_Normal.graphml (Nodes: 13, Edges: 17)
     [+] Wrote enriched_session_81762_Normal.graphml (Nodes: 13, Edges: 17)
     [+] Wrote enriched_session_81751_Normal.graphml (Nodes: 13, Edges: 17)
     [+] Wrote enriched_session_81784_Normal.graphml (Nodes: 13, Edges: 17)
     [+] Wrote enriched_session_81781_Normal.graphml (Nodes: 13, Edges: 17)
     [+] Wrote enriched_session_81791_Normal.graphml (Nodes: 13, Edges: 17)
     [+] Wrote enriched_session_81767_Normal.graphml (Nodes: 13, Edges: 17)
     [+] Wrote enriched_session_81801_Normal.graphml (Nodes: 13, Edges: 17)
     [+] Wrote enriched_session_81765_Normal.graphml (Nodes: 13, Edges: 17)
     [+] Wrote enriched_session_81805_Normal.graphml (Nodes: 13, Edges: 17)
     [+] Wrote enriched_session_81775_Normal.graphml (Nodes: 13, Edges: 17)
     [+] Wrote enriched_session_81787_Normal.graphml (Nodes: 13, Edges: 17)
     [+] Wrote enriched_session_81789_Normal.graphml (Nodes: 13, Edges: 17)
     [+] Wrote enriched_session_81803_Normal.graphml (Nodes: 13, Edges: 17)
     [+] Wrote enriched_session_81760_Normal.graphml (Nodes: 13, Edges: 17)
     [+] Wrote enriched_session_81773_Normal.graphml (Nodes: 13, Edges: 17)
     [+] Wrote enriched_session_81792_Normal.graphml (Nodes: 13, Edges: 17)
     [+] Wrote enriched_session_81797_Normal.graphml (Nodes: 13, Edges: 17)
     [+] Wrote enriched_session_81806_Data_Exfiltration.graphml (Nodes: 4, Edges: 3)
     [+] Wrote enriched_session_81807_Data_Exfiltration.graphml (Nodes: 4, Edges: 3)
     [+] Wrote enriched_session_81816_Data_Exfiltration.graphml (Nodes: 4, Edges: 4)
     [+] Wrote enriched_session_81818_Data_Exfiltration.graphml (Nodes: 4, Edges: 4)
     [+] Wrote enriched_session_81817_Data_Exfiltration.graphml (Nodes: 4, Edges: 4)
     [+] Wrote enriched_session_81819_Data_Exfiltration.graphml (Nodes: 4, Edges: 3)
     [+] Wrote enriched_session_81822_Data_Exfiltration.graphml (Nodes: 4, Edges: 3)
     [+] Wrote enriched_session_81831_Data_Exfiltration.graphml (Nodes: 2, Edges: 1)
     [+] Wrote enriched_session_81833_Unauthorized_DB_Read.graphml (Nodes: 4, Edges: 4)
     [+] Wrote enriched_session_81834_Data_Exfiltration.graphml (Nodes: 3, Edges: 2)
     [+] Wrote enriched_session_81835_Unauthorized_DB_Read.graphml (Nodes: 4, Edges: 4)
     [+] Wrote enriched_session_81836_Unauthorized_DB_Read.graphml (Nodes: 4, Edges: 4)
     [+] Wrote enriched_session_81851_Data_Exfiltration.graphml (Nodes: 53, Edges: 57)
     [+] Wrote enriched_session_81870_Data_Exfiltration.graphml (Nodes: 21, Edges: 19)
     [+] Wrote enriched_session_81871_Data_Exfiltration.graphml (Nodes: 35, Edges: 39)
     [+] Wrote enriched_session_81887_Data_Exfiltration.graphml (Nodes: 22, Edges: 23)
     [+] Wrote enriched_session_81902_Data_Exfiltration.graphml (Nodes: 22, Edges: 22)
     [+] Wrote enriched_session_81917_Data_Exfiltration.graphml (Nodes: 26, Edges: 30)
     [+] Wrote enriched_session_81934_Data_Exfiltration.graphml (Nodes: 26, Edges: 30)
     [+] Wrote enriched_session_81951_Data_Exfiltration.graphml (Nodes: 26, Edges: 30)
     [+] Wrote enriched_session_81968_Data_Exfiltration.graphml (Nodes: 26, Edges: 30)
     [+] Wrote enriched_session_81985_Data_Exfiltration.graphml (Nodes: 19, Edges: 17)
     [+] Wrote enriched_session_81999_Data_Exfiltration.graphml (Nodes: 19, Edges: 17)
     [+] Wrote enriched_session_82013_Data_Exfiltration.graphml (Nodes: 19, Edges: 17)
     [+] Wrote enriched_session_82027_Data_Exfiltration.graphml (Nodes: 19, Edges: 18)
     [+] Wrote enriched_session_82041_Data_Exfiltration.graphml (Nodes: 22, Edges: 23)
     [+] Wrote enriched_session_82056_Data_Exfiltration.graphml (Nodes: 22, Edges: 23)
     [+] Wrote enriched_session_82071_Data_Exfiltration.graphml (Nodes: 62, Edges: 66)
     [+] Wrote enriched_session_82087_Data_Exfiltration.graphml (Nodes: 36, Edges: 40)
     [+] Wrote enriched_session_82103_Data_Exfiltration.graphml (Nodes: 23, Edges: 23)
     [+] Wrote enriched_session_82118_Data_Exfiltration.graphml (Nodes: 23, Edges: 23)
     [+] Wrote enriched_session_82133_Data_Exfiltration.graphml (Nodes: 61, Edges: 64)
     [+] Wrote enriched_session_82149_Data_Exfiltration.graphml (Nodes: 35, Edges: 38)
     [+] Wrote enriched_session_82165_Data_Exfiltration.graphml (Nodes: 127, Edges: 127)
     [+] Wrote enriched_session_82180_Data_Exfiltration.graphml (Nodes: 62, Edges: 67)
     [+] Wrote enriched_session_82197_Data_Exfiltration.graphml (Nodes: 62, Edges: 67)
     [+] Wrote enriched_session_82222_Normal.graphml (Nodes: 18, Edges: 17)
     [+] Wrote enriched_session_82225_Normal.graphml (Nodes: 13, Edges: 11)
     [+] Wrote enriched_session_82228_Normal.graphml (Nodes: 59, Edges: 60)
     [+] Wrote enriched_session_82236_Normal.graphml (Nodes: 72, Edges: 74)
     [+] Wrote enriched_session_82269_Attack.graphml (Nodes: 21, Edges: 21)
     [+] Wrote enriched_session_82284_Attack.graphml (Nodes: 21, Edges: 21)
     [+] Wrote enriched_session_82299_Attack.graphml (Nodes: 20, Edges: 20)
     [+] Wrote enriched_session_82327_Attack.graphml (Nodes: 29, Edges: 35)
     [+] Wrote enriched_session_82357_Attack.graphml (Nodes: 61, Edges: 65)
     [+] Wrote enriched_session_82373_Attack.graphml (Nodes: 13, Edges: 11)
     [+] Wrote enriched_session_82375_Attack.graphml (Nodes: 13, Edges: 11)
     [+] Wrote enriched_session_82377_Attack.graphml (Nodes: 18, Edges: 17)
     [+] Wrote enriched_session_82390_Attack.graphml (Nodes: 24, Edges: 25)
     [+] Wrote enriched_session_82406_Attack.graphml (Nodes: 18, Edges: 16)
     [+] Wrote enriched_session_82419_Attack.graphml (Nodes: 13, Edges: 11)
     [+] Wrote enriched_session_82432_SQL_Injection.graphml (Nodes: 13, Edges: 11)

==================================================
Starting End-to-End Pipeline for: dataset_dev_run_4
==================================================
[1/3] Running Algorithm 1 (SAC)
  wrote dataset_dev_run_4_event_table.json  (2368 events, 22398 read total)
  wrote dataset_dev_run_4_session_correlation.csv  (2368 correlated pairs)
[2/3] Running Algorithm 2 (Graph Construction)
     => Generated 107 base session graphs natively in RAM
[3/3] Running Algorithm 3 (Behavior Abstraction & Serialization)
     [+] Wrote enriched_session_45691_Normal.graphml (Nodes: 4, Edges: 3)
     [+] Wrote enriched_session_45693_Data_Exfiltration.graphml (Nodes: 4, Edges: 3)
     [+] Wrote enriched_session_45697_Sabotage.graphml (Nodes: 3, Edges: 2)
     [+] Wrote enriched_session_45701_Normal.graphml (Nodes: 9, Edges: 9)
     [+] Wrote enriched_session_45754_Normal.graphml (Nodes: 4, Edges: 3)
     [+] Wrote enriched_session_45766_Normal.graphml (Nodes: 4, Edges: 3)
     [+] Wrote enriched_session_45730_Normal.graphml (Nodes: 13, Edges: 17)
     [+] Wrote enriched_session_45755_Normal.graphml (Nodes: 13, Edges: 17)
     [+] Wrote enriched_session_45733_Normal.graphml (Nodes: 13, Edges: 17)
     [+] Wrote enriched_session_45764_Normal.graphml (Nodes: 13, Edges: 17)
     [+] Wrote enriched_session_45716_Normal.graphml (Nodes: 13, Edges: 17)
     [+] Wrote enriched_session_45726_Normal.graphml (Nodes: 13, Edges: 17)
     [+] Wrote enriched_session_45717_Normal.graphml (Nodes: 13, Edges: 17)
     [+] Wrote enriched_session_45715_Normal.graphml (Nodes: 13, Edges: 17)
     [+] Wrote enriched_session_45722_Normal.graphml (Nodes: 13, Edges: 17)
     [+] Wrote enriched_session_45732_Normal.graphml (Nodes: 13, Edges: 17)
     [+] Wrote enriched_session_45734_Normal.graphml (Nodes: 13, Edges: 17)
     [+] Wrote enriched_session_45735_Normal.graphml (Nodes: 13, Edges: 17)
     [+] Wrote enriched_session_45748_Normal.graphml (Nodes: 13, Edges: 17)
     [+] Wrote enriched_session_45719_Normal.graphml (Nodes: 13, Edges: 17)
     [+] Wrote enriched_session_45750_Normal.graphml (Nodes: 13, Edges: 17)
     [+] Wrote enriched_session_45756_Normal.graphml (Nodes: 13, Edges: 17)
     [+] Wrote enriched_session_45739_Normal.graphml (Nodes: 13, Edges: 17)
     [+] Wrote enriched_session_45724_Normal.graphml (Nodes: 13, Edges: 17)
     [+] Wrote enriched_session_45743_Normal.graphml (Nodes: 13, Edges: 17)
     [+] Wrote enriched_session_45718_Normal.graphml (Nodes: 13, Edges: 17)
     [+] Wrote enriched_session_45752_Normal.graphml (Nodes: 13, Edges: 17)
     [+] Wrote enriched_session_45728_Normal.graphml (Nodes: 13, Edges: 17)
     [+] Wrote enriched_session_45759_Normal.graphml (Nodes: 13, Edges: 17)
     [+] Wrote enriched_session_45723_Normal.graphml (Nodes: 13, Edges: 17)
     [+] Wrote enriched_session_45738_Normal.graphml (Nodes: 13, Edges: 17)
     [+] Wrote enriched_session_45720_Normal.graphml (Nodes: 13, Edges: 17)
     [+] Wrote enriched_session_45757_Normal.graphml (Nodes: 13, Edges: 17)
     [+] Wrote enriched_session_45744_Normal.graphml (Nodes: 13, Edges: 17)
     [+] Wrote enriched_session_45727_Normal.graphml (Nodes: 13, Edges: 17)
     [+] Wrote enriched_session_45731_Normal.graphml (Nodes: 13, Edges: 17)
     [+] Wrote enriched_session_45747_Normal.graphml (Nodes: 13, Edges: 17)
     [+] Wrote enriched_session_45768_Normal.graphml (Nodes: 13, Edges: 17)
     [+] Wrote enriched_session_45736_Normal.graphml (Nodes: 13, Edges: 17)
     [+] Wrote enriched_session_45763_Normal.graphml (Nodes: 13, Edges: 17)
     [+] Wrote enriched_session_45741_Normal.graphml (Nodes: 13, Edges: 17)
     [+] Wrote enriched_session_45742_Normal.graphml (Nodes: 13, Edges: 17)
     [+] Wrote enriched_session_45745_Normal.graphml (Nodes: 13, Edges: 17)
     [+] Wrote enriched_session_45762_Normal.graphml (Nodes: 13, Edges: 17)
     [+] Wrote enriched_session_45746_Normal.graphml (Nodes: 13, Edges: 17)
     [+] Wrote enriched_session_45753_Normal.graphml (Nodes: 13, Edges: 17)
     [+] Wrote enriched_session_45767_Normal.graphml (Nodes: 13, Edges: 17)
     [+] Wrote enriched_session_45751_Normal.graphml (Nodes: 13, Edges: 17)
     [+] Wrote enriched_session_45749_Normal.graphml (Nodes: 13, Edges: 17)
     [+] Wrote enriched_session_45725_Normal.graphml (Nodes: 13, Edges: 17)
     [+] Wrote enriched_session_45737_Normal.graphml (Nodes: 13, Edges: 17)
     [+] Wrote enriched_session_45729_Normal.graphml (Nodes: 13, Edges: 17)
     [+] Wrote enriched_session_45740_Normal.graphml (Nodes: 13, Edges: 17)
     [+] Wrote enriched_session_45721_Normal.graphml (Nodes: 13, Edges: 17)
     [+] Wrote enriched_session_45761_Normal.graphml (Nodes: 13, Edges: 17)
     [+] Wrote enriched_session_45765_Normal.graphml (Nodes: 13, Edges: 17)
     [+] Wrote enriched_session_45775_Normal.graphml (Nodes: 4, Edges: 3)
     [+] Wrote enriched_session_45778_Normal.graphml (Nodes: 4, Edges: 4)
     [+] Wrote enriched_session_45779_Normal.graphml (Nodes: 4, Edges: 3)
     [+] Wrote enriched_session_45781_Normal.graphml (Nodes: 4, Edges: 4)
     [+] Wrote enriched_session_45780_Normal.graphml (Nodes: 4, Edges: 4)
     [+] Wrote enriched_session_45783_Normal.graphml (Nodes: 2, Edges: 1)
     [+] Wrote enriched_session_45785_Normal.graphml (Nodes: 3, Edges: 2)
     [+] Wrote enriched_session_45794_Normal.graphml (Nodes: 22, Edges: 20)
     [+] Wrote enriched_session_45795_Unauthorized_DB_Read.graphml (Nodes: 10, Edges: 9)
     [+] Wrote enriched_session_45797_Unauthorized_DB_Read.graphml (Nodes: 19, Edges: 18)
     [+] Wrote enriched_session_45798_Unauthorized_DB_Read.graphml (Nodes: 19, Edges: 18)
     [+] Wrote enriched_session_45800_Data_Exfiltration.graphml (Nodes: 12, Edges: 10)
     [+] Wrote enriched_session_45813_Data_Exfiltration.graphml (Nodes: 61, Edges: 64)
     [+] Wrote enriched_session_45829_Data_Exfiltration.graphml (Nodes: 35, Edges: 39)
     [+] Wrote enriched_session_45845_Data_Exfiltration.graphml (Nodes: 22, Edges: 23)
     [+] Wrote enriched_session_45860_Data_Exfiltration.graphml (Nodes: 22, Edges: 23)
     [+] Wrote enriched_session_45875_Data_Exfiltration.graphml (Nodes: 26, Edges: 30)
     [+] Wrote enriched_session_45892_Data_Exfiltration.graphml (Nodes: 26, Edges: 30)
     [+] Wrote enriched_session_45909_Data_Exfiltration.graphml (Nodes: 26, Edges: 30)
     [+] Wrote enriched_session_45926_Data_Exfiltration.graphml (Nodes: 26, Edges: 30)
     [+] Wrote enriched_session_45943_Data_Exfiltration.graphml (Nodes: 19, Edges: 17)
     [+] Wrote enriched_session_45957_Data_Exfiltration.graphml (Nodes: 19, Edges: 17)
     [+] Wrote enriched_session_45971_Data_Exfiltration.graphml (Nodes: 19, Edges: 17)
     [+] Wrote enriched_session_45985_Data_Exfiltration.graphml (Nodes: 19, Edges: 17)
     [+] Wrote enriched_session_45999_Data_Exfiltration.graphml (Nodes: 22, Edges: 23)
     [+] Wrote enriched_session_46014_Data_Exfiltration.graphml (Nodes: 22, Edges: 23)
     [+] Wrote enriched_session_46029_Data_Exfiltration.graphml (Nodes: 62, Edges: 66)
     [+] Wrote enriched_session_46045_Data_Exfiltration.graphml (Nodes: 36, Edges: 39)
     [+] Wrote enriched_session_46061_Data_Exfiltration.graphml (Nodes: 23, Edges: 23)
     [+] Wrote enriched_session_46076_Data_Exfiltration.graphml (Nodes: 23, Edges: 23)
     [+] Wrote enriched_session_46091_Data_Exfiltration.graphml (Nodes: 61, Edges: 64)
     [+] Wrote enriched_session_46107_Data_Exfiltration.graphml (Nodes: 35, Edges: 38)
     [+] Wrote enriched_session_46123_Data_Exfiltration.graphml (Nodes: 127, Edges: 127)
     [+] Wrote enriched_session_46138_Data_Exfiltration.graphml (Nodes: 62, Edges: 67)
     [+] Wrote enriched_session_46155_Data_Exfiltration.graphml (Nodes: 62, Edges: 67)
     [+] Wrote enriched_session_46169_Normal.graphml (Nodes: 18, Edges: 17)
     [+] Wrote enriched_session_46172_Normal.graphml (Nodes: 13, Edges: 11)
     [+] Wrote enriched_session_46175_Normal.graphml (Nodes: 59, Edges: 60)
     [+] Wrote enriched_session_46183_Normal.graphml (Nodes: 72, Edges: 73)
     [+] Wrote enriched_session_46215_OS_Privilege_Escalation.graphml (Nodes: 21, Edges: 21)
     [+] Wrote enriched_session_46230_OS_Privilege_Escalation.graphml (Nodes: 21, Edges: 21)
     [+] Wrote enriched_session_46245_OS_Privilege_Escalation.graphml (Nodes: 20, Edges: 20)
     [+] Wrote enriched_session_46273_OS_Privilege_Escalation.graphml (Nodes: 29, Edges: 35)
     [+] Wrote enriched_session_46303_OS_Privilege_Escalation.graphml (Nodes: 61, Edges: 65)
     [+] Wrote enriched_session_46319_OS_Privilege_Escalation.graphml (Nodes: 13, Edges: 11)
     [+] Wrote enriched_session_46321_OS_Privilege_Escalation.graphml (Nodes: 13, Edges: 11)
     [+] Wrote enriched_session_46323_OS_Privilege_Escalation.graphml (Nodes: 18, Edges: 17)
     [+] Wrote enriched_session_46336_OS_Privilege_Escalation.graphml (Nodes: 24, Edges: 25)
     [+] Wrote enriched_session_46352_OS_Privilege_Escalation.graphml (Nodes: 18, Edges: 16)
     [+] Wrote enriched_session_46366_OS_Privilege_Escalation.graphml (Nodes: 13, Edges: 11)
     [+] Wrote enriched_session_46379_SQL_Injection.graphml (Nodes: 13, Edges: 11)

==================================================
Starting End-to-End Pipeline for: dataset_dev_run_40
==================================================
[1/3] Running Algorithm 1 (SAC)
  wrote dataset_dev_run_40_event_table.json  (2307 events, 28298 read total)
  wrote dataset_dev_run_40_session_correlation.csv  (2307 correlated pairs)
[2/3] Running Algorithm 2 (Graph Construction)
     => Generated 107 base session graphs natively in RAM
[3/3] Running Algorithm 3 (Behavior Abstraction & Serialization)
     [+] Wrote enriched_session_82749_Sabotage.graphml (Nodes: 3, Edges: 2)
     [+] Wrote enriched_session_82750_Data_Exfiltration.graphml (Nodes: 4, Edges: 3)
     [+] Wrote enriched_session_82755_Normal.graphml (Nodes: 9, Edges: 9)
     [+] Wrote enriched_session_82760_Normal.graphml (Nodes: 4, Edges: 3)
     [+] Wrote enriched_session_82855_Data_Exfiltration.graphml (Nodes: 23, Edges: 21)
     [+] Wrote enriched_session_82821_Data_Exfiltration.graphml (Nodes: 4, Edges: 3)
     [+] Wrote enriched_session_82782_Normal.graphml (Nodes: 13, Edges: 17)
     [+] Wrote enriched_session_82780_Normal.graphml (Nodes: 13, Edges: 17)
     [+] Wrote enriched_session_82786_Normal.graphml (Nodes: 13, Edges: 17)
     [+] Wrote enriched_session_82802_Normal.graphml (Nodes: 13, Edges: 17)
     [+] Wrote enriched_session_82778_Normal.graphml (Nodes: 13, Edges: 17)
     [+] Wrote enriched_session_82798_Normal.graphml (Nodes: 13, Edges: 17)
     [+] Wrote enriched_session_82785_Normal.graphml (Nodes: 13, Edges: 17)
     [+] Wrote enriched_session_82774_Normal.graphml (Nodes: 13, Edges: 17)
     [+] Wrote enriched_session_82815_Normal.graphml (Nodes: 13, Edges: 17)
     [+] Wrote enriched_session_82823_Normal.graphml (Nodes: 13, Edges: 17)
     [+] Wrote enriched_session_82794_Normal.graphml (Nodes: 13, Edges: 17)
     [+] Wrote enriched_session_82770_Normal.graphml (Nodes: 13, Edges: 17)
     [+] Wrote enriched_session_82790_Normal.graphml (Nodes: 13, Edges: 17)
     [+] Wrote enriched_session_82783_Normal.graphml (Nodes: 13, Edges: 17)
     [+] Wrote enriched_session_82800_Normal.graphml (Nodes: 13, Edges: 17)
     [+] Wrote enriched_session_82801_Normal.graphml (Nodes: 13, Edges: 17)
     [+] Wrote enriched_session_82775_Normal.graphml (Nodes: 13, Edges: 17)
     [+] Wrote enriched_session_82804_Normal.graphml (Nodes: 13, Edges: 17)
     [+] Wrote enriched_session_82805_Normal.graphml (Nodes: 13, Edges: 17)
     [+] Wrote enriched_session_82781_Normal.graphml (Nodes: 13, Edges: 17)
     [+] Wrote enriched_session_82779_Normal.graphml (Nodes: 13, Edges: 17)
     [+] Wrote enriched_session_82811_Normal.graphml (Nodes: 13, Edges: 17)
     [+] Wrote enriched_session_82791_Normal.graphml (Nodes: 13, Edges: 17)
     [+] Wrote enriched_session_82771_Normal.graphml (Nodes: 13, Edges: 17)
     [+] Wrote enriched_session_82787_Normal.graphml (Nodes: 13, Edges: 17)
     [+] Wrote enriched_session_82793_Normal.graphml (Nodes: 13, Edges: 17)
     [+] Wrote enriched_session_82797_Normal.graphml (Nodes: 13, Edges: 17)
     [+] Wrote enriched_session_82806_Normal.graphml (Nodes: 13, Edges: 17)
     [+] Wrote enriched_session_82809_Normal.graphml (Nodes: 13, Edges: 17)
     [+] Wrote enriched_session_82789_Normal.graphml (Nodes: 13, Edges: 17)
     [+] Wrote enriched_session_82822_Normal.graphml (Nodes: 13, Edges: 17)
     [+] Wrote enriched_session_82803_Normal.graphml (Nodes: 13, Edges: 17)
     [+] Wrote enriched_session_82808_Normal.graphml (Nodes: 13, Edges: 17)
     [+] Wrote enriched_session_82818_Normal.graphml (Nodes: 13, Edges: 17)
     [+] Wrote enriched_session_82814_Normal.graphml (Nodes: 13, Edges: 17)
     [+] Wrote enriched_session_82819_Normal.graphml (Nodes: 13, Edges: 17)
     [+] Wrote enriched_session_82816_Normal.graphml (Nodes: 13, Edges: 17)
     [+] Wrote enriched_session_82795_Normal.graphml (Nodes: 13, Edges: 17)
     [+] Wrote enriched_session_82812_Normal.graphml (Nodes: 13, Edges: 17)
     [+] Wrote enriched_session_82784_Normal.graphml (Nodes: 13, Edges: 17)
     [+] Wrote enriched_session_82813_Normal.graphml (Nodes: 13, Edges: 17)
     [+] Wrote enriched_session_82817_Normal.graphml (Nodes: 13, Edges: 17)
     [+] Wrote enriched_session_82792_Normal.graphml (Nodes: 13, Edges: 17)
     [+] Wrote enriched_session_82796_Normal.graphml (Nodes: 13, Edges: 17)
     [+] Wrote enriched_session_82820_Normal.graphml (Nodes: 13, Edges: 17)
     [+] Wrote enriched_session_82799_Normal.graphml (Nodes: 13, Edges: 17)
     [+] Wrote enriched_session_82807_Normal.graphml (Nodes: 13, Edges: 17)
     [+] Wrote enriched_session_82810_Normal.graphml (Nodes: 13, Edges: 17)
     [+] Wrote enriched_session_82773_Normal.graphml (Nodes: 13, Edges: 17)
     [+] Wrote enriched_session_82788_Normal.graphml (Nodes: 13, Edges: 17)
     [+] Wrote enriched_session_82826_Data_Exfiltration.graphml (Nodes: 4, Edges: 3)
     [+] Wrote enriched_session_82833_Data_Exfiltration.graphml (Nodes: 4, Edges: 4)
     [+] Wrote enriched_session_82834_Data_Exfiltration.graphml (Nodes: 4, Edges: 4)
     [+] Wrote enriched_session_82835_Data_Exfiltration.graphml (Nodes: 4, Edges: 4)
     [+] Wrote enriched_session_82836_Data_Exfiltration.graphml (Nodes: 4, Edges: 3)
     [+] Wrote enriched_session_82838_Data_Exfiltration.graphml (Nodes: 4, Edges: 3)
     [+] Wrote enriched_session_82841_Data_Exfiltration.graphml (Nodes: 2, Edges: 1)
     [+] Wrote enriched_session_82850_Data_Exfiltration.graphml (Nodes: 3, Edges: 2)
     [+] Wrote enriched_session_82851_Unauthorized_DB_Read.graphml (Nodes: 4, Edges: 4)
     [+] Wrote enriched_session_82852_Unauthorized_DB_Read.graphml (Nodes: 4, Edges: 4)
     [+] Wrote enriched_session_82853_Unauthorized_DB_Read.graphml (Nodes: 4, Edges: 4)
     [+] Wrote enriched_session_82868_Data_Exfiltration.graphml (Nodes: 53, Edges: 57)
     [+] Wrote enriched_session_82886_Data_Exfiltration.graphml (Nodes: 12, Edges: 10)
     [+] Wrote enriched_session_82887_Data_Exfiltration.graphml (Nodes: 35, Edges: 38)
     [+] Wrote enriched_session_82903_Data_Exfiltration.graphml (Nodes: 22, Edges: 22)
     [+] Wrote enriched_session_82918_Data_Exfiltration.graphml (Nodes: 22, Edges: 22)
     [+] Wrote enriched_session_82933_Data_Exfiltration.graphml (Nodes: 26, Edges: 30)
     [+] Wrote enriched_session_82950_Data_Exfiltration.graphml (Nodes: 26, Edges: 30)
     [+] Wrote enriched_session_82967_Data_Exfiltration.graphml (Nodes: 26, Edges: 30)
     [+] Wrote enriched_session_82984_Data_Exfiltration.graphml (Nodes: 26, Edges: 30)
     [+] Wrote enriched_session_83001_Data_Exfiltration.graphml (Nodes: 19, Edges: 18)
     [+] Wrote enriched_session_83015_Data_Exfiltration.graphml (Nodes: 19, Edges: 18)
     [+] Wrote enriched_session_83029_Data_Exfiltration.graphml (Nodes: 19, Edges: 18)
     [+] Wrote enriched_session_83043_Data_Exfiltration.graphml (Nodes: 19, Edges: 17)
     [+] Wrote enriched_session_83057_Data_Exfiltration.graphml (Nodes: 22, Edges: 22)
     [+] Wrote enriched_session_83072_Data_Exfiltration.graphml (Nodes: 22, Edges: 22)
     [+] Wrote enriched_session_83087_Data_Exfiltration.graphml (Nodes: 62, Edges: 65)
     [+] Wrote enriched_session_83103_Data_Exfiltration.graphml (Nodes: 36, Edges: 39)
     [+] Wrote enriched_session_83119_Data_Exfiltration.graphml (Nodes: 23, Edges: 23)
     [+] Wrote enriched_session_83134_Data_Exfiltration.graphml (Nodes: 23, Edges: 23)
     [+] Wrote enriched_session_83149_Data_Exfiltration.graphml (Nodes: 61, Edges: 64)
     [+] Wrote enriched_session_83165_Data_Exfiltration.graphml (Nodes: 35, Edges: 38)
     [+] Wrote enriched_session_83181_Data_Exfiltration.graphml (Nodes: 127, Edges: 127)
     [+] Wrote enriched_session_83196_Data_Exfiltration.graphml (Nodes: 62, Edges: 68)
     [+] Wrote enriched_session_83214_Data_Exfiltration.graphml (Nodes: 62, Edges: 67)
     [+] Wrote enriched_session_83244_Normal.graphml (Nodes: 24, Edges: 23)
     [+] Wrote enriched_session_83247_Normal.graphml (Nodes: 13, Edges: 11)
     [+] Wrote enriched_session_83250_Normal.graphml (Nodes: 59, Edges: 59)
     [+] Wrote enriched_session_83258_Normal.graphml (Nodes: 72, Edges: 73)
     [+] Wrote enriched_session_83290_OS_Privilege_Escalation.graphml (Nodes: 21, Edges: 21)
     [+] Wrote enriched_session_83305_OS_Privilege_Escalation.graphml (Nodes: 21, Edges: 21)
     [+] Wrote enriched_session_83320_OS_Privilege_Escalation.graphml (Nodes: 20, Edges: 20)
     [+] Wrote enriched_session_83348_OS_Privilege_Escalation.graphml (Nodes: 29, Edges: 35)
     [+] Wrote enriched_session_83378_OS_Privilege_Escalation.graphml (Nodes: 61, Edges: 66)
     [+] Wrote enriched_session_83394_OS_Privilege_Escalation.graphml (Nodes: 13, Edges: 11)
     [+] Wrote enriched_session_83396_Privilege_Abuse.graphml (Nodes: 13, Edges: 11)
     [+] Wrote enriched_session_83398_Privilege_Abuse.graphml (Nodes: 18, Edges: 17)
     [+] Wrote enriched_session_83411_SQL_Injection.graphml (Nodes: 22, Edges: 22)
     [+] Wrote enriched_session_83427_SQL_Injection.graphml (Nodes: 18, Edges: 16)
     [+] Wrote enriched_session_83440_SQL_Injection.graphml (Nodes: 13, Edges: 11)
     [+] Wrote enriched_session_83453_SQL_Injection.graphml (Nodes: 13, Edges: 11)

==================================================
Starting End-to-End Pipeline for: dataset_dev_run_41
==================================================
[1/3] Running Algorithm 1 (SAC)
  wrote dataset_dev_run_41_event_table.json  (2382 events, 26983 read total)
  wrote dataset_dev_run_41_session_correlation.csv  (2382 correlated pairs)
[2/3] Running Algorithm 2 (Graph Construction)
     => Generated 107 base session graphs natively in RAM
[3/3] Running Algorithm 3 (Behavior Abstraction & Serialization)
     [+] Wrote enriched_session_83770_Normal.graphml (Nodes: 9, Edges: 9)
     [+] Wrote enriched_session_83771_Data_Exfiltration.graphml (Nodes: 4, Edges: 3)
     [+] Wrote enriched_session_83792_Normal.graphml (Nodes: 4, Edges: 3)
     [+] Wrote enriched_session_83794_Sabotage.graphml (Nodes: 3, Edges: 2)
     [+] Wrote enriched_session_83795_Normal.graphml (Nodes: 13, Edges: 17)
     [+] Wrote enriched_session_83776_Normal.graphml (Nodes: 13, Edges: 17)
     [+] Wrote enriched_session_83804_Normal.graphml (Nodes: 13, Edges: 17)
     [+] Wrote enriched_session_83784_Normal.graphml (Nodes: 13, Edges: 17)
     [+] Wrote enriched_session_83811_Normal.graphml (Nodes: 13, Edges: 17)
     [+] Wrote enriched_session_83832_Normal.graphml (Nodes: 13, Edges: 17)
     [+] Wrote enriched_session_83788_Normal.graphml (Nodes: 13, Edges: 17)
     [+] Wrote enriched_session_83826_Normal.graphml (Nodes: 13, Edges: 17)
     [+] Wrote enriched_session_83777_Normal.graphml (Nodes: 13, Edges: 17)
     [+] Wrote enriched_session_83780_Normal.graphml (Nodes: 13, Edges: 17)
     [+] Wrote enriched_session_83785_Normal.graphml (Nodes: 13, Edges: 17)
     [+] Wrote enriched_session_83789_Normal.graphml (Nodes: 13, Edges: 17)
     [+] Wrote enriched_session_83779_Normal.graphml (Nodes: 13, Edges: 17)
     [+] Wrote enriched_session_83818_Normal.graphml (Nodes: 13, Edges: 17)
     [+] Wrote enriched_session_83831_Normal.graphml (Nodes: 13, Edges: 17)
     [+] Wrote enriched_session_83786_Normal.graphml (Nodes: 13, Edges: 17)
     [+] Wrote enriched_session_83790_Normal.graphml (Nodes: 13, Edges: 17)
     [+] Wrote enriched_session_83807_Normal.graphml (Nodes: 13, Edges: 17)
     [+] Wrote enriched_session_83803_Normal.graphml (Nodes: 13, Edges: 17)
     [+] Wrote enriched_session_83835_Normal.graphml (Nodes: 13, Edges: 17)
     [+] Wrote enriched_session_83817_Normal.graphml (Nodes: 13, Edges: 17)
     [+] Wrote enriched_session_83808_Normal.graphml (Nodes: 13, Edges: 17)
     [+] Wrote enriched_session_83802_Normal.graphml (Nodes: 13, Edges: 17)
     [+] Wrote enriched_session_83782_Normal.graphml (Nodes: 13, Edges: 17)
     [+] Wrote enriched_session_83829_Normal.graphml (Nodes: 13, Edges: 17)
     [+] Wrote enriched_session_83787_Normal.graphml (Nodes: 13, Edges: 17)
     [+] Wrote enriched_session_83824_Normal.graphml (Nodes: 13, Edges: 17)
     [+] Wrote enriched_session_83805_Normal.graphml (Nodes: 13, Edges: 17)
     [+] Wrote enriched_session_83833_Normal.graphml (Nodes: 13, Edges: 17)
     [+] Wrote enriched_session_83838_Normal.graphml (Nodes: 13, Edges: 17)
     [+] Wrote enriched_session_83840_Normal.graphml (Nodes: 13, Edges: 17)
     [+] Wrote enriched_session_83842_Normal.graphml (Nodes: 13, Edges: 17)
     [+] Wrote enriched_session_83839_Normal.graphml (Nodes: 13, Edges: 17)
     [+] Wrote enriched_session_83830_Normal.graphml (Nodes: 13, Edges: 17)
     [+] Wrote enriched_session_83841_Normal.graphml (Nodes: 13, Edges: 17)
     [+] Wrote enriched_session_83836_Normal.graphml (Nodes: 13, Edges: 17)
     [+] Wrote enriched_session_83827_Normal.graphml (Nodes: 13, Edges: 17)
     [+] Wrote enriched_session_83843_Normal.graphml (Nodes: 13, Edges: 17)
     [+] Wrote enriched_session_83815_Normal.graphml (Nodes: 13, Edges: 17)
     [+] Wrote enriched_session_83806_Normal.graphml (Nodes: 13, Edges: 17)
     [+] Wrote enriched_session_83791_Normal.graphml (Nodes: 13, Edges: 17)
     [+] Wrote enriched_session_83819_Normal.graphml (Nodes: 13, Edges: 17)
     [+] Wrote enriched_session_83809_Normal.graphml (Nodes: 13, Edges: 17)
     [+] Wrote enriched_session_83781_Normal.graphml (Nodes: 13, Edges: 17)
     [+] Wrote enriched_session_83828_Normal.graphml (Nodes: 13, Edges: 17)
     [+] Wrote enriched_session_83797_Normal.graphml (Nodes: 13, Edges: 17)
     [+] Wrote enriched_session_83825_Normal.graphml (Nodes: 13, Edges: 17)
     [+] Wrote enriched_session_83823_Normal.graphml (Nodes: 13, Edges: 17)
     [+] Wrote enriched_session_83834_Normal.graphml (Nodes: 13, Edges: 17)
     [+] Wrote enriched_session_83837_Normal.graphml (Nodes: 13, Edges: 17)
     [+] Wrote enriched_session_83844_Normal.graphml (Nodes: 4, Edges: 3)
     [+] Wrote enriched_session_83847_Normal.graphml (Nodes: 4, Edges: 3)
     [+] Wrote enriched_session_83873_Data_Exfiltration.graphml (Nodes: 23, Edges: 21)
     [+] Wrote enriched_session_83854_Data_Exfiltration.graphml (Nodes: 4, Edges: 3)
     [+] Wrote enriched_session_83856_Data_Exfiltration.graphml (Nodes: 4, Edges: 3)
     [+] Wrote enriched_session_83857_Data_Exfiltration.graphml (Nodes: 4, Edges: 4)
     [+] Wrote enriched_session_83860_Data_Exfiltration.graphml (Nodes: 4, Edges: 4)
     [+] Wrote enriched_session_83861_Data_Exfiltration.graphml (Nodes: 4, Edges: 4)
     [+] Wrote enriched_session_83862_Data_Exfiltration.graphml (Nodes: 2, Edges: 1)
     [+] Wrote enriched_session_83864_Data_Exfiltration.graphml (Nodes: 3, Edges: 2)
     [+] Wrote enriched_session_83874_Unauthorized_DB_Read.graphml (Nodes: 10, Edges: 9)
     [+] Wrote enriched_session_83878_Unauthorized_DB_Read.graphml (Nodes: 19, Edges: 18)
     [+] Wrote enriched_session_83877_Unauthorized_DB_Read.graphml (Nodes: 19, Edges: 18)
     [+] Wrote enriched_session_83879_Data_Exfiltration.graphml (Nodes: 12, Edges: 10)
     [+] Wrote enriched_session_83892_Data_Exfiltration.graphml (Nodes: 61, Edges: 64)
     [+] Wrote enriched_session_83908_Data_Exfiltration.graphml (Nodes: 35, Edges: 38)
     [+] Wrote enriched_session_83924_Data_Exfiltration.graphml (Nodes: 22, Edges: 22)
     [+] Wrote enriched_session_83939_Data_Exfiltration.graphml (Nodes: 22, Edges: 22)
     [+] Wrote enriched_session_83954_Data_Exfiltration.graphml (Nodes: 26, Edges: 30)
     [+] Wrote enriched_session_83971_Data_Exfiltration.graphml (Nodes: 26, Edges: 30)
     [+] Wrote enriched_session_83988_Data_Exfiltration.graphml (Nodes: 26, Edges: 30)
     [+] Wrote enriched_session_84005_Data_Exfiltration.graphml (Nodes: 26, Edges: 30)
     [+] Wrote enriched_session_84022_Data_Exfiltration.graphml (Nodes: 19, Edges: 18)
     [+] Wrote enriched_session_84036_Data_Exfiltration.graphml (Nodes: 19, Edges: 18)
     [+] Wrote enriched_session_84051_Data_Exfiltration.graphml (Nodes: 19, Edges: 18)
     [+] Wrote enriched_session_84065_Data_Exfiltration.graphml (Nodes: 19, Edges: 18)
     [+] Wrote enriched_session_84079_Data_Exfiltration.graphml (Nodes: 22, Edges: 23)
     [+] Wrote enriched_session_84094_Data_Exfiltration.graphml (Nodes: 22, Edges: 22)
     [+] Wrote enriched_session_84109_Data_Exfiltration.graphml (Nodes: 62, Edges: 65)
     [+] Wrote enriched_session_84125_Data_Exfiltration.graphml (Nodes: 36, Edges: 39)
     [+] Wrote enriched_session_84141_Data_Exfiltration.graphml (Nodes: 23, Edges: 23)
     [+] Wrote enriched_session_84156_Data_Exfiltration.graphml (Nodes: 23, Edges: 23)
     [+] Wrote enriched_session_84171_Data_Exfiltration.graphml (Nodes: 61, Edges: 64)
     [+] Wrote enriched_session_84187_Data_Exfiltration.graphml (Nodes: 35, Edges: 38)
     [+] Wrote enriched_session_84203_Data_Exfiltration.graphml (Nodes: 127, Edges: 127)
     [+] Wrote enriched_session_84218_Data_Exfiltration.graphml (Nodes: 62, Edges: 68)
     [+] Wrote enriched_session_84236_Data_Exfiltration.graphml (Nodes: 62, Edges: 68)
     [+] Wrote enriched_session_84252_Normal.graphml (Nodes: 26, Edges: 25)
     [+] Wrote enriched_session_84255_Normal.graphml (Nodes: 13, Edges: 11)
     [+] Wrote enriched_session_84258_Normal.graphml (Nodes: 59, Edges: 59)
     [+] Wrote enriched_session_84266_Normal.graphml (Nodes: 72, Edges: 73)
     [+] Wrote enriched_session_84299_OS_Privilege_Escalation.graphml (Nodes: 21, Edges: 21)
     [+] Wrote enriched_session_84314_OS_Privilege_Escalation.graphml (Nodes: 21, Edges: 21)
     [+] Wrote enriched_session_84329_OS_Privilege_Escalation.graphml (Nodes: 20, Edges: 20)
     [+] Wrote enriched_session_84357_OS_Privilege_Escalation.graphml (Nodes: 29, Edges: 35)
     [+] Wrote enriched_session_84387_OS_Privilege_Escalation.graphml (Nodes: 61, Edges: 66)
     [+] Wrote enriched_session_84403_OS_Privilege_Escalation.graphml (Nodes: 13, Edges: 11)
     [+] Wrote enriched_session_84405_OS_Privilege_Escalation.graphml (Nodes: 13, Edges: 11)
     [+] Wrote enriched_session_84407_OS_Privilege_Escalation.graphml (Nodes: 18, Edges: 17)
     [+] Wrote enriched_session_84420_SQL_Injection.graphml (Nodes: 22, Edges: 22)
     [+] Wrote enriched_session_84436_SQL_Injection.graphml (Nodes: 18, Edges: 16)
     [+] Wrote enriched_session_84449_SQL_Injection.graphml (Nodes: 13, Edges: 11)
     [+] Wrote enriched_session_84462_SQL_Injection.graphml (Nodes: 13, Edges: 11)

==================================================
Starting End-to-End Pipeline for: dataset_dev_run_42
==================================================
[1/3] Running Algorithm 1 (SAC)
  wrote dataset_dev_run_42_event_table.json  (2300 events, 28028 read total)
  wrote dataset_dev_run_42_session_correlation.csv  (2300 correlated pairs)
[2/3] Running Algorithm 2 (Graph Construction)
     => Generated 107 base session graphs natively in RAM
[3/3] Running Algorithm 3 (Behavior Abstraction & Serialization)
     [+] Wrote enriched_session_84781_Data_Exfiltration.graphml (Nodes: 4, Edges: 3)
     [+] Wrote enriched_session_84783_Data_Exfiltration.graphml (Nodes: 9, Edges: 9)
     [+] Wrote enriched_session_84784_Sabotage.graphml (Nodes: 3, Edges: 2)
     [+] Wrote enriched_session_84788_Data_Exfiltration.graphml (Nodes: 4, Edges: 3)
     [+] Wrote enriched_session_84798_Normal.graphml (Nodes: 13, Edges: 17)
     [+] Wrote enriched_session_84795_Normal.graphml (Nodes: 13, Edges: 17)
     [+] Wrote enriched_session_84791_Normal.graphml (Nodes: 13, Edges: 17)
     [+] Wrote enriched_session_84846_Normal.graphml (Nodes: 13, Edges: 17)
     [+] Wrote enriched_session_84789_Normal.graphml (Nodes: 13, Edges: 17)
     [+] Wrote enriched_session_84790_Normal.graphml (Nodes: 13, Edges: 17)
     [+] Wrote enriched_session_84828_Normal.graphml (Nodes: 13, Edges: 17)
     [+] Wrote enriched_session_84803_Normal.graphml (Nodes: 13, Edges: 17)
     [+] Wrote enriched_session_84806_Normal.graphml (Nodes: 13, Edges: 17)
     [+] Wrote enriched_session_84811_Normal.graphml (Nodes: 13, Edges: 17)
     [+] Wrote enriched_session_84831_Normal.graphml (Nodes: 13, Edges: 17)
     [+] Wrote enriched_session_84815_Normal.graphml (Nodes: 13, Edges: 17)
     [+] Wrote enriched_session_84850_Normal.graphml (Nodes: 13, Edges: 17)
     [+] Wrote enriched_session_84813_Normal.graphml (Nodes: 13, Edges: 17)
     [+] Wrote enriched_session_84808_Normal.graphml (Nodes: 13, Edges: 17)
     [+] Wrote enriched_session_84810_Normal.graphml (Nodes: 13, Edges: 17)
     [+] Wrote enriched_session_84809_Normal.graphml (Nodes: 13, Edges: 17)
     [+] Wrote enriched_session_84832_Normal.graphml (Nodes: 13, Edges: 17)
     [+] Wrote enriched_session_84843_Normal.graphml (Nodes: 13, Edges: 17)
     [+] Wrote enriched_session_84827_Normal.graphml (Nodes: 13, Edges: 17)
     [+] Wrote enriched_session_84814_Normal.graphml (Nodes: 13, Edges: 17)
     [+] Wrote enriched_session_84848_Normal.graphml (Nodes: 13, Edges: 17)
     [+] Wrote enriched_session_84841_Normal.graphml (Nodes: 13, Edges: 17)
     [+] Wrote enriched_session_84818_Normal.graphml (Nodes: 13, Edges: 17)
     [+] Wrote enriched_session_84852_Normal.graphml (Nodes: 13, Edges: 17)
     [+] Wrote enriched_session_84819_Normal.graphml (Nodes: 13, Edges: 17)
     [+] Wrote enriched_session_84821_Normal.graphml (Nodes: 13, Edges: 17)
     [+] Wrote enriched_session_84826_Normal.graphml (Nodes: 13, Edges: 17)
     [+] Wrote enriched_session_84838_Normal.graphml (Nodes: 13, Edges: 17)
     [+] Wrote enriched_session_84842_Normal.graphml (Nodes: 13, Edges: 17)
     [+] Wrote enriched_session_84797_Normal.graphml (Nodes: 13, Edges: 17)
     [+] Wrote enriched_session_84839_Normal.graphml (Nodes: 13, Edges: 17)
     [+] Wrote enriched_session_84830_Normal.graphml (Nodes: 13, Edges: 17)
     [+] Wrote enriched_session_84835_Normal.graphml (Nodes: 13, Edges: 17)
     [+] Wrote enriched_session_84847_Normal.graphml (Nodes: 13, Edges: 17)
     [+] Wrote enriched_session_84845_Normal.graphml (Nodes: 13, Edges: 17)
     [+] Wrote enriched_session_84851_Normal.graphml (Nodes: 13, Edges: 17)
     [+] Wrote enriched_session_84792_Normal.graphml (Nodes: 13, Edges: 17)
     [+] Wrote enriched_session_84817_Normal.graphml (Nodes: 13, Edges: 17)
     [+] Wrote enriched_session_84812_Normal.graphml (Nodes: 13, Edges: 17)
     [+] Wrote enriched_session_84823_Normal.graphml (Nodes: 13, Edges: 17)
     [+] Wrote enriched_session_84829_Normal.graphml (Nodes: 13, Edges: 17)
     [+] Wrote enriched_session_84844_Normal.graphml (Nodes: 13, Edges: 17)
     [+] Wrote enriched_session_84853_Normal.graphml (Nodes: 13, Edges: 17)
     [+] Wrote enriched_session_84834_Normal.graphml (Nodes: 13, Edges: 17)
     [+] Wrote enriched_session_84854_Normal.graphml (Nodes: 13, Edges: 17)
     [+] Wrote enriched_session_84800_Normal.graphml (Nodes: 13, Edges: 17)
     [+] Wrote enriched_session_84807_Normal.graphml (Nodes: 13, Edges: 17)
     [+] Wrote enriched_session_84840_Normal.graphml (Nodes: 13, Edges: 17)
     [+] Wrote enriched_session_84849_Normal.graphml (Nodes: 13, Edges: 17)
     [+] Wrote enriched_session_84855_Data_Exfiltration.graphml (Nodes: 4, Edges: 3)
     [+] Wrote enriched_session_84859_Data_Exfiltration.graphml (Nodes: 4, Edges: 3)
     [+] Wrote enriched_session_84865_Data_Exfiltration.graphml (Nodes: 4, Edges: 3)
     [+] Wrote enriched_session_84867_Data_Exfiltration.graphml (Nodes: 4, Edges: 3)
     [+] Wrote enriched_session_84868_Data_Exfiltration.graphml (Nodes: 4, Edges: 4)
     [+] Wrote enriched_session_84871_Data_Exfiltration.graphml (Nodes: 4, Edges: 4)
     [+] Wrote enriched_session_84872_Data_Exfiltration.graphml (Nodes: 4, Edges: 4)
     [+] Wrote enriched_session_84873_Data_Exfiltration.graphml (Nodes: 2, Edges: 1)
     [+] Wrote enriched_session_84882_Data_Exfiltration.graphml (Nodes: 3, Edges: 2)
     [+] Wrote enriched_session_84884_Unauthorized_DB_Read.graphml (Nodes: 4, Edges: 4)
     [+] Wrote enriched_session_84885_Data_Exfiltration.graphml (Nodes: 26, Edges: 24)
     [+] Wrote enriched_session_84886_Unauthorized_DB_Read.graphml (Nodes: 4, Edges: 4)
     [+] Wrote enriched_session_84887_Unauthorized_DB_Read.graphml (Nodes: 4, Edges: 4)
     [+] Wrote enriched_session_84900_Data_Exfiltration.graphml (Nodes: 53, Edges: 57)
     [+] Wrote enriched_session_84918_Data_Exfiltration.graphml (Nodes: 12, Edges: 10)
     [+] Wrote enriched_session_84919_Data_Exfiltration.graphml (Nodes: 35, Edges: 39)
     [+] Wrote enriched_session_84935_Data_Exfiltration.graphml (Nodes: 22, Edges: 23)
     [+] Wrote enriched_session_84950_Data_Exfiltration.graphml (Nodes: 22, Edges: 22)
     [+] Wrote enriched_session_84965_Data_Exfiltration.graphml (Nodes: 26, Edges: 30)
     [+] Wrote enriched_session_84982_Data_Exfiltration.graphml (Nodes: 26, Edges: 30)
     [+] Wrote enriched_session_84999_Data_Exfiltration.graphml (Nodes: 26, Edges: 30)
     [+] Wrote enriched_session_85016_Data_Exfiltration.graphml (Nodes: 26, Edges: 30)
     [+] Wrote enriched_session_85033_Data_Exfiltration.graphml (Nodes: 19, Edges: 17)
     [+] Wrote enriched_session_85047_Data_Exfiltration.graphml (Nodes: 19, Edges: 17)
     [+] Wrote enriched_session_85061_Data_Exfiltration.graphml (Nodes: 19, Edges: 18)
     [+] Wrote enriched_session_85075_Data_Exfiltration.graphml (Nodes: 19, Edges: 18)
     [+] Wrote enriched_session_85089_Data_Exfiltration.graphml (Nodes: 22, Edges: 23)
     [+] Wrote enriched_session_85104_Data_Exfiltration.graphml (Nodes: 22, Edges: 23)
     [+] Wrote enriched_session_85119_Data_Exfiltration.graphml (Nodes: 62, Edges: 66)
     [+] Wrote enriched_session_85135_Data_Exfiltration.graphml (Nodes: 36, Edges: 40)
     [+] Wrote enriched_session_85151_Data_Exfiltration.graphml (Nodes: 23, Edges: 23)
     [+] Wrote enriched_session_85166_Data_Exfiltration.graphml (Nodes: 23, Edges: 23)
     [+] Wrote enriched_session_85181_Data_Exfiltration.graphml (Nodes: 61, Edges: 64)
     [+] Wrote enriched_session_85197_Data_Exfiltration.graphml (Nodes: 35, Edges: 38)
     [+] Wrote enriched_session_85213_Data_Exfiltration.graphml (Nodes: 127, Edges: 127)
     [+] Wrote enriched_session_85228_Data_Exfiltration.graphml (Nodes: 62, Edges: 68)
     [+] Wrote enriched_session_85245_Data_Exfiltration.graphml (Nodes: 62, Edges: 68)
     [+] Wrote enriched_session_85260_Normal.graphml (Nodes: 18, Edges: 17)
     [+] Wrote enriched_session_85263_Normal.graphml (Nodes: 13, Edges: 11)
     [+] Wrote enriched_session_85266_Normal.graphml (Nodes: 59, Edges: 60)
     [+] Wrote enriched_session_85274_Normal.graphml (Nodes: 72, Edges: 74)
     [+] Wrote enriched_session_85316_OS_Privilege_Escalation.graphml (Nodes: 21, Edges: 21)
     [+] Wrote enriched_session_85331_OS_Privilege_Escalation.graphml (Nodes: 21, Edges: 21)
     [+] Wrote enriched_session_85346_OS_Privilege_Escalation.graphml (Nodes: 20, Edges: 20)
     [+] Wrote enriched_session_85374_OS_Privilege_Escalation.graphml (Nodes: 29, Edges: 35)
     [+] Wrote enriched_session_85404_OS_Privilege_Escalation.graphml (Nodes: 61, Edges: 65)
     [+] Wrote enriched_session_85420_OS_Privilege_Escalation.graphml (Nodes: 13, Edges: 11)
     [+] Wrote enriched_session_85422_OS_Privilege_Escalation.graphml (Nodes: 13, Edges: 11)
     [+] Wrote enriched_session_85424_OS_Privilege_Escalation.graphml (Nodes: 18, Edges: 17)
     [+] Wrote enriched_session_85437_OS_Privilege_Escalation.graphml (Nodes: 24, Edges: 25)
     [+] Wrote enriched_session_85453_OS_Privilege_Escalation.graphml (Nodes: 18, Edges: 16)
     [+] Wrote enriched_session_85466_OS_Privilege_Escalation.graphml (Nodes: 13, Edges: 11)
     [+] Wrote enriched_session_85479_OS_Privilege_Escalation.graphml (Nodes: 13, Edges: 11)

==================================================
Starting End-to-End Pipeline for: dataset_dev_run_43
==================================================
[1/3] Running Algorithm 1 (SAC)
  wrote dataset_dev_run_43_event_table.json  (2317 events, 28557 read total)
  wrote dataset_dev_run_43_session_correlation.csv  (2317 correlated pairs)
[2/3] Running Algorithm 2 (Graph Construction)
     => Generated 107 base session graphs natively in RAM
[3/3] Running Algorithm 3 (Behavior Abstraction & Serialization)
     [+] Wrote enriched_session_85799_Data_Exfiltration.graphml (Nodes: 9, Edges: 9)
     [+] Wrote enriched_session_85800_Data_Exfiltration.graphml (Nodes: 4, Edges: 3)
     [+] Wrote enriched_session_85813_Data_Exfiltration.graphml (Nodes: 4, Edges: 3)
     [+] Wrote enriched_session_85819_Sabotage.graphml (Nodes: 3, Edges: 2)
     [+] Wrote enriched_session_85826_Normal.graphml (Nodes: 13, Edges: 17)
     [+] Wrote enriched_session_85805_Normal.graphml (Nodes: 13, Edges: 17)
     [+] Wrote enriched_session_85807_Normal.graphml (Nodes: 13, Edges: 17)
     [+] Wrote enriched_session_85856_Normal.graphml (Nodes: 13, Edges: 17)
     [+] Wrote enriched_session_85814_Normal.graphml (Nodes: 13, Edges: 17)
     [+] Wrote enriched_session_85806_Normal.graphml (Nodes: 13, Edges: 17)
     [+] Wrote enriched_session_85869_Normal.graphml (Nodes: 13, Edges: 17)
     [+] Wrote enriched_session_85860_Normal.graphml (Nodes: 13, Edges: 17)
     [+] Wrote enriched_session_85828_Normal.graphml (Nodes: 13, Edges: 17)
     [+] Wrote enriched_session_85832_Normal.graphml (Nodes: 13, Edges: 17)
     [+] Wrote enriched_session_85872_Normal.graphml (Nodes: 13, Edges: 17)
     [+] Wrote enriched_session_85865_Normal.graphml (Nodes: 13, Edges: 17)
     [+] Wrote enriched_session_85843_Normal.graphml (Nodes: 13, Edges: 17)
     [+] Wrote enriched_session_85851_Normal.graphml (Nodes: 13, Edges: 17)
     [+] Wrote enriched_session_85870_Normal.graphml (Nodes: 13, Edges: 17)
     [+] Wrote enriched_session_85858_Normal.graphml (Nodes: 13, Edges: 17)
     [+] Wrote enriched_session_85837_Normal.graphml (Nodes: 13, Edges: 17)
     [+] Wrote enriched_session_85862_Normal.graphml (Nodes: 13, Edges: 17)
     [+] Wrote enriched_session_85818_Normal.graphml (Nodes: 13, Edges: 17)
     [+] Wrote enriched_session_85825_Normal.graphml (Nodes: 13, Edges: 17)
     [+] Wrote enriched_session_85866_Normal.graphml (Nodes: 13, Edges: 17)
     [+] Wrote enriched_session_85848_Normal.graphml (Nodes: 13, Edges: 17)
     [+] Wrote enriched_session_85835_Normal.graphml (Nodes: 13, Edges: 17)
     [+] Wrote enriched_session_85812_Normal.graphml (Nodes: 13, Edges: 17)
     [+] Wrote enriched_session_85820_Normal.graphml (Nodes: 13, Edges: 17)
     [+] Wrote enriched_session_85824_Normal.graphml (Nodes: 13, Edges: 17)
     [+] Wrote enriched_session_85842_Normal.graphml (Nodes: 13, Edges: 17)
     [+] Wrote enriched_session_85829_Normal.graphml (Nodes: 13, Edges: 17)
     [+] Wrote enriched_session_85850_Normal.graphml (Nodes: 13, Edges: 17)
     [+] Wrote enriched_session_85811_Normal.graphml (Nodes: 13, Edges: 17)
     [+] Wrote enriched_session_85867_Normal.graphml (Nodes: 13, Edges: 17)
     [+] Wrote enriched_session_85816_Normal.graphml (Nodes: 13, Edges: 17)
     [+] Wrote enriched_session_85822_Normal.graphml (Nodes: 13, Edges: 17)
     [+] Wrote enriched_session_85833_Normal.graphml (Nodes: 13, Edges: 17)
     [+] Wrote enriched_session_85857_Normal.graphml (Nodes: 13, Edges: 17)
     [+] Wrote enriched_session_85861_Normal.graphml (Nodes: 13, Edges: 17)
     [+] Wrote enriched_session_85864_Normal.graphml (Nodes: 13, Edges: 17)
     [+] Wrote enriched_session_85863_Normal.graphml (Nodes: 13, Edges: 17)
     [+] Wrote enriched_session_85827_Normal.graphml (Nodes: 13, Edges: 17)
     [+] Wrote enriched_session_85808_Normal.graphml (Nodes: 13, Edges: 17)
     [+] Wrote enriched_session_85855_Normal.graphml (Nodes: 13, Edges: 17)
     [+] Wrote enriched_session_85859_Normal.graphml (Nodes: 13, Edges: 17)
     [+] Wrote enriched_session_85817_Normal.graphml (Nodes: 13, Edges: 17)
     [+] Wrote enriched_session_85804_Normal.graphml (Nodes: 13, Edges: 17)
     [+] Wrote enriched_session_85823_Normal.graphml (Nodes: 13, Edges: 17)
     [+] Wrote enriched_session_85836_Normal.graphml (Nodes: 13, Edges: 17)
     [+] Wrote enriched_session_85852_Normal.graphml (Nodes: 13, Edges: 17)
     [+] Wrote enriched_session_85868_Normal.graphml (Nodes: 13, Edges: 17)
     [+] Wrote enriched_session_85871_Normal.graphml (Nodes: 13, Edges: 17)
     [+] Wrote enriched_session_85847_Normal.graphml (Nodes: 13, Edges: 17)
     [+] Wrote enriched_session_85873_Data_Exfiltration.graphml (Nodes: 4, Edges: 3)
     [+] Wrote enriched_session_85875_Data_Exfiltration.graphml (Nodes: 4, Edges: 3)
     [+] Wrote enriched_session_85883_Data_Exfiltration.graphml (Nodes: 4, Edges: 3)
     [+] Wrote enriched_session_85885_Data_Exfiltration.graphml (Nodes: 4, Edges: 3)
     [+] Wrote enriched_session_85888_Data_Exfiltration.graphml (Nodes: 4, Edges: 4)
     [+] Wrote enriched_session_85890_Data_Exfiltration.graphml (Nodes: 4, Edges: 4)
     [+] Wrote enriched_session_85889_Data_Exfiltration.graphml (Nodes: 4, Edges: 4)
     [+] Wrote enriched_session_85891_Data_Exfiltration.graphml (Nodes: 2, Edges: 1)
     [+] Wrote enriched_session_85899_Data_Exfiltration.graphml (Nodes: 3, Edges: 2)
     [+] Wrote enriched_session_85902_Unauthorized_DB_Read.graphml (Nodes: 4, Edges: 4)
     [+] Wrote enriched_session_85903_Unauthorized_DB_Read.graphml (Nodes: 4, Edges: 4)
     [+] Wrote enriched_session_85904_Unauthorized_DB_Read.graphml (Nodes: 4, Edges: 4)
     [+] Wrote enriched_session_85905_Data_Exfiltration.graphml (Nodes: 29, Edges: 27)
     [+] Wrote enriched_session_85918_Data_Exfiltration.graphml (Nodes: 61, Edges: 66)
     [+] Wrote enriched_session_85936_Data_Exfiltration.graphml (Nodes: 12, Edges: 10)
     [+] Wrote enriched_session_85937_Data_Exfiltration.graphml (Nodes: 35, Edges: 39)
     [+] Wrote enriched_session_85953_Data_Exfiltration.graphml (Nodes: 22, Edges: 23)
     [+] Wrote enriched_session_85968_Data_Exfiltration.graphml (Nodes: 22, Edges: 23)
     [+] Wrote enriched_session_85983_Data_Exfiltration.graphml (Nodes: 26, Edges: 31)
     [+] Wrote enriched_session_86000_Data_Exfiltration.graphml (Nodes: 26, Edges: 30)
     [+] Wrote enriched_session_86017_Data_Exfiltration.graphml (Nodes: 26, Edges: 30)
     [+] Wrote enriched_session_86034_Data_Exfiltration.graphml (Nodes: 26, Edges: 30)
     [+] Wrote enriched_session_86051_Data_Exfiltration.graphml (Nodes: 19, Edges: 17)
     [+] Wrote enriched_session_86065_Data_Exfiltration.graphml (Nodes: 19, Edges: 17)
     [+] Wrote enriched_session_86079_Data_Exfiltration.graphml (Nodes: 19, Edges: 18)
     [+] Wrote enriched_session_86093_Data_Exfiltration.graphml (Nodes: 19, Edges: 18)
     [+] Wrote enriched_session_86107_Data_Exfiltration.graphml (Nodes: 22, Edges: 23)
     [+] Wrote enriched_session_86122_Data_Exfiltration.graphml (Nodes: 22, Edges: 23)
     [+] Wrote enriched_session_86137_Data_Exfiltration.graphml (Nodes: 62, Edges: 66)
     [+] Wrote enriched_session_86153_Data_Exfiltration.graphml (Nodes: 36, Edges: 40)
     [+] Wrote enriched_session_86169_Data_Exfiltration.graphml (Nodes: 23, Edges: 24)
     [+] Wrote enriched_session_86184_Data_Exfiltration.graphml (Nodes: 23, Edges: 24)
     [+] Wrote enriched_session_86199_Data_Exfiltration.graphml (Nodes: 61, Edges: 64)
     [+] Wrote enriched_session_86215_Data_Exfiltration.graphml (Nodes: 35, Edges: 38)
     [+] Wrote enriched_session_86231_Data_Exfiltration.graphml (Nodes: 127, Edges: 127)
     [+] Wrote enriched_session_86246_Data_Exfiltration.graphml (Nodes: 62, Edges: 68)
     [+] Wrote enriched_session_86264_Data_Exfiltration.graphml (Nodes: 62, Edges: 68)
     [+] Wrote enriched_session_86279_Normal.graphml (Nodes: 18, Edges: 17)
     [+] Wrote enriched_session_86283_Normal.graphml (Nodes: 13, Edges: 11)
     [+] Wrote enriched_session_86286_Normal.graphml (Nodes: 59, Edges: 60)
     [+] Wrote enriched_session_86294_Normal.graphml (Nodes: 72, Edges: 74)
     [+] Wrote enriched_session_86326_OS_Privilege_Escalation.graphml (Nodes: 21, Edges: 22)
     [+] Wrote enriched_session_86341_OS_Privilege_Escalation.graphml (Nodes: 21, Edges: 22)
     [+] Wrote enriched_session_86356_Attack.graphml (Nodes: 20, Edges: 20)
     [+] Wrote enriched_session_86384_Attack.graphml (Nodes: 29, Edges: 35)
     [+] Wrote enriched_session_86414_Attack.graphml (Nodes: 61, Edges: 66)
     [+] Wrote enriched_session_86430_Attack.graphml (Nodes: 13, Edges: 11)
     [+] Wrote enriched_session_86432_Attack.graphml (Nodes: 13, Edges: 11)
     [+] Wrote enriched_session_86434_Attack.graphml (Nodes: 18, Edges: 17)
     [+] Wrote enriched_session_86447_Attack.graphml (Nodes: 24, Edges: 25)
     [+] Wrote enriched_session_86463_Attack.graphml (Nodes: 18, Edges: 16)
     [+] Wrote enriched_session_86476_Attack.graphml (Nodes: 13, Edges: 11)
     [+] Wrote enriched_session_86493_Attack.graphml (Nodes: 13, Edges: 11)

==================================================
Starting End-to-End Pipeline for: dataset_dev_run_44
==================================================
[1/3] Running Algorithm 1 (SAC)
  wrote dataset_dev_run_44_event_table.json  (2300 events, 27781 read total)
  wrote dataset_dev_run_44_session_correlation.csv  (2300 correlated pairs)
[2/3] Running Algorithm 2 (Graph Construction)
     => Generated 107 base session graphs natively in RAM
[3/3] Running Algorithm 3 (Behavior Abstraction & Serialization)
     [+] Wrote enriched_session_86827_Sabotage.graphml (Nodes: 3, Edges: 2)
     [+] Wrote enriched_session_86831_Data_Exfiltration.graphml (Nodes: 4, Edges: 3)
     [+] Wrote enriched_session_86834_Data_Exfiltration.graphml (Nodes: 9, Edges: 9)
     [+] Wrote enriched_session_86836_Data_Exfiltration.graphml (Nodes: 4, Edges: 3)
     [+] Wrote enriched_session_86856_Normal.graphml (Nodes: 13, Edges: 17)
     [+] Wrote enriched_session_86868_Normal.graphml (Nodes: 13, Edges: 17)
     [+] Wrote enriched_session_86841_Normal.graphml (Nodes: 13, Edges: 17)
     [+] Wrote enriched_session_86884_Normal.graphml (Nodes: 13, Edges: 17)
     [+] Wrote enriched_session_86851_Normal.graphml (Nodes: 13, Edges: 17)
     [+] Wrote enriched_session_86846_Normal.graphml (Nodes: 13, Edges: 17)
     [+] Wrote enriched_session_86855_Normal.graphml (Nodes: 13, Edges: 17)
     [+] Wrote enriched_session_86862_Normal.graphml (Nodes: 13, Edges: 17)
     [+] Wrote enriched_session_86898_Normal.graphml (Nodes: 13, Edges: 17)
     [+] Wrote enriched_session_86892_Normal.graphml (Nodes: 13, Edges: 17)
     [+] Wrote enriched_session_86874_Normal.graphml (Nodes: 13, Edges: 17)
     [+] Wrote enriched_session_86885_Normal.graphml (Nodes: 13, Edges: 17)
     [+] Wrote enriched_session_86861_Normal.graphml (Nodes: 13, Edges: 17)
     [+] Wrote enriched_session_86887_Normal.graphml (Nodes: 13, Edges: 17)
     [+] Wrote enriched_session_86840_Normal.graphml (Nodes: 13, Edges: 17)
     [+] Wrote enriched_session_86850_Normal.graphml (Nodes: 13, Edges: 17)
     [+] Wrote enriched_session_86849_Normal.graphml (Nodes: 13, Edges: 17)
     [+] Wrote enriched_session_86859_Normal.graphml (Nodes: 13, Edges: 17)
     [+] Wrote enriched_session_86867_Normal.graphml (Nodes: 13, Edges: 17)
     [+] Wrote enriched_session_86879_Normal.graphml (Nodes: 13, Edges: 17)
     [+] Wrote enriched_session_86848_Normal.graphml (Nodes: 13, Edges: 17)
     [+] Wrote enriched_session_86858_Normal.graphml (Nodes: 13, Edges: 17)
     [+] Wrote enriched_session_86882_Normal.graphml (Nodes: 13, Edges: 17)
     [+] Wrote enriched_session_86886_Normal.graphml (Nodes: 13, Edges: 17)
     [+] Wrote enriched_session_86842_Normal.graphml (Nodes: 13, Edges: 17)
     [+] Wrote enriched_session_86864_Normal.graphml (Nodes: 13, Edges: 17)
     [+] Wrote enriched_session_86889_Normal.graphml (Nodes: 13, Edges: 17)
     [+] Wrote enriched_session_86853_Normal.graphml (Nodes: 13, Edges: 17)
     [+] Wrote enriched_session_86883_Normal.graphml (Nodes: 13, Edges: 17)
     [+] Wrote enriched_session_86877_Normal.graphml (Nodes: 13, Edges: 17)
     [+] Wrote enriched_session_86876_Normal.graphml (Nodes: 13, Edges: 17)
     [+] Wrote enriched_session_86870_Normal.graphml (Nodes: 13, Edges: 17)
     [+] Wrote enriched_session_86881_Normal.graphml (Nodes: 13, Edges: 17)
     [+] Wrote enriched_session_86852_Normal.graphml (Nodes: 13, Edges: 17)
     [+] Wrote enriched_session_86854_Normal.graphml (Nodes: 13, Edges: 17)
     [+] Wrote enriched_session_86888_Normal.graphml (Nodes: 13, Edges: 17)
     [+] Wrote enriched_session_86871_Normal.graphml (Nodes: 13, Edges: 17)
     [+] Wrote enriched_session_86875_Normal.graphml (Nodes: 13, Edges: 17)
     [+] Wrote enriched_session_86843_Normal.graphml (Nodes: 13, Edges: 17)
     [+] Wrote enriched_session_86878_Normal.graphml (Nodes: 13, Edges: 17)
     [+] Wrote enriched_session_86893_Normal.graphml (Nodes: 13, Edges: 17)
     [+] Wrote enriched_session_86896_Normal.graphml (Nodes: 13, Edges: 17)
     [+] Wrote enriched_session_86891_Normal.graphml (Nodes: 13, Edges: 17)
     [+] Wrote enriched_session_86895_Normal.graphml (Nodes: 13, Edges: 17)
     [+] Wrote enriched_session_86899_Normal.graphml (Nodes: 13, Edges: 17)
     [+] Wrote enriched_session_86900_Normal.graphml (Nodes: 13, Edges: 17)
     [+] Wrote enriched_session_86897_Normal.graphml (Nodes: 13, Edges: 17)
     [+] Wrote enriched_session_86890_Normal.graphml (Nodes: 13, Edges: 17)
     [+] Wrote enriched_session_86894_Normal.graphml (Nodes: 13, Edges: 17)
     [+] Wrote enriched_session_86880_Normal.graphml (Nodes: 13, Edges: 17)
     [+] Wrote enriched_session_86901_Data_Exfiltration.graphml (Nodes: 4, Edges: 3)
     [+] Wrote enriched_session_86904_Data_Exfiltration.graphml (Nodes: 4, Edges: 3)
     [+] Wrote enriched_session_86911_Data_Exfiltration.graphml (Nodes: 4, Edges: 3)
     [+] Wrote enriched_session_86913_Data_Exfiltration.graphml (Nodes: 4, Edges: 3)
     [+] Wrote enriched_session_86916_Data_Exfiltration.graphml (Nodes: 4, Edges: 4)
     [+] Wrote enriched_session_86918_Data_Exfiltration.graphml (Nodes: 4, Edges: 4)
     [+] Wrote enriched_session_86917_Data_Exfiltration.graphml (Nodes: 4, Edges: 4)
     [+] Wrote enriched_session_86919_Data_Exfiltration.graphml (Nodes: 2, Edges: 1)
     [+] Wrote enriched_session_86928_Data_Exfiltration.graphml (Nodes: 3, Edges: 2)
     [+] Wrote enriched_session_86930_Data_Exfiltration.graphml (Nodes: 26, Edges: 24)
     [+] Wrote enriched_session_86931_Unauthorized_DB_Read.graphml (Nodes: 4, Edges: 4)
     [+] Wrote enriched_session_86933_Unauthorized_DB_Read.graphml (Nodes: 4, Edges: 4)
     [+] Wrote enriched_session_86932_Unauthorized_DB_Read.graphml (Nodes: 4, Edges: 4)
     [+] Wrote enriched_session_86950_Data_Exfiltration.graphml (Nodes: 53, Edges: 57)
     [+] Wrote enriched_session_86968_Data_Exfiltration.graphml (Nodes: 12, Edges: 10)
     [+] Wrote enriched_session_86969_Data_Exfiltration.graphml (Nodes: 35, Edges: 39)
     [+] Wrote enriched_session_86985_Data_Exfiltration.graphml (Nodes: 22, Edges: 23)
     [+] Wrote enriched_session_87000_Data_Exfiltration.graphml (Nodes: 22, Edges: 23)
     [+] Wrote enriched_session_87015_Data_Exfiltration.graphml (Nodes: 26, Edges: 31)
     [+] Wrote enriched_session_87032_Data_Exfiltration.graphml (Nodes: 26, Edges: 30)
     [+] Wrote enriched_session_87049_Data_Exfiltration.graphml (Nodes: 26, Edges: 30)
     [+] Wrote enriched_session_87066_Data_Exfiltration.graphml (Nodes: 26, Edges: 30)
     [+] Wrote enriched_session_87083_Data_Exfiltration.graphml (Nodes: 19, Edges: 17)
     [+] Wrote enriched_session_87097_Data_Exfiltration.graphml (Nodes: 19, Edges: 17)
     [+] Wrote enriched_session_87111_Data_Exfiltration.graphml (Nodes: 19, Edges: 17)
     [+] Wrote enriched_session_87125_Data_Exfiltration.graphml (Nodes: 19, Edges: 17)
     [+] Wrote enriched_session_87139_Data_Exfiltration.graphml (Nodes: 22, Edges: 23)
     [+] Wrote enriched_session_87154_Data_Exfiltration.graphml (Nodes: 22, Edges: 23)
     [+] Wrote enriched_session_87169_Data_Exfiltration.graphml (Nodes: 62, Edges: 66)
     [+] Wrote enriched_session_87185_Data_Exfiltration.graphml (Nodes: 36, Edges: 40)
     [+] Wrote enriched_session_87201_Data_Exfiltration.graphml (Nodes: 23, Edges: 24)
     [+] Wrote enriched_session_87216_Data_Exfiltration.graphml (Nodes: 23, Edges: 24)
     [+] Wrote enriched_session_87231_Data_Exfiltration.graphml (Nodes: 61, Edges: 64)
     [+] Wrote enriched_session_87247_Data_Exfiltration.graphml (Nodes: 35, Edges: 38)
     [+] Wrote enriched_session_87263_Data_Exfiltration.graphml (Nodes: 127, Edges: 127)
     [+] Wrote enriched_session_87278_Data_Exfiltration.graphml (Nodes: 62, Edges: 67)
     [+] Wrote enriched_session_87295_Data_Exfiltration.graphml (Nodes: 62, Edges: 67)
     [+] Wrote enriched_session_87330_Normal.graphml (Nodes: 18, Edges: 17)
     [+] Wrote enriched_session_87333_Normal.graphml (Nodes: 13, Edges: 11)
     [+] Wrote enriched_session_87336_Normal.graphml (Nodes: 59, Edges: 60)
     [+] Wrote enriched_session_87344_Normal.graphml (Nodes: 72, Edges: 74)
     [+] Wrote enriched_session_87376_OS_Privilege_Escalation.graphml (Nodes: 21, Edges: 22)
     [+] Wrote enriched_session_87391_OS_Privilege_Escalation.graphml (Nodes: 21, Edges: 22)
     [+] Wrote enriched_session_87406_Attack.graphml (Nodes: 20, Edges: 20)
     [+] Wrote enriched_session_87434_Attack.graphml (Nodes: 29, Edges: 35)
     [+] Wrote enriched_session_87464_Attack.graphml (Nodes: 61, Edges: 65)
     [+] Wrote enriched_session_87480_Attack.graphml (Nodes: 13, Edges: 11)
     [+] Wrote enriched_session_87482_Attack.graphml (Nodes: 13, Edges: 11)
     [+] Wrote enriched_session_87484_Attack.graphml (Nodes: 18, Edges: 17)
     [+] Wrote enriched_session_87497_Attack.graphml (Nodes: 22, Edges: 23)
     [+] Wrote enriched_session_87513_Attack.graphml (Nodes: 18, Edges: 16)
     [+] Wrote enriched_session_87526_Attack.graphml (Nodes: 13, Edges: 11)
     [+] Wrote enriched_session_87539_Attack.graphml (Nodes: 13, Edges: 11)

==================================================
Starting End-to-End Pipeline for: dataset_dev_run_45
==================================================
[1/3] Running Algorithm 1 (SAC)
  wrote dataset_dev_run_45_event_table.json  (2299 events, 27714 read total)
  wrote dataset_dev_run_45_session_correlation.csv  (2299 correlated pairs)
[2/3] Running Algorithm 2 (Graph Construction)
     => Generated 107 base session graphs natively in RAM
[3/3] Running Algorithm 3 (Behavior Abstraction & Serialization)
     [+] Wrote enriched_session_87859_Data_Exfiltration.graphml (Nodes: 9, Edges: 9)
     [+] Wrote enriched_session_87870_Sabotage.graphml (Nodes: 3, Edges: 2)
     [+] Wrote enriched_session_87871_Data_Exfiltration.graphml (Nodes: 4, Edges: 3)
     [+] Wrote enriched_session_87877_Data_Exfiltration.graphml (Nodes: 4, Edges: 3)
     [+] Wrote enriched_session_87889_Normal.graphml (Nodes: 13, Edges: 17)
     [+] Wrote enriched_session_87869_Normal.graphml (Nodes: 13, Edges: 17)
     [+] Wrote enriched_session_87926_Normal.graphml (Nodes: 13, Edges: 17)
     [+] Wrote enriched_session_87866_Normal.graphml (Nodes: 13, Edges: 17)
     [+] Wrote enriched_session_87929_Normal.graphml (Nodes: 13, Edges: 17)
     [+] Wrote enriched_session_87901_Normal.graphml (Nodes: 13, Edges: 17)
     [+] Wrote enriched_session_87908_Normal.graphml (Nodes: 13, Edges: 17)
     [+] Wrote enriched_session_87865_Normal.graphml (Nodes: 13, Edges: 17)
     [+] Wrote enriched_session_87922_Normal.graphml (Nodes: 13, Edges: 17)
     [+] Wrote enriched_session_87880_Normal.graphml (Nodes: 13, Edges: 17)
     [+] Wrote enriched_session_87890_Normal.graphml (Nodes: 13, Edges: 17)
     [+] Wrote enriched_session_87918_Normal.graphml (Nodes: 13, Edges: 17)
     [+] Wrote enriched_session_87888_Normal.graphml (Nodes: 13, Edges: 17)
     [+] Wrote enriched_session_87931_Normal.graphml (Nodes: 13, Edges: 17)
     [+] Wrote enriched_session_87896_Normal.graphml (Nodes: 13, Edges: 17)
     [+] Wrote enriched_session_87863_Normal.graphml (Nodes: 13, Edges: 17)
     [+] Wrote enriched_session_87932_Normal.graphml (Nodes: 13, Edges: 17)
     [+] Wrote enriched_session_87900_Normal.graphml (Nodes: 13, Edges: 17)
     [+] Wrote enriched_session_87872_Normal.graphml (Nodes: 13, Edges: 17)
     [+] Wrote enriched_session_87930_Normal.graphml (Nodes: 13, Edges: 17)
     [+] Wrote enriched_session_87913_Normal.graphml (Nodes: 13, Edges: 17)
     [+] Wrote enriched_session_87876_Normal.graphml (Nodes: 13, Edges: 17)
     [+] Wrote enriched_session_87905_Normal.graphml (Nodes: 13, Edges: 17)
     [+] Wrote enriched_session_87868_Normal.graphml (Nodes: 13, Edges: 17)
     [+] Wrote enriched_session_87882_Normal.graphml (Nodes: 13, Edges: 17)
     [+] Wrote enriched_session_87928_Normal.graphml (Nodes: 13, Edges: 17)
     [+] Wrote enriched_session_87904_Normal.graphml (Nodes: 13, Edges: 17)
     [+] Wrote enriched_session_87883_Normal.graphml (Nodes: 13, Edges: 17)
     [+] Wrote enriched_session_87921_Normal.graphml (Nodes: 13, Edges: 17)
     [+] Wrote enriched_session_87898_Normal.graphml (Nodes: 13, Edges: 17)
     [+] Wrote enriched_session_87925_Normal.graphml (Nodes: 13, Edges: 17)
     [+] Wrote enriched_session_87864_Normal.graphml (Nodes: 13, Edges: 17)
     [+] Wrote enriched_session_87907_Normal.graphml (Nodes: 13, Edges: 17)
     [+] Wrote enriched_session_87917_Normal.graphml (Nodes: 13, Edges: 17)
     [+] Wrote enriched_session_87923_Normal.graphml (Nodes: 13, Edges: 17)
     [+] Wrote enriched_session_87878_Normal.graphml (Nodes: 13, Edges: 17)
     [+] Wrote enriched_session_87867_Normal.graphml (Nodes: 13, Edges: 17)
     [+] Wrote enriched_session_87873_Normal.graphml (Nodes: 13, Edges: 17)
     [+] Wrote enriched_session_87897_Normal.graphml (Nodes: 13, Edges: 17)
     [+] Wrote enriched_session_87903_Normal.graphml (Nodes: 13, Edges: 17)
     [+] Wrote enriched_session_87879_Normal.graphml (Nodes: 13, Edges: 17)
     [+] Wrote enriched_session_87927_Normal.graphml (Nodes: 13, Edges: 17)
     [+] Wrote enriched_session_87916_Normal.graphml (Nodes: 13, Edges: 17)
     [+] Wrote enriched_session_87886_Normal.graphml (Nodes: 13, Edges: 17)
     [+] Wrote enriched_session_87924_Normal.graphml (Nodes: 13, Edges: 17)
     [+] Wrote enriched_session_87910_Normal.graphml (Nodes: 13, Edges: 17)
     [+] Wrote enriched_session_87899_Normal.graphml (Nodes: 13, Edges: 17)
     [+] Wrote enriched_session_87892_Normal.graphml (Nodes: 13, Edges: 17)
     [+] Wrote enriched_session_87914_Normal.graphml (Nodes: 13, Edges: 17)
     [+] Wrote enriched_session_87875_Normal.graphml (Nodes: 13, Edges: 17)
     [+] Wrote enriched_session_87933_Data_Exfiltration.graphml (Nodes: 4, Edges: 3)
     [+] Wrote enriched_session_87937_Data_Exfiltration.graphml (Nodes: 4, Edges: 3)
     [+] Wrote enriched_session_87943_Data_Exfiltration.graphml (Nodes: 4, Edges: 3)
     [+] Wrote enriched_session_87945_Data_Exfiltration.graphml (Nodes: 4, Edges: 3)
     [+] Wrote enriched_session_87948_Data_Exfiltration.graphml (Nodes: 4, Edges: 4)
     [+] Wrote enriched_session_87949_Data_Exfiltration.graphml (Nodes: 4, Edges: 4)
     [+] Wrote enriched_session_87950_Data_Exfiltration.graphml (Nodes: 4, Edges: 4)
     [+] Wrote enriched_session_87951_Data_Exfiltration.graphml (Nodes: 2, Edges: 1)
     [+] Wrote enriched_session_87955_Data_Exfiltration.graphml (Nodes: 3, Edges: 2)
     [+] Wrote enriched_session_87962_Unauthorized_DB_Read.graphml (Nodes: 4, Edges: 4)
     [+] Wrote enriched_session_87965_Data_Exfiltration.graphml (Nodes: 25, Edges: 23)
     [+] Wrote enriched_session_87963_Unauthorized_DB_Read.graphml (Nodes: 4, Edges: 4)
     [+] Wrote enriched_session_87964_Unauthorized_DB_Read.graphml (Nodes: 4, Edges: 4)
     [+] Wrote enriched_session_87978_Data_Exfiltration.graphml (Nodes: 53, Edges: 57)
     [+] Wrote enriched_session_87996_Data_Exfiltration.graphml (Nodes: 12, Edges: 10)
     [+] Wrote enriched_session_87997_Data_Exfiltration.graphml (Nodes: 35, Edges: 39)
     [+] Wrote enriched_session_88013_Data_Exfiltration.graphml (Nodes: 22, Edges: 23)
     [+] Wrote enriched_session_88028_Data_Exfiltration.graphml (Nodes: 22, Edges: 22)
     [+] Wrote enriched_session_88043_Data_Exfiltration.graphml (Nodes: 26, Edges: 30)
     [+] Wrote enriched_session_88060_Data_Exfiltration.graphml (Nodes: 26, Edges: 30)
     [+] Wrote enriched_session_88077_Data_Exfiltration.graphml (Nodes: 26, Edges: 30)
     [+] Wrote enriched_session_88094_Data_Exfiltration.graphml (Nodes: 26, Edges: 30)
     [+] Wrote enriched_session_88111_Data_Exfiltration.graphml (Nodes: 19, Edges: 17)
     [+] Wrote enriched_session_88125_Data_Exfiltration.graphml (Nodes: 19, Edges: 17)
     [+] Wrote enriched_session_88139_Data_Exfiltration.graphml (Nodes: 19, Edges: 17)
     [+] Wrote enriched_session_88153_Data_Exfiltration.graphml (Nodes: 19, Edges: 18)
     [+] Wrote enriched_session_88167_Data_Exfiltration.graphml (Nodes: 22, Edges: 23)
     [+] Wrote enriched_session_88182_Data_Exfiltration.graphml (Nodes: 22, Edges: 23)
     [+] Wrote enriched_session_88197_Data_Exfiltration.graphml (Nodes: 62, Edges: 66)
     [+] Wrote enriched_session_88213_Data_Exfiltration.graphml (Nodes: 36, Edges: 40)
     [+] Wrote enriched_session_88229_Data_Exfiltration.graphml (Nodes: 23, Edges: 24)
     [+] Wrote enriched_session_88244_Data_Exfiltration.graphml (Nodes: 23, Edges: 23)
     [+] Wrote enriched_session_88259_Data_Exfiltration.graphml (Nodes: 61, Edges: 64)
     [+] Wrote enriched_session_88275_Data_Exfiltration.graphml (Nodes: 35, Edges: 38)
     [+] Wrote enriched_session_88291_Data_Exfiltration.graphml (Nodes: 127, Edges: 127)
     [+] Wrote enriched_session_88306_Data_Exfiltration.graphml (Nodes: 62, Edges: 67)
     [+] Wrote enriched_session_88324_Data_Exfiltration.graphml (Nodes: 62, Edges: 67)
     [+] Wrote enriched_session_88347_Normal.graphml (Nodes: 18, Edges: 17)
     [+] Wrote enriched_session_88350_Normal.graphml (Nodes: 13, Edges: 11)
     [+] Wrote enriched_session_88353_Normal.graphml (Nodes: 59, Edges: 60)
     [+] Wrote enriched_session_88361_Normal.graphml (Nodes: 72, Edges: 74)
     [+] Wrote enriched_session_88393_OS_Privilege_Escalation.graphml (Nodes: 21, Edges: 22)
     [+] Wrote enriched_session_88408_OS_Privilege_Escalation.graphml (Nodes: 21, Edges: 22)
     [+] Wrote enriched_session_88423_Attack.graphml (Nodes: 20, Edges: 20)
     [+] Wrote enriched_session_88451_Attack.graphml (Nodes: 29, Edges: 35)
     [+] Wrote enriched_session_88481_Attack.graphml (Nodes: 61, Edges: 65)
     [+] Wrote enriched_session_88497_Attack.graphml (Nodes: 13, Edges: 11)
     [+] Wrote enriched_session_88499_Attack.graphml (Nodes: 13, Edges: 11)
     [+] Wrote enriched_session_88501_Attack.graphml (Nodes: 18, Edges: 17)
     [+] Wrote enriched_session_88514_Attack.graphml (Nodes: 22, Edges: 23)
     [+] Wrote enriched_session_88530_Attack.graphml (Nodes: 18, Edges: 16)
     [+] Wrote enriched_session_88543_Attack.graphml (Nodes: 13, Edges: 11)
     [+] Wrote enriched_session_88556_Attack.graphml (Nodes: 13, Edges: 11)

==================================================
Starting End-to-End Pipeline for: dataset_dev_run_46
==================================================
[1/3] Running Algorithm 1 (SAC)
  wrote dataset_dev_run_46_event_table.json  (2372 events, 17429 read total)
  wrote dataset_dev_run_46_session_correlation.csv  (2372 correlated pairs)
[2/3] Running Algorithm 2 (Graph Construction)
     => Generated 107 base session graphs natively in RAM
[3/3] Running Algorithm 3 (Behavior Abstraction & Serialization)
     [+] Wrote enriched_session_88877_Normal.graphml (Nodes: 9, Edges: 9)
     [+] Wrote enriched_session_88878_Sabotage.graphml (Nodes: 3, Edges: 2)
     [+] Wrote enriched_session_88900_Normal.graphml (Nodes: 4, Edges: 3)
     [+] Wrote enriched_session_88901_Data_Exfiltration.graphml (Nodes: 4, Edges: 3)
     [+] Wrote enriched_session_88885_Normal.graphml (Nodes: 13, Edges: 17)
     [+] Wrote enriched_session_88882_Normal.graphml (Nodes: 13, Edges: 17)
     [+] Wrote enriched_session_88914_Normal.graphml (Nodes: 13, Edges: 17)
     [+] Wrote enriched_session_88883_Normal.graphml (Nodes: 13, Edges: 17)
     [+] Wrote enriched_session_88904_Normal.graphml (Nodes: 13, Edges: 17)
     [+] Wrote enriched_session_88884_Normal.graphml (Nodes: 13, Edges: 17)
     [+] Wrote enriched_session_88902_Normal.graphml (Nodes: 13, Edges: 17)
     [+] Wrote enriched_session_88910_Normal.graphml (Nodes: 13, Edges: 17)
     [+] Wrote enriched_session_88924_Normal.graphml (Nodes: 13, Edges: 17)
     [+] Wrote enriched_session_88949_Normal.graphml (Nodes: 13, Edges: 17)
     [+] Wrote enriched_session_88913_Normal.graphml (Nodes: 13, Edges: 17)
     [+] Wrote enriched_session_88886_Normal.graphml (Nodes: 13, Edges: 17)
     [+] Wrote enriched_session_88929_Normal.graphml (Nodes: 13, Edges: 17)
     [+] Wrote enriched_session_88942_Normal.graphml (Nodes: 13, Edges: 17)
     [+] Wrote enriched_session_88917_Normal.graphml (Nodes: 13, Edges: 17)
     [+] Wrote enriched_session_88920_Normal.graphml (Nodes: 13, Edges: 17)
     [+] Wrote enriched_session_88888_Normal.graphml (Nodes: 13, Edges: 17)
     [+] Wrote enriched_session_88925_Normal.graphml (Nodes: 13, Edges: 17)
     [+] Wrote enriched_session_88936_Normal.graphml (Nodes: 13, Edges: 17)
     [+] Wrote enriched_session_88894_Normal.graphml (Nodes: 13, Edges: 17)
     [+] Wrote enriched_session_88932_Normal.graphml (Nodes: 13, Edges: 17)
     [+] Wrote enriched_session_88889_Normal.graphml (Nodes: 13, Edges: 17)
     [+] Wrote enriched_session_88907_Normal.graphml (Nodes: 13, Edges: 17)
     [+] Wrote enriched_session_88941_Normal.graphml (Nodes: 13, Edges: 17)
     [+] Wrote enriched_session_88915_Normal.graphml (Nodes: 13, Edges: 17)
     [+] Wrote enriched_session_88937_Normal.graphml (Nodes: 13, Edges: 17)
     [+] Wrote enriched_session_88916_Normal.graphml (Nodes: 13, Edges: 17)
     [+] Wrote enriched_session_88899_Normal.graphml (Nodes: 13, Edges: 17)
     [+] Wrote enriched_session_88927_Normal.graphml (Nodes: 13, Edges: 17)
     [+] Wrote enriched_session_88943_Normal.graphml (Nodes: 13, Edges: 17)
     [+] Wrote enriched_session_88946_Normal.graphml (Nodes: 13, Edges: 17)
     [+] Wrote enriched_session_88892_Normal.graphml (Nodes: 13, Edges: 17)
     [+] Wrote enriched_session_88898_Normal.graphml (Nodes: 13, Edges: 17)
     [+] Wrote enriched_session_88912_Normal.graphml (Nodes: 13, Edges: 17)
     [+] Wrote enriched_session_88918_Normal.graphml (Nodes: 13, Edges: 17)
     [+] Wrote enriched_session_88926_Normal.graphml (Nodes: 13, Edges: 17)
     [+] Wrote enriched_session_88933_Normal.graphml (Nodes: 13, Edges: 17)
     [+] Wrote enriched_session_88944_Normal.graphml (Nodes: 13, Edges: 17)
     [+] Wrote enriched_session_88891_Normal.graphml (Nodes: 13, Edges: 17)
     [+] Wrote enriched_session_88947_Normal.graphml (Nodes: 13, Edges: 17)
     [+] Wrote enriched_session_88921_Normal.graphml (Nodes: 13, Edges: 17)
     [+] Wrote enriched_session_88939_Normal.graphml (Nodes: 13, Edges: 17)
     [+] Wrote enriched_session_88945_Normal.graphml (Nodes: 13, Edges: 17)
     [+] Wrote enriched_session_88897_Normal.graphml (Nodes: 13, Edges: 17)
     [+] Wrote enriched_session_88903_Normal.graphml (Nodes: 13, Edges: 17)
     [+] Wrote enriched_session_88923_Normal.graphml (Nodes: 13, Edges: 17)
     [+] Wrote enriched_session_88934_Normal.graphml (Nodes: 13, Edges: 17)
     [+] Wrote enriched_session_88950_Normal.graphml (Nodes: 13, Edges: 17)
     [+] Wrote enriched_session_88911_Normal.graphml (Nodes: 13, Edges: 17)
     [+] Wrote enriched_session_88948_Normal.graphml (Nodes: 13, Edges: 17)
     [+] Wrote enriched_session_88980_Normal.graphml (Nodes: 25, Edges: 23)
     [+] Wrote enriched_session_88952_Normal.graphml (Nodes: 4, Edges: 3)
     [+] Wrote enriched_session_88955_Normal.graphml (Nodes: 4, Edges: 3)
     [+] Wrote enriched_session_88958_Normal.graphml (Nodes: 4, Edges: 3)
     [+] Wrote enriched_session_88964_Normal.graphml (Nodes: 4, Edges: 3)
     [+] Wrote enriched_session_88963_Normal.graphml (Nodes: 4, Edges: 4)
     [+] Wrote enriched_session_88967_Normal.graphml (Nodes: 4, Edges: 4)
     [+] Wrote enriched_session_88968_Normal.graphml (Nodes: 4, Edges: 4)
     [+] Wrote enriched_session_88969_Normal.graphml (Nodes: 2, Edges: 1)
     [+] Wrote enriched_session_88971_Normal.graphml (Nodes: 3, Edges: 2)
     [+] Wrote enriched_session_88981_Unauthorized_DB_Read.graphml (Nodes: 10, Edges: 9)
     [+] Wrote enriched_session_88984_Unauthorized_DB_Read.graphml (Nodes: 19, Edges: 18)
     [+] Wrote enriched_session_88985_Unauthorized_DB_Read.graphml (Nodes: 19, Edges: 18)
     [+] Wrote enriched_session_88986_Data_Exfiltration.graphml (Nodes: 12, Edges: 10)
     [+] Wrote enriched_session_88999_Data_Exfiltration.graphml (Nodes: 61, Edges: 64)
     [+] Wrote enriched_session_89015_Data_Exfiltration.graphml (Nodes: 35, Edges: 38)
     [+] Wrote enriched_session_89031_Data_Exfiltration.graphml (Nodes: 22, Edges: 22)
     [+] Wrote enriched_session_89046_Data_Exfiltration.graphml (Nodes: 22, Edges: 22)
     [+] Wrote enriched_session_89061_Data_Exfiltration.graphml (Nodes: 26, Edges: 30)
     [+] Wrote enriched_session_89078_Data_Exfiltration.graphml (Nodes: 26, Edges: 30)
     [+] Wrote enriched_session_89095_Data_Exfiltration.graphml (Nodes: 26, Edges: 31)
     [+] Wrote enriched_session_89112_Data_Exfiltration.graphml (Nodes: 26, Edges: 31)
     [+] Wrote enriched_session_89129_Data_Exfiltration.graphml (Nodes: 19, Edges: 18)
     [+] Wrote enriched_session_89143_Data_Exfiltration.graphml (Nodes: 19, Edges: 18)
     [+] Wrote enriched_session_89157_Data_Exfiltration.graphml (Nodes: 19, Edges: 18)
     [+] Wrote enriched_session_89171_Data_Exfiltration.graphml (Nodes: 19, Edges: 18)
     [+] Wrote enriched_session_89185_Data_Exfiltration.graphml (Nodes: 22, Edges: 23)
     [+] Wrote enriched_session_89200_Data_Exfiltration.graphml (Nodes: 22, Edges: 22)
     [+] Wrote enriched_session_89215_Data_Exfiltration.graphml (Nodes: 62, Edges: 65)
     [+] Wrote enriched_session_89231_Data_Exfiltration.graphml (Nodes: 36, Edges: 39)
     [+] Wrote enriched_session_89247_Data_Exfiltration.graphml (Nodes: 23, Edges: 23)
     [+] Wrote enriched_session_89262_Data_Exfiltration.graphml (Nodes: 23, Edges: 23)
     [+] Wrote enriched_session_89277_Data_Exfiltration.graphml (Nodes: 61, Edges: 64)
     [+] Wrote enriched_session_89293_Data_Exfiltration.graphml (Nodes: 35, Edges: 38)
     [+] Wrote enriched_session_89309_Data_Exfiltration.graphml (Nodes: 127, Edges: 127)
     [+] Wrote enriched_session_89324_Data_Exfiltration.graphml (Nodes: 62, Edges: 68)
     [+] Wrote enriched_session_89341_Data_Exfiltration.graphml (Nodes: 62, Edges: 68)
     [+] Wrote enriched_session_89358_Normal.graphml (Nodes: 18, Edges: 17)
     [+] Wrote enriched_session_89361_Normal.graphml (Nodes: 13, Edges: 11)
     [+] Wrote enriched_session_89364_Normal.graphml (Nodes: 59, Edges: 60)
     [+] Wrote enriched_session_89372_Normal.graphml (Nodes: 72, Edges: 73)
     [+] Wrote enriched_session_89404_OS_Privilege_Escalation.graphml (Nodes: 21, Edges: 21)
     [+] Wrote enriched_session_89419_OS_Privilege_Escalation.graphml (Nodes: 21, Edges: 21)
     [+] Wrote enriched_session_89434_OS_Privilege_Escalation.graphml (Nodes: 20, Edges: 20)
     [+] Wrote enriched_session_89462_OS_Privilege_Escalation.graphml (Nodes: 29, Edges: 35)
     [+] Wrote enriched_session_89492_OS_Privilege_Escalation.graphml (Nodes: 61, Edges: 66)
     [+] Wrote enriched_session_89508_OS_Privilege_Escalation.graphml (Nodes: 13, Edges: 11)
     [+] Wrote enriched_session_89510_OS_Privilege_Escalation.graphml (Nodes: 13, Edges: 11)
     [+] Wrote enriched_session_89512_OS_Privilege_Escalation.graphml (Nodes: 18, Edges: 17)
     [+] Wrote enriched_session_89525_OS_Privilege_Escalation.graphml (Nodes: 22, Edges: 23)
     [+] Wrote enriched_session_89541_OS_Privilege_Escalation.graphml (Nodes: 18, Edges: 16)
     [+] Wrote enriched_session_89554_OS_Privilege_Escalation.graphml (Nodes: 13, Edges: 11)
     [+] Wrote enriched_session_89567_SQL_Injection.graphml (Nodes: 13, Edges: 11)

==================================================
Starting End-to-End Pipeline for: dataset_dev_run_47
==================================================
[1/3] Running Algorithm 1 (SAC)
  wrote dataset_dev_run_47_event_table.json  (2419 events, 18131 read total)
  wrote dataset_dev_run_47_session_correlation.csv  (2419 correlated pairs)
[2/3] Running Algorithm 2 (Graph Construction)
     => Generated 107 base session graphs natively in RAM
[3/3] Running Algorithm 3 (Behavior Abstraction & Serialization)
     [+] Wrote enriched_session_89988_Normal.graphml (Nodes: 40, Edges: 38)
     [+] Wrote enriched_session_89989_Unauthorized_DB_Read.graphml (Nodes: 18, Edges: 17)
     [+] Wrote enriched_session_89885_Sabotage.graphml (Nodes: 3, Edges: 2)
     [+] Wrote enriched_session_89891_Normal.graphml (Nodes: 9, Edges: 9)
     [+] Wrote enriched_session_89893_Data_Exfiltration.graphml (Nodes: 4, Edges: 3)
     [+] Wrote enriched_session_89892_Normal.graphml (Nodes: 4, Edges: 3)
     [+] Wrote enriched_session_89921_Normal.graphml (Nodes: 13, Edges: 17)
     [+] Wrote enriched_session_89907_Normal.graphml (Nodes: 13, Edges: 17)
     [+] Wrote enriched_session_89942_Normal.graphml (Nodes: 13, Edges: 17)
     [+] Wrote enriched_session_89936_Normal.graphml (Nodes: 13, Edges: 17)
     [+] Wrote enriched_session_89903_Normal.graphml (Nodes: 13, Edges: 17)
     [+] Wrote enriched_session_89925_Normal.graphml (Nodes: 13, Edges: 17)
     [+] Wrote enriched_session_89911_Normal.graphml (Nodes: 13, Edges: 17)
     [+] Wrote enriched_session_89904_Normal.graphml (Nodes: 13, Edges: 17)
     [+] Wrote enriched_session_89913_Normal.graphml (Nodes: 13, Edges: 17)
     [+] Wrote enriched_session_89910_Normal.graphml (Nodes: 13, Edges: 17)
     [+] Wrote enriched_session_89946_Normal.graphml (Nodes: 13, Edges: 17)
     [+] Wrote enriched_session_89916_Normal.graphml (Nodes: 13, Edges: 17)
     [+] Wrote enriched_session_89926_Normal.graphml (Nodes: 13, Edges: 17)
     [+] Wrote enriched_session_89950_Normal.graphml (Nodes: 13, Edges: 17)
     [+] Wrote enriched_session_89918_Normal.graphml (Nodes: 13, Edges: 17)
     [+] Wrote enriched_session_89930_Normal.graphml (Nodes: 13, Edges: 17)
     [+] Wrote enriched_session_89939_Normal.graphml (Nodes: 13, Edges: 17)
     [+] Wrote enriched_session_89954_Normal.graphml (Nodes: 13, Edges: 17)
     [+] Wrote enriched_session_89958_Normal.graphml (Nodes: 13, Edges: 17)
     [+] Wrote enriched_session_89908_Normal.graphml (Nodes: 13, Edges: 17)
     [+] Wrote enriched_session_89906_Normal.graphml (Nodes: 13, Edges: 17)
     [+] Wrote enriched_session_89938_Normal.graphml (Nodes: 13, Edges: 17)
     [+] Wrote enriched_session_89943_Normal.graphml (Nodes: 13, Edges: 17)
     [+] Wrote enriched_session_89933_Normal.graphml (Nodes: 13, Edges: 17)
     [+] Wrote enriched_session_89951_Normal.graphml (Nodes: 13, Edges: 17)
     [+] Wrote enriched_session_89905_Normal.graphml (Nodes: 13, Edges: 17)
     [+] Wrote enriched_session_89937_Normal.graphml (Nodes: 13, Edges: 17)
     [+] Wrote enriched_session_89901_Normal.graphml (Nodes: 13, Edges: 17)
     [+] Wrote enriched_session_89923_Normal.graphml (Nodes: 13, Edges: 17)
     [+] Wrote enriched_session_89902_Normal.graphml (Nodes: 13, Edges: 17)
     [+] Wrote enriched_session_89915_Normal.graphml (Nodes: 13, Edges: 17)
     [+] Wrote enriched_session_89941_Normal.graphml (Nodes: 13, Edges: 17)
     [+] Wrote enriched_session_89947_Normal.graphml (Nodes: 13, Edges: 17)
     [+] Wrote enriched_session_89924_Normal.graphml (Nodes: 13, Edges: 17)
     [+] Wrote enriched_session_89957_Normal.graphml (Nodes: 13, Edges: 17)
     [+] Wrote enriched_session_89909_Normal.graphml (Nodes: 13, Edges: 17)
     [+] Wrote enriched_session_89944_Normal.graphml (Nodes: 13, Edges: 17)
     [+] Wrote enriched_session_89935_Normal.graphml (Nodes: 13, Edges: 17)
     [+] Wrote enriched_session_89948_Normal.graphml (Nodes: 13, Edges: 17)
     [+] Wrote enriched_session_89956_Normal.graphml (Nodes: 13, Edges: 17)
     [+] Wrote enriched_session_89928_Normal.graphml (Nodes: 13, Edges: 17)
     [+] Wrote enriched_session_89934_Normal.graphml (Nodes: 13, Edges: 17)
     [+] Wrote enriched_session_89955_Normal.graphml (Nodes: 13, Edges: 17)
     [+] Wrote enriched_session_89929_Normal.graphml (Nodes: 13, Edges: 17)
     [+] Wrote enriched_session_89922_Normal.graphml (Nodes: 13, Edges: 17)
     [+] Wrote enriched_session_89940_Normal.graphml (Nodes: 13, Edges: 17)
     [+] Wrote enriched_session_89952_Normal.graphml (Nodes: 13, Edges: 17)
     [+] Wrote enriched_session_89945_Normal.graphml (Nodes: 13, Edges: 17)
     [+] Wrote enriched_session_89949_Normal.graphml (Nodes: 13, Edges: 17)
     [+] Wrote enriched_session_89953_Normal.graphml (Nodes: 13, Edges: 17)
     [+] Wrote enriched_session_89959_Normal.graphml (Nodes: 4, Edges: 3)
     [+] Wrote enriched_session_89962_Normal.graphml (Nodes: 4, Edges: 3)
     [+] Wrote enriched_session_89969_Normal.graphml (Nodes: 4, Edges: 3)
     [+] Wrote enriched_session_89970_Normal.graphml (Nodes: 4, Edges: 3)
     [+] Wrote enriched_session_89974_Normal.graphml (Nodes: 4, Edges: 4)
     [+] Wrote enriched_session_89975_Normal.graphml (Nodes: 4, Edges: 4)
     [+] Wrote enriched_session_89976_Normal.graphml (Nodes: 4, Edges: 4)
     [+] Wrote enriched_session_89977_Normal.graphml (Nodes: 2, Edges: 1)
     [+] Wrote enriched_session_89986_Normal.graphml (Nodes: 3, Edges: 2)
     [+] Wrote enriched_session_89992_Unauthorized_DB_Read.graphml (Nodes: 19, Edges: 18)
     [+] Wrote enriched_session_89993_Unauthorized_DB_Read.graphml (Nodes: 19, Edges: 18)
     [+] Wrote enriched_session_89994_Data_Exfiltration.graphml (Nodes: 12, Edges: 10)
     [+] Wrote enriched_session_90007_Data_Exfiltration.graphml (Nodes: 61, Edges: 65)
     [+] Wrote enriched_session_90023_Data_Exfiltration.graphml (Nodes: 35, Edges: 39)
     [+] Wrote enriched_session_90039_Data_Exfiltration.graphml (Nodes: 22, Edges: 23)
     [+] Wrote enriched_session_90054_Data_Exfiltration.graphml (Nodes: 22, Edges: 23)
     [+] Wrote enriched_session_90069_Data_Exfiltration.graphml (Nodes: 26, Edges: 31)
     [+] Wrote enriched_session_90086_Data_Exfiltration.graphml (Nodes: 26, Edges: 31)
     [+] Wrote enriched_session_90103_Data_Exfiltration.graphml (Nodes: 26, Edges: 31)
     [+] Wrote enriched_session_90120_Data_Exfiltration.graphml (Nodes: 26, Edges: 31)
     [+] Wrote enriched_session_90137_Data_Exfiltration.graphml (Nodes: 19, Edges: 18)
     [+] Wrote enriched_session_90151_Data_Exfiltration.graphml (Nodes: 19, Edges: 18)
     [+] Wrote enriched_session_90165_Data_Exfiltration.graphml (Nodes: 19, Edges: 17)
     [+] Wrote enriched_session_90179_Data_Exfiltration.graphml (Nodes: 19, Edges: 17)
     [+] Wrote enriched_session_90193_Data_Exfiltration.graphml (Nodes: 22, Edges: 22)
     [+] Wrote enriched_session_90208_Data_Exfiltration.graphml (Nodes: 22, Edges: 22)
     [+] Wrote enriched_session_90223_Data_Exfiltration.graphml (Nodes: 62, Edges: 65)
     [+] Wrote enriched_session_90239_Data_Exfiltration.graphml (Nodes: 36, Edges: 40)
     [+] Wrote enriched_session_90255_Data_Exfiltration.graphml (Nodes: 23, Edges: 24)
     [+] Wrote enriched_session_90270_Data_Exfiltration.graphml (Nodes: 23, Edges: 24)
     [+] Wrote enriched_session_90285_Data_Exfiltration.graphml (Nodes: 61, Edges: 65)
     [+] Wrote enriched_session_90301_Data_Exfiltration.graphml (Nodes: 35, Edges: 39)
     [+] Wrote enriched_session_90317_Data_Exfiltration.graphml (Nodes: 127, Edges: 128)
     [+] Wrote enriched_session_90332_Data_Exfiltration.graphml (Nodes: 62, Edges: 68)
     [+] Wrote enriched_session_90349_Data_Exfiltration.graphml (Nodes: 62, Edges: 68)
     [+] Wrote enriched_session_90378_Normal.graphml (Nodes: 26, Edges: 25)
     [+] Wrote enriched_session_90381_Normal.graphml (Nodes: 13, Edges: 11)
     [+] Wrote enriched_session_90384_Normal.graphml (Nodes: 59, Edges: 59)
     [+] Wrote enriched_session_90392_Normal.graphml (Nodes: 72, Edges: 73)
     [+] Wrote enriched_session_90424_OS_Privilege_Escalation.graphml (Nodes: 21, Edges: 22)
     [+] Wrote enriched_session_90439_OS_Privilege_Escalation.graphml (Nodes: 21, Edges: 22)
     [+] Wrote enriched_session_90454_OS_Privilege_Escalation.graphml (Nodes: 20, Edges: 21)
     [+] Wrote enriched_session_90482_OS_Privilege_Escalation.graphml (Nodes: 29, Edges: 36)
     [+] Wrote enriched_session_90512_OS_Privilege_Escalation.graphml (Nodes: 61, Edges: 66)
     [+] Wrote enriched_session_90528_OS_Privilege_Escalation.graphml (Nodes: 13, Edges: 11)
     [+] Wrote enriched_session_90530_OS_Privilege_Escalation.graphml (Nodes: 13, Edges: 11)
     [+] Wrote enriched_session_90532_OS_Privilege_Escalation.graphml (Nodes: 18, Edges: 17)
     [+] Wrote enriched_session_90545_OS_Privilege_Escalation.graphml (Nodes: 24, Edges: 25)
     [+] Wrote enriched_session_90561_SQL_Injection.graphml (Nodes: 18, Edges: 16)
     [+] Wrote enriched_session_90574_SQL_Injection.graphml (Nodes: 13, Edges: 11)
     [+] Wrote enriched_session_90587_SQL_Injection.graphml (Nodes: 13, Edges: 11)

==================================================
Starting End-to-End Pipeline for: dataset_dev_run_48
==================================================
[1/3] Running Algorithm 1 (SAC)
  wrote dataset_dev_run_48_event_table.json  (2375 events, 17497 read total)
  wrote dataset_dev_run_48_session_correlation.csv  (2375 correlated pairs)
[2/3] Running Algorithm 2 (Graph Construction)
     => Generated 107 base session graphs natively in RAM
[3/3] Running Algorithm 3 (Behavior Abstraction & Serialization)
     [+] Wrote enriched_session_90906_Normal.graphml (Nodes: 4, Edges: 3)
     [+] Wrote enriched_session_90908_Normal.graphml (Nodes: 9, Edges: 9)
     [+] Wrote enriched_session_90909_Sabotage.graphml (Nodes: 3, Edges: 2)
     [+] Wrote enriched_session_90910_Data_Exfiltration.graphml (Nodes: 4, Edges: 3)
     [+] Wrote enriched_session_90921_Normal.graphml (Nodes: 13, Edges: 17)
     [+] Wrote enriched_session_90932_Normal.graphml (Nodes: 13, Edges: 17)
     [+] Wrote enriched_session_90928_Normal.graphml (Nodes: 13, Edges: 17)
     [+] Wrote enriched_session_90934_Normal.graphml (Nodes: 13, Edges: 17)
     [+] Wrote enriched_session_90918_Normal.graphml (Nodes: 13, Edges: 17)
     [+] Wrote enriched_session_90968_Normal.graphml (Nodes: 13, Edges: 17)
     [+] Wrote enriched_session_90962_Normal.graphml (Nodes: 13, Edges: 17)
     [+] Wrote enriched_session_90961_Normal.graphml (Nodes: 13, Edges: 17)
     [+] Wrote enriched_session_90944_Normal.graphml (Nodes: 13, Edges: 17)
     [+] Wrote enriched_session_90920_Normal.graphml (Nodes: 13, Edges: 17)
     [+] Wrote enriched_session_90979_Normal.graphml (Nodes: 13, Edges: 17)
     [+] Wrote enriched_session_90973_Normal.graphml (Nodes: 13, Edges: 17)
     [+] Wrote enriched_session_90965_Normal.graphml (Nodes: 13, Edges: 17)
     [+] Wrote enriched_session_90927_Normal.graphml (Nodes: 13, Edges: 17)
     [+] Wrote enriched_session_90951_Normal.graphml (Nodes: 13, Edges: 17)
     [+] Wrote enriched_session_90959_Normal.graphml (Nodes: 13, Edges: 17)
     [+] Wrote enriched_session_90941_Normal.graphml (Nodes: 13, Edges: 17)
     [+] Wrote enriched_session_90931_Normal.graphml (Nodes: 13, Edges: 17)
     [+] Wrote enriched_session_90967_Normal.graphml (Nodes: 13, Edges: 17)
     [+] Wrote enriched_session_90969_Normal.graphml (Nodes: 13, Edges: 17)
     [+] Wrote enriched_session_90956_Normal.graphml (Nodes: 13, Edges: 17)
     [+] Wrote enriched_session_90949_Normal.graphml (Nodes: 13, Edges: 17)
     [+] Wrote enriched_session_90960_Normal.graphml (Nodes: 13, Edges: 17)
     [+] Wrote enriched_session_90976_Normal.graphml (Nodes: 13, Edges: 17)
     [+] Wrote enriched_session_90935_Normal.graphml (Nodes: 13, Edges: 17)
     [+] Wrote enriched_session_90972_Normal.graphml (Nodes: 13, Edges: 17)
     [+] Wrote enriched_session_90966_Normal.graphml (Nodes: 13, Edges: 17)
     [+] Wrote enriched_session_90917_Normal.graphml (Nodes: 13, Edges: 17)
     [+] Wrote enriched_session_90929_Normal.graphml (Nodes: 13, Edges: 17)
     [+] Wrote enriched_session_90963_Normal.graphml (Nodes: 13, Edges: 17)
     [+] Wrote enriched_session_90926_Normal.graphml (Nodes: 13, Edges: 17)
     [+] Wrote enriched_session_90933_Normal.graphml (Nodes: 13, Edges: 17)
     [+] Wrote enriched_session_90975_Normal.graphml (Nodes: 13, Edges: 17)
     [+] Wrote enriched_session_90977_Normal.graphml (Nodes: 13, Edges: 17)
     [+] Wrote enriched_session_90971_Normal.graphml (Nodes: 13, Edges: 17)
     [+] Wrote enriched_session_90964_Normal.graphml (Nodes: 13, Edges: 17)
     [+] Wrote enriched_session_90940_Normal.graphml (Nodes: 13, Edges: 17)
     [+] Wrote enriched_session_90974_Normal.graphml (Nodes: 13, Edges: 17)
     [+] Wrote enriched_session_90937_Normal.graphml (Nodes: 13, Edges: 17)
     [+] Wrote enriched_session_90947_Normal.graphml (Nodes: 13, Edges: 17)
     [+] Wrote enriched_session_90978_Normal.graphml (Nodes: 13, Edges: 17)
     [+] Wrote enriched_session_90930_Normal.graphml (Nodes: 13, Edges: 17)
     [+] Wrote enriched_session_90970_Normal.graphml (Nodes: 13, Edges: 17)
     [+] Wrote enriched_session_90953_Normal.graphml (Nodes: 13, Edges: 17)
     [+] Wrote enriched_session_90952_Normal.graphml (Nodes: 13, Edges: 17)
     [+] Wrote enriched_session_90938_Normal.graphml (Nodes: 13, Edges: 17)
     [+] Wrote enriched_session_90936_Normal.graphml (Nodes: 13, Edges: 17)
     [+] Wrote enriched_session_90950_Normal.graphml (Nodes: 13, Edges: 17)
     [+] Wrote enriched_session_90955_Normal.graphml (Nodes: 13, Edges: 17)
     [+] Wrote enriched_session_90942_Normal.graphml (Nodes: 13, Edges: 17)
     [+] Wrote enriched_session_90980_Normal.graphml (Nodes: 4, Edges: 3)
     [+] Wrote enriched_session_90981_Normal.graphml (Nodes: 4, Edges: 3)
     [+] Wrote enriched_session_90990_Normal.graphml (Nodes: 4, Edges: 3)
     [+] Wrote enriched_session_90993_Normal.graphml (Nodes: 4, Edges: 3)
     [+] Wrote enriched_session_90992_Normal.graphml (Nodes: 4, Edges: 4)
     [+] Wrote enriched_session_90997_Normal.graphml (Nodes: 4, Edges: 4)
     [+] Wrote enriched_session_90996_Normal.graphml (Nodes: 4, Edges: 4)
     [+] Wrote enriched_session_90998_Normal.graphml (Nodes: 2, Edges: 1)
     [+] Wrote enriched_session_91000_Normal.graphml (Nodes: 3, Edges: 2)
     [+] Wrote enriched_session_91009_Normal.graphml (Nodes: 28, Edges: 26)
     [+] Wrote enriched_session_91010_Unauthorized_DB_Read.graphml (Nodes: 10, Edges: 9)
     [+] Wrote enriched_session_91013_Unauthorized_DB_Read.graphml (Nodes: 19, Edges: 18)
     [+] Wrote enriched_session_91014_Unauthorized_DB_Read.graphml (Nodes: 19, Edges: 18)
     [+] Wrote enriched_session_91015_Data_Exfiltration.graphml (Nodes: 12, Edges: 10)
     [+] Wrote enriched_session_91028_Data_Exfiltration.graphml (Nodes: 61, Edges: 65)
     [+] Wrote enriched_session_91044_Data_Exfiltration.graphml (Nodes: 35, Edges: 39)
     [+] Wrote enriched_session_91060_Data_Exfiltration.graphml (Nodes: 22, Edges: 23)
     [+] Wrote enriched_session_91075_Data_Exfiltration.graphml (Nodes: 22, Edges: 23)
     [+] Wrote enriched_session_91090_Data_Exfiltration.graphml (Nodes: 26, Edges: 31)
     [+] Wrote enriched_session_91107_Data_Exfiltration.graphml (Nodes: 26, Edges: 31)
     [+] Wrote enriched_session_91124_Data_Exfiltration.graphml (Nodes: 26, Edges: 31)
     [+] Wrote enriched_session_91141_Data_Exfiltration.graphml (Nodes: 26, Edges: 31)
     [+] Wrote enriched_session_91158_Data_Exfiltration.graphml (Nodes: 19, Edges: 17)
     [+] Wrote enriched_session_91172_Data_Exfiltration.graphml (Nodes: 19, Edges: 17)
     [+] Wrote enriched_session_91186_Data_Exfiltration.graphml (Nodes: 19, Edges: 17)
     [+] Wrote enriched_session_91200_Data_Exfiltration.graphml (Nodes: 19, Edges: 17)
     [+] Wrote enriched_session_91214_Data_Exfiltration.graphml (Nodes: 22, Edges: 22)
     [+] Wrote enriched_session_91229_Data_Exfiltration.graphml (Nodes: 22, Edges: 23)
     [+] Wrote enriched_session_91244_Data_Exfiltration.graphml (Nodes: 62, Edges: 66)
     [+] Wrote enriched_session_91260_Data_Exfiltration.graphml (Nodes: 36, Edges: 40)
     [+] Wrote enriched_session_91276_Data_Exfiltration.graphml (Nodes: 23, Edges: 24)
     [+] Wrote enriched_session_91291_Data_Exfiltration.graphml (Nodes: 23, Edges: 24)
     [+] Wrote enriched_session_91306_Data_Exfiltration.graphml (Nodes: 61, Edges: 65)
     [+] Wrote enriched_session_91322_Data_Exfiltration.graphml (Nodes: 35, Edges: 39)
     [+] Wrote enriched_session_91338_Data_Exfiltration.graphml (Nodes: 127, Edges: 128)
     [+] Wrote enriched_session_91353_Data_Exfiltration.graphml (Nodes: 62, Edges: 67)
     [+] Wrote enriched_session_91370_Data_Exfiltration.graphml (Nodes: 62, Edges: 67)
     [+] Wrote enriched_session_91384_Normal.graphml (Nodes: 18, Edges: 17)
     [+] Wrote enriched_session_91387_Normal.graphml (Nodes: 13, Edges: 11)
     [+] Wrote enriched_session_91391_Normal.graphml (Nodes: 59, Edges: 59)
     [+] Wrote enriched_session_91399_Normal.graphml (Nodes: 72, Edges: 74)
     [+] Wrote enriched_session_91431_OS_Privilege_Escalation.graphml (Nodes: 21, Edges: 22)
     [+] Wrote enriched_session_91446_OS_Privilege_Escalation.graphml (Nodes: 21, Edges: 22)
     [+] Wrote enriched_session_91461_OS_Privilege_Escalation.graphml (Nodes: 20, Edges: 21)
     [+] Wrote enriched_session_91489_OS_Privilege_Escalation.graphml (Nodes: 29, Edges: 36)
     [+] Wrote enriched_session_91519_OS_Privilege_Escalation.graphml (Nodes: 61, Edges: 66)
     [+] Wrote enriched_session_91535_Privilege_Abuse.graphml (Nodes: 13, Edges: 11)
     [+] Wrote enriched_session_91537_Privilege_Abuse.graphml (Nodes: 13, Edges: 11)
     [+] Wrote enriched_session_91539_Privilege_Abuse.graphml (Nodes: 18, Edges: 17)
     [+] Wrote enriched_session_91552_SQL_Injection.graphml (Nodes: 22, Edges: 22)
     [+] Wrote enriched_session_91568_SQL_Injection.graphml (Nodes: 18, Edges: 16)
     [+] Wrote enriched_session_91581_SQL_Injection.graphml (Nodes: 13, Edges: 11)
     [+] Wrote enriched_session_91594_SQL_Injection.graphml (Nodes: 13, Edges: 11)

==================================================
Starting End-to-End Pipeline for: dataset_dev_run_49
==================================================
[1/3] Running Algorithm 1 (SAC)
  wrote dataset_dev_run_49_event_table.json  (2363 events, 37620 read total)
  wrote dataset_dev_run_49_session_correlation.csv  (2363 correlated pairs)
[2/3] Running Algorithm 2 (Graph Construction)
     => Generated 107 base session graphs natively in RAM
[3/3] Running Algorithm 3 (Behavior Abstraction & Serialization)
     [+] Wrote enriched_session_91910_Data_Exfiltration.graphml (Nodes: 9, Edges: 9)
     [+] Wrote enriched_session_91928_Data_Exfiltration.graphml (Nodes: 4, Edges: 3)
     [+] Wrote enriched_session_91933_Sabotage.graphml (Nodes: 3, Edges: 2)
     [+] Wrote enriched_session_91937_Data_Exfiltration.graphml (Nodes: 4, Edges: 3)
     [+] Wrote enriched_session_91929_Normal.graphml (Nodes: 13, Edges: 17)
     [+] Wrote enriched_session_91958_Normal.graphml (Nodes: 13, Edges: 17)
     [+] Wrote enriched_session_91917_Normal.graphml (Nodes: 13, Edges: 17)
     [+] Wrote enriched_session_91957_Normal.graphml (Nodes: 13, Edges: 17)
     [+] Wrote enriched_session_91915_Normal.graphml (Nodes: 13, Edges: 17)
     [+] Wrote enriched_session_91925_Normal.graphml (Nodes: 13, Edges: 17)
     [+] Wrote enriched_session_91961_Normal.graphml (Nodes: 13, Edges: 17)
     [+] Wrote enriched_session_91914_Normal.graphml (Nodes: 13, Edges: 17)
     [+] Wrote enriched_session_91918_Normal.graphml (Nodes: 13, Edges: 17)
     [+] Wrote enriched_session_91931_Normal.graphml (Nodes: 13, Edges: 17)
     [+] Wrote enriched_session_91983_Normal.graphml (Nodes: 13, Edges: 17)
     [+] Wrote enriched_session_91944_Normal.graphml (Nodes: 13, Edges: 17)
     [+] Wrote enriched_session_91922_Normal.graphml (Nodes: 13, Edges: 17)
     [+] Wrote enriched_session_91966_Normal.graphml (Nodes: 13, Edges: 17)
     [+] Wrote enriched_session_91919_Normal.graphml (Nodes: 13, Edges: 17)
     [+] Wrote enriched_session_91974_Normal.graphml (Nodes: 13, Edges: 17)
     [+] Wrote enriched_session_91932_Normal.graphml (Nodes: 13, Edges: 17)
     [+] Wrote enriched_session_91916_Normal.graphml (Nodes: 13, Edges: 17)
     [+] Wrote enriched_session_91973_Normal.graphml (Nodes: 13, Edges: 17)
     [+] Wrote enriched_session_91940_Normal.graphml (Nodes: 13, Edges: 17)
     [+] Wrote enriched_session_91923_Normal.graphml (Nodes: 13, Edges: 17)
     [+] Wrote enriched_session_91972_Normal.graphml (Nodes: 13, Edges: 17)
     [+] Wrote enriched_session_91952_Normal.graphml (Nodes: 13, Edges: 17)
     [+] Wrote enriched_session_91920_Normal.graphml (Nodes: 13, Edges: 17)
     [+] Wrote enriched_session_91926_Normal.graphml (Nodes: 13, Edges: 17)
     [+] Wrote enriched_session_91956_Normal.graphml (Nodes: 13, Edges: 17)
     [+] Wrote enriched_session_91934_Normal.graphml (Nodes: 13, Edges: 17)
     [+] Wrote enriched_session_91927_Normal.graphml (Nodes: 13, Edges: 17)
     [+] Wrote enriched_session_91967_Normal.graphml (Nodes: 13, Edges: 17)
     [+] Wrote enriched_session_91930_Normal.graphml (Nodes: 13, Edges: 17)
     [+] Wrote enriched_session_91941_Normal.graphml (Nodes: 13, Edges: 17)
     [+] Wrote enriched_session_91979_Normal.graphml (Nodes: 13, Edges: 17)
     [+] Wrote enriched_session_91953_Normal.graphml (Nodes: 13, Edges: 17)
     [+] Wrote enriched_session_91955_Normal.graphml (Nodes: 13, Edges: 17)
     [+] Wrote enriched_session_91924_Normal.graphml (Nodes: 13, Edges: 17)
     [+] Wrote enriched_session_91921_Normal.graphml (Nodes: 13, Edges: 17)
     [+] Wrote enriched_session_91938_Normal.graphml (Nodes: 13, Edges: 17)
     [+] Wrote enriched_session_91954_Normal.graphml (Nodes: 13, Edges: 17)
     [+] Wrote enriched_session_91948_Normal.graphml (Nodes: 13, Edges: 17)
     [+] Wrote enriched_session_91960_Normal.graphml (Nodes: 13, Edges: 17)
     [+] Wrote enriched_session_91939_Normal.graphml (Nodes: 13, Edges: 17)
     [+] Wrote enriched_session_91982_Normal.graphml (Nodes: 13, Edges: 17)
     [+] Wrote enriched_session_91959_Normal.graphml (Nodes: 13, Edges: 17)
     [+] Wrote enriched_session_91962_Normal.graphml (Nodes: 13, Edges: 17)
     [+] Wrote enriched_session_91977_Normal.graphml (Nodes: 13, Edges: 17)
     [+] Wrote enriched_session_91964_Normal.graphml (Nodes: 13, Edges: 17)
     [+] Wrote enriched_session_91936_Normal.graphml (Nodes: 13, Edges: 17)
     [+] Wrote enriched_session_91981_Normal.graphml (Nodes: 13, Edges: 17)
     [+] Wrote enriched_session_91969_Normal.graphml (Nodes: 13, Edges: 17)
     [+] Wrote enriched_session_91976_Normal.graphml (Nodes: 13, Edges: 17)
     [+] Wrote enriched_session_91984_Data_Exfiltration.graphml (Nodes: 4, Edges: 3)
     [+] Wrote enriched_session_91985_Data_Exfiltration.graphml (Nodes: 4, Edges: 3)
     [+] Wrote enriched_session_91994_Data_Exfiltration.graphml (Nodes: 4, Edges: 4)
     [+] Wrote enriched_session_91995_Data_Exfiltration.graphml (Nodes: 4, Edges: 4)
     [+] Wrote enriched_session_91996_Data_Exfiltration.graphml (Nodes: 4, Edges: 4)
     [+] Wrote enriched_session_91997_Data_Exfiltration.graphml (Nodes: 4, Edges: 3)
     [+] Wrote enriched_session_91999_Data_Exfiltration.graphml (Nodes: 4, Edges: 3)
     [+] Wrote enriched_session_92002_Data_Exfiltration.graphml (Nodes: 2, Edges: 1)
     [+] Wrote enriched_session_92011_Data_Exfiltration.graphml (Nodes: 3, Edges: 2)
     [+] Wrote enriched_session_92013_Unauthorized_DB_Read.graphml (Nodes: 8, Edges: 7)
     [+] Wrote enriched_session_92014_Unauthorized_DB_Read.graphml (Nodes: 6, Edges: 5)
     [+] Wrote enriched_session_92015_Unauthorized_DB_Read.graphml (Nodes: 6, Edges: 5)
     [+] Wrote enriched_session_92016_Data_Exfiltration.graphml (Nodes: 47, Edges: 45)
     [+] Wrote enriched_session_92029_Data_Exfiltration.graphml (Nodes: 61, Edges: 66)
     [+] Wrote enriched_session_92047_Data_Exfiltration.graphml (Nodes: 12, Edges: 10)
     [+] Wrote enriched_session_92048_Data_Exfiltration.graphml (Nodes: 35, Edges: 38)
     [+] Wrote enriched_session_92064_Data_Exfiltration.graphml (Nodes: 22, Edges: 22)
     [+] Wrote enriched_session_92079_Data_Exfiltration.graphml (Nodes: 22, Edges: 22)
     [+] Wrote enriched_session_92094_Data_Exfiltration.graphml (Nodes: 26, Edges: 30)
     [+] Wrote enriched_session_92111_Data_Exfiltration.graphml (Nodes: 26, Edges: 30)
     [+] Wrote enriched_session_92128_Data_Exfiltration.graphml (Nodes: 26, Edges: 31)
     [+] Wrote enriched_session_92145_Data_Exfiltration.graphml (Nodes: 26, Edges: 31)
     [+] Wrote enriched_session_92162_Data_Exfiltration.graphml (Nodes: 19, Edges: 18)
     [+] Wrote enriched_session_92176_Data_Exfiltration.graphml (Nodes: 19, Edges: 18)
     [+] Wrote enriched_session_92190_Data_Exfiltration.graphml (Nodes: 19, Edges: 18)
     [+] Wrote enriched_session_92204_Data_Exfiltration.graphml (Nodes: 19, Edges: 18)
     [+] Wrote enriched_session_92218_Data_Exfiltration.graphml (Nodes: 22, Edges: 23)
     [+] Wrote enriched_session_92233_Data_Exfiltration.graphml (Nodes: 22, Edges: 23)
     [+] Wrote enriched_session_92248_Data_Exfiltration.graphml (Nodes: 62, Edges: 66)
     [+] Wrote enriched_session_92264_Data_Exfiltration.graphml (Nodes: 36, Edges: 40)
     [+] Wrote enriched_session_92280_Data_Exfiltration.graphml (Nodes: 23, Edges: 23)
     [+] Wrote enriched_session_92295_Data_Exfiltration.graphml (Nodes: 23, Edges: 23)
     [+] Wrote enriched_session_92310_Data_Exfiltration.graphml (Nodes: 61, Edges: 64)
     [+] Wrote enriched_session_92326_Data_Exfiltration.graphml (Nodes: 35, Edges: 38)
     [+] Wrote enriched_session_92342_Data_Exfiltration.graphml (Nodes: 127, Edges: 128)
     [+] Wrote enriched_session_92359_Data_Exfiltration.graphml (Nodes: 62, Edges: 68)
     [+] Wrote enriched_session_92376_Data_Exfiltration.graphml (Nodes: 62, Edges: 68)
     [+] Wrote enriched_session_92393_Normal.graphml (Nodes: 18, Edges: 17)
     [+] Wrote enriched_session_92396_Normal.graphml (Nodes: 13, Edges: 11)
     [+] Wrote enriched_session_92399_Normal.graphml (Nodes: 59, Edges: 60)
     [+] Wrote enriched_session_92407_Normal.graphml (Nodes: 72, Edges: 74)
     [+] Wrote enriched_session_92439_OS_Privilege_Escalation.graphml (Nodes: 21, Edges: 21)
     [+] Wrote enriched_session_92454_OS_Privilege_Escalation.graphml (Nodes: 21, Edges: 21)
     [+] Wrote enriched_session_92469_OS_Privilege_Escalation.graphml (Nodes: 20, Edges: 20)
     [+] Wrote enriched_session_92497_OS_Privilege_Escalation.graphml (Nodes: 29, Edges: 36)
     [+] Wrote enriched_session_92527_OS_Privilege_Escalation.graphml (Nodes: 61, Edges: 66)
     [+] Wrote enriched_session_92544_OS_Privilege_Escalation.graphml (Nodes: 13, Edges: 11)
     [+] Wrote enriched_session_92546_OS_Privilege_Escalation.graphml (Nodes: 13, Edges: 11)
     [+] Wrote enriched_session_92548_OS_Privilege_Escalation.graphml (Nodes: 18, Edges: 17)
     [+] Wrote enriched_session_92561_OS_Privilege_Escalation.graphml (Nodes: 22, Edges: 23)
     [+] Wrote enriched_session_92577_OS_Privilege_Escalation.graphml (Nodes: 18, Edges: 16)
     [+] Wrote enriched_session_92590_OS_Privilege_Escalation.graphml (Nodes: 13, Edges: 11)
     [+] Wrote enriched_session_92603_SQL_Injection.graphml (Nodes: 13, Edges: 11)

==================================================
Starting End-to-End Pipeline for: dataset_dev_run_5
==================================================
[1/3] Running Algorithm 1 (SAC)
  wrote dataset_dev_run_5_event_table.json  (2315 events, 34646 read total)
  wrote dataset_dev_run_5_session_correlation.csv  (2315 correlated pairs)
[2/3] Running Algorithm 2 (Graph Construction)
     => Generated 107 base session graphs natively in RAM
[3/3] Running Algorithm 3 (Behavior Abstraction & Serialization)
     [+] Wrote enriched_session_46696_Data_Exfiltration.graphml (Nodes: 4, Edges: 3)
     [+] Wrote enriched_session_46698_Data_Exfiltration.graphml (Nodes: 4, Edges: 3)
     [+] Wrote enriched_session_46702_Data_Exfiltration.graphml (Nodes: 9, Edges: 9)
     [+] Wrote enriched_session_46703_Sabotage.graphml (Nodes: 3, Edges: 2)
     [+] Wrote enriched_session_46769_Data_Exfiltration.graphml (Nodes: 4, Edges: 3)
     [+] Wrote enriched_session_46733_Normal.graphml (Nodes: 13, Edges: 17)
     [+] Wrote enriched_session_46738_Normal.graphml (Nodes: 13, Edges: 17)
     [+] Wrote enriched_session_46716_Normal.graphml (Nodes: 13, Edges: 17)
     [+] Wrote enriched_session_46758_Normal.graphml (Nodes: 13, Edges: 17)
     [+] Wrote enriched_session_46764_Normal.graphml (Nodes: 13, Edges: 17)
     [+] Wrote enriched_session_46732_Normal.graphml (Nodes: 13, Edges: 17)
     [+] Wrote enriched_session_46753_Normal.graphml (Nodes: 13, Edges: 17)
     [+] Wrote enriched_session_46760_Normal.graphml (Nodes: 13, Edges: 17)
     [+] Wrote enriched_session_46748_Normal.graphml (Nodes: 13, Edges: 17)
     [+] Wrote enriched_session_46711_Normal.graphml (Nodes: 13, Edges: 17)
     [+] Wrote enriched_session_46743_Normal.graphml (Nodes: 13, Edges: 17)
     [+] Wrote enriched_session_46750_Normal.graphml (Nodes: 13, Edges: 17)
     [+] Wrote enriched_session_46710_Normal.graphml (Nodes: 13, Edges: 17)
     [+] Wrote enriched_session_46735_Normal.graphml (Nodes: 13, Edges: 17)
     [+] Wrote enriched_session_46725_Normal.graphml (Nodes: 13, Edges: 17)
     [+] Wrote enriched_session_46709_Normal.graphml (Nodes: 13, Edges: 17)
     [+] Wrote enriched_session_46730_Normal.graphml (Nodes: 13, Edges: 17)
     [+] Wrote enriched_session_46728_Normal.graphml (Nodes: 13, Edges: 17)
     [+] Wrote enriched_session_46739_Normal.graphml (Nodes: 13, Edges: 17)
     [+] Wrote enriched_session_46756_Normal.graphml (Nodes: 13, Edges: 17)
     [+] Wrote enriched_session_46741_Normal.graphml (Nodes: 13, Edges: 17)
     [+] Wrote enriched_session_46749_Normal.graphml (Nodes: 13, Edges: 17)
     [+] Wrote enriched_session_46755_Normal.graphml (Nodes: 13, Edges: 17)
     [+] Wrote enriched_session_46745_Normal.graphml (Nodes: 13, Edges: 17)
     [+] Wrote enriched_session_46770_Normal.graphml (Nodes: 13, Edges: 17)
     [+] Wrote enriched_session_46752_Normal.graphml (Nodes: 13, Edges: 17)
     [+] Wrote enriched_session_46713_Normal.graphml (Nodes: 13, Edges: 17)
     [+] Wrote enriched_session_46767_Normal.graphml (Nodes: 13, Edges: 17)
     [+] Wrote enriched_session_46717_Normal.graphml (Nodes: 13, Edges: 17)
     [+] Wrote enriched_session_46722_Normal.graphml (Nodes: 13, Edges: 17)
     [+] Wrote enriched_session_46720_Normal.graphml (Nodes: 13, Edges: 17)
     [+] Wrote enriched_session_46727_Normal.graphml (Nodes: 13, Edges: 17)
     [+] Wrote enriched_session_46740_Normal.graphml (Nodes: 13, Edges: 17)
     [+] Wrote enriched_session_46744_Normal.graphml (Nodes: 13, Edges: 17)
     [+] Wrote enriched_session_46742_Normal.graphml (Nodes: 13, Edges: 17)
     [+] Wrote enriched_session_46768_Normal.graphml (Nodes: 13, Edges: 17)
     [+] Wrote enriched_session_46746_Normal.graphml (Nodes: 13, Edges: 17)
     [+] Wrote enriched_session_46747_Normal.graphml (Nodes: 13, Edges: 17)
     [+] Wrote enriched_session_46751_Normal.graphml (Nodes: 13, Edges: 17)
     [+] Wrote enriched_session_46762_Normal.graphml (Nodes: 13, Edges: 17)
     [+] Wrote enriched_session_46759_Normal.graphml (Nodes: 13, Edges: 17)
     [+] Wrote enriched_session_46757_Normal.graphml (Nodes: 13, Edges: 17)
     [+] Wrote enriched_session_46763_Normal.graphml (Nodes: 13, Edges: 17)
     [+] Wrote enriched_session_46719_Normal.graphml (Nodes: 13, Edges: 17)
     [+] Wrote enriched_session_46734_Normal.graphml (Nodes: 13, Edges: 17)
     [+] Wrote enriched_session_46729_Normal.graphml (Nodes: 13, Edges: 17)
     [+] Wrote enriched_session_46766_Normal.graphml (Nodes: 13, Edges: 17)
     [+] Wrote enriched_session_46754_Normal.graphml (Nodes: 13, Edges: 17)
     [+] Wrote enriched_session_46761_Normal.graphml (Nodes: 13, Edges: 17)
     [+] Wrote enriched_session_46765_Normal.graphml (Nodes: 13, Edges: 17)
     [+] Wrote enriched_session_46773_Data_Exfiltration.graphml (Nodes: 4, Edges: 3)
     [+] Wrote enriched_session_46780_Data_Exfiltration.graphml (Nodes: 4, Edges: 4)
     [+] Wrote enriched_session_46781_Data_Exfiltration.graphml (Nodes: 4, Edges: 3)
     [+] Wrote enriched_session_46782_Data_Exfiltration.graphml (Nodes: 4, Edges: 4)
     [+] Wrote enriched_session_46783_Data_Exfiltration.graphml (Nodes: 4, Edges: 4)
     [+] Wrote enriched_session_46786_Data_Exfiltration.graphml (Nodes: 4, Edges: 3)
     [+] Wrote enriched_session_46795_Data_Exfiltration.graphml (Nodes: 2, Edges: 1)
     [+] Wrote enriched_session_46797_Unauthorized_DB_Read.graphml (Nodes: 4, Edges: 4)
     [+] Wrote enriched_session_46798_Data_Exfiltration.graphml (Nodes: 3, Edges: 2)
     [+] Wrote enriched_session_46800_Unauthorized_DB_Read.graphml (Nodes: 4, Edges: 4)
     [+] Wrote enriched_session_46799_Unauthorized_DB_Read.graphml (Nodes: 4, Edges: 4)
     [+] Wrote enriched_session_46802_Data_Exfiltration.graphml (Nodes: 26, Edges: 24)
     [+] Wrote enriched_session_46815_Data_Exfiltration.graphml (Nodes: 53, Edges: 57)
     [+] Wrote enriched_session_46833_Data_Exfiltration.graphml (Nodes: 12, Edges: 10)
     [+] Wrote enriched_session_46834_Data_Exfiltration.graphml (Nodes: 35, Edges: 39)
     [+] Wrote enriched_session_46850_Data_Exfiltration.graphml (Nodes: 22, Edges: 23)
     [+] Wrote enriched_session_46865_Data_Exfiltration.graphml (Nodes: 22, Edges: 23)
     [+] Wrote enriched_session_46880_Data_Exfiltration.graphml (Nodes: 26, Edges: 31)
     [+] Wrote enriched_session_46897_Data_Exfiltration.graphml (Nodes: 26, Edges: 30)
     [+] Wrote enriched_session_46914_Data_Exfiltration.graphml (Nodes: 26, Edges: 30)
     [+] Wrote enriched_session_46931_Data_Exfiltration.graphml (Nodes: 26, Edges: 30)
     [+] Wrote enriched_session_46948_Data_Exfiltration.graphml (Nodes: 19, Edges: 17)
     [+] Wrote enriched_session_46962_Data_Exfiltration.graphml (Nodes: 19, Edges: 17)
     [+] Wrote enriched_session_46976_Data_Exfiltration.graphml (Nodes: 19, Edges: 17)
     [+] Wrote enriched_session_46990_Data_Exfiltration.graphml (Nodes: 19, Edges: 17)
     [+] Wrote enriched_session_47004_Data_Exfiltration.graphml (Nodes: 22, Edges: 22)
     [+] Wrote enriched_session_47019_Data_Exfiltration.graphml (Nodes: 22, Edges: 22)
     [+] Wrote enriched_session_47034_Data_Exfiltration.graphml (Nodes: 62, Edges: 65)
     [+] Wrote enriched_session_47050_Data_Exfiltration.graphml (Nodes: 36, Edges: 40)
     [+] Wrote enriched_session_47066_Data_Exfiltration.graphml (Nodes: 23, Edges: 24)
     [+] Wrote enriched_session_47081_Data_Exfiltration.graphml (Nodes: 23, Edges: 24)
     [+] Wrote enriched_session_47096_Data_Exfiltration.graphml (Nodes: 61, Edges: 65)
     [+] Wrote enriched_session_47112_Data_Exfiltration.graphml (Nodes: 35, Edges: 38)
     [+] Wrote enriched_session_47128_Data_Exfiltration.graphml (Nodes: 127, Edges: 127)
     [+] Wrote enriched_session_47143_Data_Exfiltration.graphml (Nodes: 62, Edges: 67)
     [+] Wrote enriched_session_47161_Data_Exfiltration.graphml (Nodes: 62, Edges: 67)
     [+] Wrote enriched_session_47190_Normal.graphml (Nodes: 24, Edges: 23)
     [+] Wrote enriched_session_47193_Normal.graphml (Nodes: 13, Edges: 11)
     [+] Wrote enriched_session_47196_Normal.graphml (Nodes: 59, Edges: 59)
     [+] Wrote enriched_session_47204_Normal.graphml (Nodes: 72, Edges: 73)
     [+] Wrote enriched_session_47236_OS_Privilege_Escalation.graphml (Nodes: 21, Edges: 22)
     [+] Wrote enriched_session_47251_OS_Privilege_Escalation.graphml (Nodes: 21, Edges: 22)
     [+] Wrote enriched_session_47266_OS_Privilege_Escalation.graphml (Nodes: 20, Edges: 21)
     [+] Wrote enriched_session_47294_Attack.graphml (Nodes: 29, Edges: 35)
     [+] Wrote enriched_session_47325_Attack.graphml (Nodes: 61, Edges: 65)
     [+] Wrote enriched_session_47341_Attack.graphml (Nodes: 13, Edges: 11)
     [+] Wrote enriched_session_47343_Attack.graphml (Nodes: 13, Edges: 11)
     [+] Wrote enriched_session_47345_Attack.graphml (Nodes: 18, Edges: 17)
     [+] Wrote enriched_session_47358_Attack.graphml (Nodes: 22, Edges: 22)
     [+] Wrote enriched_session_47374_Attack.graphml (Nodes: 18, Edges: 16)
     [+] Wrote enriched_session_47387_Attack.graphml (Nodes: 13, Edges: 11)
     [+] Wrote enriched_session_47400_Attack.graphml (Nodes: 13, Edges: 11)

==================================================
Starting End-to-End Pipeline for: dataset_dev_run_50
==================================================
[1/3] Running Algorithm 1 (SAC)
  wrote dataset_dev_run_50_event_table.json  (2311 events, 31910 read total)
  wrote dataset_dev_run_50_session_correlation.csv  (2311 correlated pairs)
[2/3] Running Algorithm 2 (Graph Construction)
     => Generated 107 base session graphs natively in RAM
[3/3] Running Algorithm 3 (Behavior Abstraction & Serialization)
     [+] Wrote enriched_session_92918_Data_Exfiltration.graphml (Nodes: 4, Edges: 3)
     [+] Wrote enriched_session_92919_Sabotage.graphml (Nodes: 3, Edges: 2)
     [+] Wrote enriched_session_92921_Data_Exfiltration.graphml (Nodes: 4, Edges: 3)
     [+] Wrote enriched_session_92922_Data_Exfiltration.graphml (Nodes: 9, Edges: 9)
     [+] Wrote enriched_session_92937_Normal.graphml (Nodes: 13, Edges: 17)
     [+] Wrote enriched_session_92959_Normal.graphml (Nodes: 13, Edges: 17)
     [+] Wrote enriched_session_92976_Normal.graphml (Nodes: 13, Edges: 17)
     [+] Wrote enriched_session_92955_Normal.graphml (Nodes: 13, Edges: 17)
     [+] Wrote enriched_session_92942_Normal.graphml (Nodes: 13, Edges: 17)
     [+] Wrote enriched_session_92965_Normal.graphml (Nodes: 13, Edges: 17)
     [+] Wrote enriched_session_92974_Normal.graphml (Nodes: 13, Edges: 17)
     [+] Wrote enriched_session_92950_Normal.graphml (Nodes: 13, Edges: 17)
     [+] Wrote enriched_session_92936_Normal.graphml (Nodes: 13, Edges: 17)
     [+] Wrote enriched_session_92991_Normal.graphml (Nodes: 13, Edges: 17)
     [+] Wrote enriched_session_92982_Normal.graphml (Nodes: 13, Edges: 17)
     [+] Wrote enriched_session_92934_Normal.graphml (Nodes: 13, Edges: 17)
     [+] Wrote enriched_session_92978_Normal.graphml (Nodes: 13, Edges: 17)
     [+] Wrote enriched_session_92945_Normal.graphml (Nodes: 13, Edges: 17)
     [+] Wrote enriched_session_92985_Normal.graphml (Nodes: 13, Edges: 17)
     [+] Wrote enriched_session_92935_Normal.graphml (Nodes: 13, Edges: 17)
     [+] Wrote enriched_session_92969_Normal.graphml (Nodes: 13, Edges: 17)
     [+] Wrote enriched_session_92979_Normal.graphml (Nodes: 13, Edges: 17)
     [+] Wrote enriched_session_92962_Normal.graphml (Nodes: 13, Edges: 17)
     [+] Wrote enriched_session_92981_Normal.graphml (Nodes: 13, Edges: 17)
     [+] Wrote enriched_session_92960_Normal.graphml (Nodes: 13, Edges: 17)
     [+] Wrote enriched_session_92972_Normal.graphml (Nodes: 13, Edges: 17)
     [+] Wrote enriched_session_92967_Normal.graphml (Nodes: 13, Edges: 17)
     [+] Wrote enriched_session_92983_Normal.graphml (Nodes: 13, Edges: 17)
     [+] Wrote enriched_session_92988_Normal.graphml (Nodes: 13, Edges: 17)
     [+] Wrote enriched_session_92961_Normal.graphml (Nodes: 13, Edges: 17)
     [+] Wrote enriched_session_92990_Normal.graphml (Nodes: 13, Edges: 17)
     [+] Wrote enriched_session_92952_Normal.graphml (Nodes: 13, Edges: 17)
     [+] Wrote enriched_session_92968_Normal.graphml (Nodes: 13, Edges: 17)
     [+] Wrote enriched_session_92966_Normal.graphml (Nodes: 13, Edges: 17)
     [+] Wrote enriched_session_92963_Normal.graphml (Nodes: 13, Edges: 17)
     [+] Wrote enriched_session_92970_Normal.graphml (Nodes: 13, Edges: 17)
     [+] Wrote enriched_session_92944_Normal.graphml (Nodes: 13, Edges: 17)
     [+] Wrote enriched_session_92986_Normal.graphml (Nodes: 13, Edges: 17)
     [+] Wrote enriched_session_92953_Normal.graphml (Nodes: 13, Edges: 17)
     [+] Wrote enriched_session_92989_Normal.graphml (Nodes: 13, Edges: 17)
     [+] Wrote enriched_session_92956_Normal.graphml (Nodes: 13, Edges: 17)
     [+] Wrote enriched_session_92973_Normal.graphml (Nodes: 13, Edges: 17)
     [+] Wrote enriched_session_92938_Normal.graphml (Nodes: 13, Edges: 17)
     [+] Wrote enriched_session_92977_Normal.graphml (Nodes: 13, Edges: 17)
     [+] Wrote enriched_session_92941_Normal.graphml (Nodes: 13, Edges: 17)
     [+] Wrote enriched_session_92951_Normal.graphml (Nodes: 13, Edges: 17)
     [+] Wrote enriched_session_92940_Normal.graphml (Nodes: 13, Edges: 17)
     [+] Wrote enriched_session_92971_Normal.graphml (Nodes: 13, Edges: 17)
     [+] Wrote enriched_session_92964_Normal.graphml (Nodes: 13, Edges: 17)
     [+] Wrote enriched_session_92987_Normal.graphml (Nodes: 13, Edges: 17)
     [+] Wrote enriched_session_92975_Normal.graphml (Nodes: 13, Edges: 17)
     [+] Wrote enriched_session_92980_Normal.graphml (Nodes: 13, Edges: 17)
     [+] Wrote enriched_session_92948_Normal.graphml (Nodes: 13, Edges: 17)
     [+] Wrote enriched_session_92984_Normal.graphml (Nodes: 13, Edges: 17)
     [+] Wrote enriched_session_92993_Data_Exfiltration.graphml (Nodes: 4, Edges: 3)
     [+] Wrote enriched_session_92992_Data_Exfiltration.graphml (Nodes: 4, Edges: 3)
     [+] Wrote enriched_session_93002_Data_Exfiltration.graphml (Nodes: 4, Edges: 3)
     [+] Wrote enriched_session_93003_Data_Exfiltration.graphml (Nodes: 4, Edges: 3)
     [+] Wrote enriched_session_93007_Data_Exfiltration.graphml (Nodes: 4, Edges: 4)
     [+] Wrote enriched_session_93008_Data_Exfiltration.graphml (Nodes: 4, Edges: 4)
     [+] Wrote enriched_session_93009_Data_Exfiltration.graphml (Nodes: 4, Edges: 4)
     [+] Wrote enriched_session_93010_Data_Exfiltration.graphml (Nodes: 2, Edges: 1)
     [+] Wrote enriched_session_93019_Data_Exfiltration.graphml (Nodes: 3, Edges: 2)
     [+] Wrote enriched_session_93021_Unauthorized_DB_Read.graphml (Nodes: 4, Edges: 4)
     [+] Wrote enriched_session_93022_Unauthorized_DB_Read.graphml (Nodes: 4, Edges: 4)
     [+] Wrote enriched_session_93023_Unauthorized_DB_Read.graphml (Nodes: 4, Edges: 4)
     [+] Wrote enriched_session_93024_Data_Exfiltration.graphml (Nodes: 24, Edges: 22)
     [+] Wrote enriched_session_93037_Data_Exfiltration.graphml (Nodes: 53, Edges: 57)
     [+] Wrote enriched_session_93056_Data_Exfiltration.graphml (Nodes: 21, Edges: 19)
     [+] Wrote enriched_session_93057_Data_Exfiltration.graphml (Nodes: 35, Edges: 38)
     [+] Wrote enriched_session_93073_Data_Exfiltration.graphml (Nodes: 22, Edges: 22)
     [+] Wrote enriched_session_93088_Data_Exfiltration.graphml (Nodes: 22, Edges: 22)
     [+] Wrote enriched_session_93103_Data_Exfiltration.graphml (Nodes: 26, Edges: 30)
     [+] Wrote enriched_session_93120_Data_Exfiltration.graphml (Nodes: 26, Edges: 30)
     [+] Wrote enriched_session_93137_Data_Exfiltration.graphml (Nodes: 26, Edges: 30)
     [+] Wrote enriched_session_93154_Data_Exfiltration.graphml (Nodes: 26, Edges: 30)
     [+] Wrote enriched_session_93171_Data_Exfiltration.graphml (Nodes: 19, Edges: 17)
     [+] Wrote enriched_session_93185_Data_Exfiltration.graphml (Nodes: 19, Edges: 18)
     [+] Wrote enriched_session_93199_Data_Exfiltration.graphml (Nodes: 19, Edges: 18)
     [+] Wrote enriched_session_93213_Data_Exfiltration.graphml (Nodes: 19, Edges: 18)
     [+] Wrote enriched_session_93227_Data_Exfiltration.graphml (Nodes: 22, Edges: 23)
     [+] Wrote enriched_session_93242_Data_Exfiltration.graphml (Nodes: 22, Edges: 23)
     [+] Wrote enriched_session_93257_Data_Exfiltration.graphml (Nodes: 62, Edges: 65)
     [+] Wrote enriched_session_93273_Data_Exfiltration.graphml (Nodes: 36, Edges: 39)
     [+] Wrote enriched_session_93289_Data_Exfiltration.graphml (Nodes: 23, Edges: 23)
     [+] Wrote enriched_session_93304_Data_Exfiltration.graphml (Nodes: 23, Edges: 23)
     [+] Wrote enriched_session_93319_Data_Exfiltration.graphml (Nodes: 61, Edges: 64)
     [+] Wrote enriched_session_93335_Data_Exfiltration.graphml (Nodes: 35, Edges: 38)
     [+] Wrote enriched_session_93351_Data_Exfiltration.graphml (Nodes: 127, Edges: 127)
     [+] Wrote enriched_session_93366_Data_Exfiltration.graphml (Nodes: 62, Edges: 68)
     [+] Wrote enriched_session_93383_Data_Exfiltration.graphml (Nodes: 62, Edges: 68)
     [+] Wrote enriched_session_93417_Normal.graphml (Nodes: 18, Edges: 17)
     [+] Wrote enriched_session_93420_Normal.graphml (Nodes: 13, Edges: 11)
     [+] Wrote enriched_session_93423_Normal.graphml (Nodes: 59, Edges: 60)
     [+] Wrote enriched_session_93432_Normal.graphml (Nodes: 72, Edges: 73)
     [+] Wrote enriched_session_93464_OS_Privilege_Escalation.graphml (Nodes: 21, Edges: 21)
     [+] Wrote enriched_session_93479_OS_Privilege_Escalation.graphml (Nodes: 21, Edges: 21)
     [+] Wrote enriched_session_93494_OS_Privilege_Escalation.graphml (Nodes: 20, Edges: 20)
     [+] Wrote enriched_session_93522_OS_Privilege_Escalation.graphml (Nodes: 29, Edges: 35)
     [+] Wrote enriched_session_93552_OS_Privilege_Escalation.graphml (Nodes: 61, Edges: 65)
     [+] Wrote enriched_session_93568_OS_Privilege_Escalation.graphml (Nodes: 13, Edges: 11)
     [+] Wrote enriched_session_93570_OS_Privilege_Escalation.graphml (Nodes: 13, Edges: 11)
     [+] Wrote enriched_session_93572_OS_Privilege_Escalation.graphml (Nodes: 18, Edges: 17)
     [+] Wrote enriched_session_93585_OS_Privilege_Escalation.graphml (Nodes: 22, Edges: 23)
     [+] Wrote enriched_session_93601_SQL_Injection.graphml (Nodes: 18, Edges: 16)
     [+] Wrote enriched_session_93614_SQL_Injection.graphml (Nodes: 13, Edges: 11)
     [+] Wrote enriched_session_93627_SQL_Injection.graphml (Nodes: 13, Edges: 11)

==================================================
Starting End-to-End Pipeline for: dataset_dev_run_51
==================================================
[1/3] Running Algorithm 1 (SAC)
  wrote dataset_dev_run_51_event_table.json  (2311 events, 29655 read total)
  wrote dataset_dev_run_51_session_correlation.csv  (2311 correlated pairs)
[2/3] Running Algorithm 2 (Graph Construction)
     => Generated 107 base session graphs natively in RAM
[3/3] Running Algorithm 3 (Behavior Abstraction & Serialization)
     [+] Wrote enriched_session_93945_Data_Exfiltration.graphml (Nodes: 9, Edges: 9)
     [+] Wrote enriched_session_93946_Sabotage.graphml (Nodes: 3, Edges: 2)
     [+] Wrote enriched_session_93964_Data_Exfiltration.graphml (Nodes: 4, Edges: 3)
     [+] Wrote enriched_session_93965_Data_Exfiltration.graphml (Nodes: 4, Edges: 3)
     [+] Wrote enriched_session_93951_Normal.graphml (Nodes: 13, Edges: 17)
     [+] Wrote enriched_session_93960_Normal.graphml (Nodes: 13, Edges: 17)
     [+] Wrote enriched_session_93952_Normal.graphml (Nodes: 13, Edges: 17)
     [+] Wrote enriched_session_93955_Normal.graphml (Nodes: 13, Edges: 17)
     [+] Wrote enriched_session_93961_Normal.graphml (Nodes: 13, Edges: 17)
     [+] Wrote enriched_session_94018_Normal.graphml (Nodes: 13, Edges: 17)
     [+] Wrote enriched_session_93977_Normal.graphml (Nodes: 13, Edges: 17)
     [+] Wrote enriched_session_93968_Normal.graphml (Nodes: 13, Edges: 17)
     [+] Wrote enriched_session_93983_Normal.graphml (Nodes: 13, Edges: 17)
     [+] Wrote enriched_session_93956_Normal.graphml (Nodes: 13, Edges: 17)
     [+] Wrote enriched_session_93990_Normal.graphml (Nodes: 13, Edges: 17)
     [+] Wrote enriched_session_94000_Normal.graphml (Nodes: 13, Edges: 17)
     [+] Wrote enriched_session_94002_Normal.graphml (Nodes: 13, Edges: 17)
     [+] Wrote enriched_session_93996_Normal.graphml (Nodes: 13, Edges: 17)
     [+] Wrote enriched_session_94006_Normal.graphml (Nodes: 13, Edges: 17)
     [+] Wrote enriched_session_93982_Normal.graphml (Nodes: 13, Edges: 17)
     [+] Wrote enriched_session_93953_Normal.graphml (Nodes: 13, Edges: 17)
     [+] Wrote enriched_session_94013_Normal.graphml (Nodes: 13, Edges: 17)
     [+] Wrote enriched_session_93966_Normal.graphml (Nodes: 13, Edges: 17)
     [+] Wrote enriched_session_93973_Normal.graphml (Nodes: 13, Edges: 17)
     [+] Wrote enriched_session_93962_Normal.graphml (Nodes: 13, Edges: 17)
     [+] Wrote enriched_session_93980_Normal.graphml (Nodes: 13, Edges: 17)
     [+] Wrote enriched_session_93975_Normal.graphml (Nodes: 13, Edges: 17)
     [+] Wrote enriched_session_93999_Normal.graphml (Nodes: 13, Edges: 17)
     [+] Wrote enriched_session_93976_Normal.graphml (Nodes: 13, Edges: 17)
     [+] Wrote enriched_session_94014_Normal.graphml (Nodes: 13, Edges: 17)
     [+] Wrote enriched_session_93988_Normal.graphml (Nodes: 13, Edges: 17)
     [+] Wrote enriched_session_94007_Normal.graphml (Nodes: 13, Edges: 17)
     [+] Wrote enriched_session_93967_Normal.graphml (Nodes: 13, Edges: 17)
     [+] Wrote enriched_session_93985_Normal.graphml (Nodes: 13, Edges: 17)
     [+] Wrote enriched_session_93978_Normal.graphml (Nodes: 13, Edges: 17)
     [+] Wrote enriched_session_94010_Normal.graphml (Nodes: 13, Edges: 17)
     [+] Wrote enriched_session_94016_Normal.graphml (Nodes: 13, Edges: 17)
     [+] Wrote enriched_session_93963_Normal.graphml (Nodes: 13, Edges: 17)
     [+] Wrote enriched_session_94003_Normal.graphml (Nodes: 13, Edges: 17)
     [+] Wrote enriched_session_93970_Normal.graphml (Nodes: 13, Edges: 17)
     [+] Wrote enriched_session_94011_Normal.graphml (Nodes: 13, Edges: 17)
     [+] Wrote enriched_session_93981_Normal.graphml (Nodes: 13, Edges: 17)
     [+] Wrote enriched_session_93986_Normal.graphml (Nodes: 13, Edges: 17)
     [+] Wrote enriched_session_93995_Normal.graphml (Nodes: 13, Edges: 17)
     [+] Wrote enriched_session_93979_Normal.graphml (Nodes: 13, Edges: 17)
     [+] Wrote enriched_session_94009_Normal.graphml (Nodes: 13, Edges: 17)
     [+] Wrote enriched_session_94012_Normal.graphml (Nodes: 13, Edges: 17)
     [+] Wrote enriched_session_93993_Normal.graphml (Nodes: 13, Edges: 17)
     [+] Wrote enriched_session_94004_Normal.graphml (Nodes: 13, Edges: 17)
     [+] Wrote enriched_session_94008_Normal.graphml (Nodes: 13, Edges: 17)
     [+] Wrote enriched_session_94017_Normal.graphml (Nodes: 13, Edges: 17)
     [+] Wrote enriched_session_94015_Normal.graphml (Nodes: 13, Edges: 17)
     [+] Wrote enriched_session_94001_Normal.graphml (Nodes: 13, Edges: 17)
     [+] Wrote enriched_session_94005_Normal.graphml (Nodes: 13, Edges: 17)
     [+] Wrote enriched_session_94019_Data_Exfiltration.graphml (Nodes: 4, Edges: 3)
     [+] Wrote enriched_session_94022_Data_Exfiltration.graphml (Nodes: 4, Edges: 3)
     [+] Wrote enriched_session_94030_Data_Exfiltration.graphml (Nodes: 4, Edges: 3)
     [+] Wrote enriched_session_94029_Data_Exfiltration.graphml (Nodes: 4, Edges: 4)
     [+] Wrote enriched_session_94034_Data_Exfiltration.graphml (Nodes: 4, Edges: 4)
     [+] Wrote enriched_session_94033_Data_Exfiltration.graphml (Nodes: 4, Edges: 4)
     [+] Wrote enriched_session_94035_Data_Exfiltration.graphml (Nodes: 4, Edges: 3)
     [+] Wrote enriched_session_94044_Data_Exfiltration.graphml (Nodes: 2, Edges: 1)
     [+] Wrote enriched_session_94046_Data_Exfiltration.graphml (Nodes: 3, Edges: 2)
     [+] Wrote enriched_session_94048_Unauthorized_DB_Read.graphml (Nodes: 4, Edges: 4)
     [+] Wrote enriched_session_94049_Unauthorized_DB_Read.graphml (Nodes: 4, Edges: 4)
     [+] Wrote enriched_session_94050_Unauthorized_DB_Read.graphml (Nodes: 4, Edges: 4)
     [+] Wrote enriched_session_94051_Data_Exfiltration.graphml (Nodes: 27, Edges: 25)
     [+] Wrote enriched_session_94064_Data_Exfiltration.graphml (Nodes: 53, Edges: 57)
     [+] Wrote enriched_session_94082_Data_Exfiltration.graphml (Nodes: 12, Edges: 10)
     [+] Wrote enriched_session_94083_Data_Exfiltration.graphml (Nodes: 35, Edges: 39)
     [+] Wrote enriched_session_94099_Data_Exfiltration.graphml (Nodes: 22, Edges: 23)
     [+] Wrote enriched_session_94114_Data_Exfiltration.graphml (Nodes: 22, Edges: 23)
     [+] Wrote enriched_session_94129_Data_Exfiltration.graphml (Nodes: 26, Edges: 31)
     [+] Wrote enriched_session_94146_Data_Exfiltration.graphml (Nodes: 26, Edges: 31)
     [+] Wrote enriched_session_94163_Data_Exfiltration.graphml (Nodes: 26, Edges: 31)
     [+] Wrote enriched_session_94180_Data_Exfiltration.graphml (Nodes: 26, Edges: 30)
     [+] Wrote enriched_session_94197_Data_Exfiltration.graphml (Nodes: 19, Edges: 17)
     [+] Wrote enriched_session_94211_Data_Exfiltration.graphml (Nodes: 19, Edges: 17)
     [+] Wrote enriched_session_94225_Data_Exfiltration.graphml (Nodes: 19, Edges: 17)
     [+] Wrote enriched_session_94239_Data_Exfiltration.graphml (Nodes: 19, Edges: 17)
     [+] Wrote enriched_session_94253_Data_Exfiltration.graphml (Nodes: 22, Edges: 22)
     [+] Wrote enriched_session_94268_Data_Exfiltration.graphml (Nodes: 22, Edges: 22)
     [+] Wrote enriched_session_94283_Data_Exfiltration.graphml (Nodes: 62, Edges: 66)
     [+] Wrote enriched_session_94299_Data_Exfiltration.graphml (Nodes: 36, Edges: 40)
     [+] Wrote enriched_session_94315_Data_Exfiltration.graphml (Nodes: 23, Edges: 24)
     [+] Wrote enriched_session_94330_Data_Exfiltration.graphml (Nodes: 23, Edges: 24)
     [+] Wrote enriched_session_94345_Data_Exfiltration.graphml (Nodes: 61, Edges: 65)
     [+] Wrote enriched_session_94361_Data_Exfiltration.graphml (Nodes: 35, Edges: 39)
     [+] Wrote enriched_session_94377_Data_Exfiltration.graphml (Nodes: 127, Edges: 128)
     [+] Wrote enriched_session_94392_Data_Exfiltration.graphml (Nodes: 62, Edges: 67)
     [+] Wrote enriched_session_94410_Data_Exfiltration.graphml (Nodes: 62, Edges: 67)
     [+] Wrote enriched_session_94445_Normal.graphml (Nodes: 24, Edges: 23)
     [+] Wrote enriched_session_94449_Normal.graphml (Nodes: 13, Edges: 11)
     [+] Wrote enriched_session_94452_Normal.graphml (Nodes: 59, Edges: 59)
     [+] Wrote enriched_session_94460_Normal.graphml (Nodes: 72, Edges: 74)
     [+] Wrote enriched_session_94496_OS_Privilege_Escalation.graphml (Nodes: 21, Edges: 22)
     [+] Wrote enriched_session_94511_OS_Privilege_Escalation.graphml (Nodes: 21, Edges: 22)
     [+] Wrote enriched_session_94526_OS_Privilege_Escalation.graphml (Nodes: 20, Edges: 21)
     [+] Wrote enriched_session_94554_OS_Privilege_Escalation.graphml (Nodes: 29, Edges: 36)
     [+] Wrote enriched_session_94584_Attack.graphml (Nodes: 61, Edges: 65)
     [+] Wrote enriched_session_94600_Attack.graphml (Nodes: 13, Edges: 11)
     [+] Wrote enriched_session_94602_Attack.graphml (Nodes: 13, Edges: 11)
     [+] Wrote enriched_session_94604_Attack.graphml (Nodes: 18, Edges: 17)
     [+] Wrote enriched_session_94617_Attack.graphml (Nodes: 22, Edges: 22)
     [+] Wrote enriched_session_94633_Attack.graphml (Nodes: 18, Edges: 16)
     [+] Wrote enriched_session_94646_Attack.graphml (Nodes: 13, Edges: 11)
     [+] Wrote enriched_session_94659_Attack.graphml (Nodes: 13, Edges: 11)

==================================================
Starting End-to-End Pipeline for: dataset_dev_run_52
==================================================
[1/3] Running Algorithm 1 (SAC)
  wrote dataset_dev_run_52_event_table.json  (2385 events, 28300 read total)
  wrote dataset_dev_run_52_session_correlation.csv  (2385 correlated pairs)
[2/3] Running Algorithm 2 (Graph Construction)
     => Generated 107 base session graphs natively in RAM
[3/3] Running Algorithm 3 (Behavior Abstraction & Serialization)
     [+] Wrote enriched_session_95080_Normal.graphml (Nodes: 24, Edges: 22)
     [+] Wrote enriched_session_94978_Sabotage.graphml (Nodes: 3, Edges: 2)
     [+] Wrote enriched_session_94977_Data_Exfiltration.graphml (Nodes: 4, Edges: 3)
     [+] Wrote enriched_session_94980_Normal.graphml (Nodes: 9, Edges: 9)
     [+] Wrote enriched_session_94983_Normal.graphml (Nodes: 4, Edges: 3)
     [+] Wrote enriched_session_95020_Normal.graphml (Nodes: 13, Edges: 17)
     [+] Wrote enriched_session_94993_Normal.graphml (Nodes: 13, Edges: 17)
     [+] Wrote enriched_session_94995_Normal.graphml (Nodes: 13, Edges: 17)
     [+] Wrote enriched_session_94994_Normal.graphml (Nodes: 13, Edges: 17)
     [+] Wrote enriched_session_94997_Normal.graphml (Nodes: 13, Edges: 17)
     [+] Wrote enriched_session_94999_Normal.graphml (Nodes: 13, Edges: 17)
     [+] Wrote enriched_session_95021_Normal.graphml (Nodes: 13, Edges: 17)
     [+] Wrote enriched_session_95031_Normal.graphml (Nodes: 13, Edges: 17)
     [+] Wrote enriched_session_95025_Normal.graphml (Nodes: 13, Edges: 17)
     [+] Wrote enriched_session_95015_Normal.graphml (Nodes: 13, Edges: 17)
     [+] Wrote enriched_session_95004_Normal.graphml (Nodes: 13, Edges: 17)
     [+] Wrote enriched_session_95029_Normal.graphml (Nodes: 13, Edges: 17)
     [+] Wrote enriched_session_95035_Normal.graphml (Nodes: 13, Edges: 17)
     [+] Wrote enriched_session_95009_Normal.graphml (Nodes: 13, Edges: 17)
     [+] Wrote enriched_session_95005_Normal.graphml (Nodes: 13, Edges: 17)
     [+] Wrote enriched_session_95002_Normal.graphml (Nodes: 13, Edges: 17)
     [+] Wrote enriched_session_95010_Normal.graphml (Nodes: 13, Edges: 17)
     [+] Wrote enriched_session_95000_Normal.graphml (Nodes: 13, Edges: 17)
     [+] Wrote enriched_session_95011_Normal.graphml (Nodes: 13, Edges: 17)
     [+] Wrote enriched_session_94998_Normal.graphml (Nodes: 13, Edges: 17)
     [+] Wrote enriched_session_95033_Normal.graphml (Nodes: 13, Edges: 17)
     [+] Wrote enriched_session_95038_Normal.graphml (Nodes: 13, Edges: 17)
     [+] Wrote enriched_session_95013_Normal.graphml (Nodes: 13, Edges: 17)
     [+] Wrote enriched_session_95016_Normal.graphml (Nodes: 13, Edges: 17)
     [+] Wrote enriched_session_94996_Normal.graphml (Nodes: 13, Edges: 17)
     [+] Wrote enriched_session_95026_Normal.graphml (Nodes: 13, Edges: 17)
     [+] Wrote enriched_session_95024_Normal.graphml (Nodes: 13, Edges: 17)
     [+] Wrote enriched_session_95048_Normal.graphml (Nodes: 13, Edges: 17)
     [+] Wrote enriched_session_95028_Normal.graphml (Nodes: 13, Edges: 17)
     [+] Wrote enriched_session_95037_Normal.graphml (Nodes: 13, Edges: 17)
     [+] Wrote enriched_session_95043_Normal.graphml (Nodes: 13, Edges: 17)
     [+] Wrote enriched_session_95017_Normal.graphml (Nodes: 13, Edges: 17)
     [+] Wrote enriched_session_95022_Normal.graphml (Nodes: 13, Edges: 17)
     [+] Wrote enriched_session_95012_Normal.graphml (Nodes: 13, Edges: 17)
     [+] Wrote enriched_session_95044_Normal.graphml (Nodes: 13, Edges: 17)
     [+] Wrote enriched_session_95040_Normal.graphml (Nodes: 13, Edges: 17)
     [+] Wrote enriched_session_95049_Normal.graphml (Nodes: 13, Edges: 17)
     [+] Wrote enriched_session_95023_Normal.graphml (Nodes: 13, Edges: 17)
     [+] Wrote enriched_session_95046_Normal.graphml (Nodes: 13, Edges: 17)
     [+] Wrote enriched_session_95034_Normal.graphml (Nodes: 13, Edges: 17)
     [+] Wrote enriched_session_95036_Normal.graphml (Nodes: 13, Edges: 17)
     [+] Wrote enriched_session_95027_Normal.graphml (Nodes: 13, Edges: 17)
     [+] Wrote enriched_session_95030_Normal.graphml (Nodes: 13, Edges: 17)
     [+] Wrote enriched_session_95042_Normal.graphml (Nodes: 13, Edges: 17)
     [+] Wrote enriched_session_95039_Normal.graphml (Nodes: 13, Edges: 17)
     [+] Wrote enriched_session_95047_Normal.graphml (Nodes: 13, Edges: 17)
     [+] Wrote enriched_session_95050_Normal.graphml (Nodes: 13, Edges: 17)
     [+] Wrote enriched_session_95045_Normal.graphml (Nodes: 13, Edges: 17)
     [+] Wrote enriched_session_95032_Normal.graphml (Nodes: 13, Edges: 17)
     [+] Wrote enriched_session_95041_Normal.graphml (Nodes: 13, Edges: 17)
     [+] Wrote enriched_session_95051_Normal.graphml (Nodes: 4, Edges: 3)
     [+] Wrote enriched_session_95052_Normal.graphml (Nodes: 4, Edges: 3)
     [+] Wrote enriched_session_95061_Normal.graphml (Nodes: 4, Edges: 3)
     [+] Wrote enriched_session_95063_Normal.graphml (Nodes: 4, Edges: 3)
     [+] Wrote enriched_session_95066_Normal.graphml (Nodes: 4, Edges: 4)
     [+] Wrote enriched_session_95067_Normal.graphml (Nodes: 4, Edges: 4)
     [+] Wrote enriched_session_95068_Normal.graphml (Nodes: 4, Edges: 4)
     [+] Wrote enriched_session_95069_Normal.graphml (Nodes: 2, Edges: 1)
     [+] Wrote enriched_session_95071_Normal.graphml (Nodes: 3, Edges: 2)
     [+] Wrote enriched_session_95081_Unauthorized_DB_Read.graphml (Nodes: 10, Edges: 9)
     [+] Wrote enriched_session_95084_Unauthorized_DB_Read.graphml (Nodes: 19, Edges: 18)
     [+] Wrote enriched_session_95085_Unauthorized_DB_Read.graphml (Nodes: 19, Edges: 18)
     [+] Wrote enriched_session_95086_Data_Exfiltration.graphml (Nodes: 12, Edges: 10)
     [+] Wrote enriched_session_95099_Data_Exfiltration.graphml (Nodes: 61, Edges: 64)
     [+] Wrote enriched_session_95115_Data_Exfiltration.graphml (Nodes: 35, Edges: 38)
     [+] Wrote enriched_session_95131_Data_Exfiltration.graphml (Nodes: 22, Edges: 22)
     [+] Wrote enriched_session_95146_Data_Exfiltration.graphml (Nodes: 22, Edges: 22)
     [+] Wrote enriched_session_95161_Data_Exfiltration.graphml (Nodes: 26, Edges: 31)
     [+] Wrote enriched_session_95178_Data_Exfiltration.graphml (Nodes: 26, Edges: 31)
     [+] Wrote enriched_session_95195_Data_Exfiltration.graphml (Nodes: 26, Edges: 31)
     [+] Wrote enriched_session_95212_Data_Exfiltration.graphml (Nodes: 26, Edges: 31)
     [+] Wrote enriched_session_95229_Data_Exfiltration.graphml (Nodes: 19, Edges: 17)
     [+] Wrote enriched_session_95243_Data_Exfiltration.graphml (Nodes: 19, Edges: 17)
     [+] Wrote enriched_session_95257_Data_Exfiltration.graphml (Nodes: 19, Edges: 17)
     [+] Wrote enriched_session_95271_Data_Exfiltration.graphml (Nodes: 19, Edges: 17)
     [+] Wrote enriched_session_95285_Data_Exfiltration.graphml (Nodes: 22, Edges: 22)
     [+] Wrote enriched_session_95300_Data_Exfiltration.graphml (Nodes: 22, Edges: 22)
     [+] Wrote enriched_session_95315_Data_Exfiltration.graphml (Nodes: 62, Edges: 65)
     [+] Wrote enriched_session_95331_Data_Exfiltration.graphml (Nodes: 36, Edges: 39)
     [+] Wrote enriched_session_95347_Data_Exfiltration.graphml (Nodes: 23, Edges: 23)
     [+] Wrote enriched_session_95362_Data_Exfiltration.graphml (Nodes: 23, Edges: 24)
     [+] Wrote enriched_session_95377_Data_Exfiltration.graphml (Nodes: 61, Edges: 65)
     [+] Wrote enriched_session_95393_Data_Exfiltration.graphml (Nodes: 35, Edges: 39)
     [+] Wrote enriched_session_95410_Data_Exfiltration.graphml (Nodes: 127, Edges: 128)
     [+] Wrote enriched_session_95425_Data_Exfiltration.graphml (Nodes: 62, Edges: 67)
     [+] Wrote enriched_session_95442_Data_Exfiltration.graphml (Nodes: 62, Edges: 67)
     [+] Wrote enriched_session_95457_Normal.graphml (Nodes: 26, Edges: 25)
     [+] Wrote enriched_session_95465_Normal.graphml (Nodes: 13, Edges: 11)
     [+] Wrote enriched_session_95470_Normal.graphml (Nodes: 59, Edges: 59)
     [+] Wrote enriched_session_95478_Normal.graphml (Nodes: 72, Edges: 74)
     [+] Wrote enriched_session_95511_OS_Privilege_Escalation.graphml (Nodes: 21, Edges: 22)
     [+] Wrote enriched_session_95526_OS_Privilege_Escalation.graphml (Nodes: 21, Edges: 22)
     [+] Wrote enriched_session_95541_OS_Privilege_Escalation.graphml (Nodes: 20, Edges: 21)
     [+] Wrote enriched_session_95569_Attack.graphml (Nodes: 29, Edges: 35)
     [+] Wrote enriched_session_95599_Attack.graphml (Nodes: 61, Edges: 65)
     [+] Wrote enriched_session_95615_Attack.graphml (Nodes: 13, Edges: 11)
     [+] Wrote enriched_session_95617_Attack.graphml (Nodes: 13, Edges: 11)
     [+] Wrote enriched_session_95619_Attack.graphml (Nodes: 18, Edges: 17)
     [+] Wrote enriched_session_95632_Attack.graphml (Nodes: 25, Edges: 25)
     [+] Wrote enriched_session_95648_Attack.graphml (Nodes: 18, Edges: 16)
     [+] Wrote enriched_session_95661_Attack.graphml (Nodes: 13, Edges: 11)
     [+] Wrote enriched_session_95674_Attack.graphml (Nodes: 13, Edges: 11)

==================================================
Starting End-to-End Pipeline for: dataset_dev_run_53
==================================================
[1/3] Running Algorithm 1 (SAC)
  wrote dataset_dev_run_53_event_table.json  (2312 events, 27175 read total)
  wrote dataset_dev_run_53_session_correlation.csv  (2312 correlated pairs)
[2/3] Running Algorithm 2 (Graph Construction)
     => Generated 107 base session graphs natively in RAM
[3/3] Running Algorithm 3 (Behavior Abstraction & Serialization)
     [+] Wrote enriched_session_95997_Data_Exfiltration.graphml (Nodes: 4, Edges: 3)
     [+] Wrote enriched_session_96001_Normal.graphml (Nodes: 9, Edges: 9)
     [+] Wrote enriched_session_96002_Normal.graphml (Nodes: 4, Edges: 3)
     [+] Wrote enriched_session_96016_Sabotage.graphml (Nodes: 3, Edges: 2)
     [+] Wrote enriched_session_96051_Normal.graphml (Nodes: 13, Edges: 17)
     [+] Wrote enriched_session_96015_Normal.graphml (Nodes: 13, Edges: 17)
     [+] Wrote enriched_session_96036_Normal.graphml (Nodes: 13, Edges: 17)
     [+] Wrote enriched_session_96022_Normal.graphml (Nodes: 13, Edges: 17)
     [+] Wrote enriched_session_96034_Normal.graphml (Nodes: 13, Edges: 17)
     [+] Wrote enriched_session_96014_Normal.graphml (Nodes: 13, Edges: 17)
     [+] Wrote enriched_session_96040_Normal.graphml (Nodes: 13, Edges: 17)
     [+] Wrote enriched_session_96042_Normal.graphml (Nodes: 13, Edges: 17)
     [+] Wrote enriched_session_96048_Normal.graphml (Nodes: 13, Edges: 17)
     [+] Wrote enriched_session_96045_Normal.graphml (Nodes: 13, Edges: 17)
     [+] Wrote enriched_session_96020_Normal.graphml (Nodes: 13, Edges: 17)
     [+] Wrote enriched_session_96052_Normal.graphml (Nodes: 13, Edges: 17)
     [+] Wrote enriched_session_96030_Normal.graphml (Nodes: 13, Edges: 17)
     [+] Wrote enriched_session_96057_Normal.graphml (Nodes: 13, Edges: 17)
     [+] Wrote enriched_session_96056_Normal.graphml (Nodes: 13, Edges: 17)
     [+] Wrote enriched_session_96019_Normal.graphml (Nodes: 13, Edges: 17)
     [+] Wrote enriched_session_96029_Normal.graphml (Nodes: 13, Edges: 17)
     [+] Wrote enriched_session_96031_Normal.graphml (Nodes: 13, Edges: 17)
     [+] Wrote enriched_session_96069_Normal.graphml (Nodes: 13, Edges: 17)
     [+] Wrote enriched_session_96049_Normal.graphml (Nodes: 13, Edges: 17)
     [+] Wrote enriched_session_96062_Normal.graphml (Nodes: 13, Edges: 17)
     [+] Wrote enriched_session_96046_Normal.graphml (Nodes: 13, Edges: 17)
     [+] Wrote enriched_session_96013_Normal.graphml (Nodes: 13, Edges: 17)
     [+] Wrote enriched_session_96066_Normal.graphml (Nodes: 13, Edges: 17)
     [+] Wrote enriched_session_96017_Normal.graphml (Nodes: 13, Edges: 17)
     [+] Wrote enriched_session_96072_Normal.graphml (Nodes: 4, Edges: 3)
     [+] Wrote enriched_session_96041_Normal.graphml (Nodes: 13, Edges: 17)
     [+] Wrote enriched_session_96021_Normal.graphml (Nodes: 13, Edges: 17)
     [+] Wrote enriched_session_96059_Normal.graphml (Nodes: 13, Edges: 17)
     [+] Wrote enriched_session_96053_Normal.graphml (Nodes: 13, Edges: 17)
     [+] Wrote enriched_session_96063_Normal.graphml (Nodes: 13, Edges: 17)
     [+] Wrote enriched_session_96061_Normal.graphml (Nodes: 13, Edges: 17)
     [+] Wrote enriched_session_96067_Normal.graphml (Nodes: 13, Edges: 17)
     [+] Wrote enriched_session_96065_Normal.graphml (Nodes: 13, Edges: 17)
     [+] Wrote enriched_session_96035_Normal.graphml (Nodes: 13, Edges: 17)
     [+] Wrote enriched_session_96068_Normal.graphml (Nodes: 13, Edges: 17)
     [+] Wrote enriched_session_96055_Normal.graphml (Nodes: 13, Edges: 17)
     [+] Wrote enriched_session_96070_Normal.graphml (Nodes: 13, Edges: 17)
     [+] Wrote enriched_session_96071_Normal.graphml (Nodes: 4, Edges: 3)
     [+] Wrote enriched_session_96044_Normal.graphml (Nodes: 13, Edges: 17)
     [+] Wrote enriched_session_96043_Normal.graphml (Nodes: 13, Edges: 17)
     [+] Wrote enriched_session_96047_Normal.graphml (Nodes: 13, Edges: 17)
     [+] Wrote enriched_session_96012_Normal.graphml (Nodes: 13, Edges: 17)
     [+] Wrote enriched_session_96024_Normal.graphml (Nodes: 13, Edges: 17)
     [+] Wrote enriched_session_96038_Normal.graphml (Nodes: 13, Edges: 17)
     [+] Wrote enriched_session_96064_Normal.graphml (Nodes: 13, Edges: 17)
     [+] Wrote enriched_session_96018_Normal.graphml (Nodes: 13, Edges: 17)
     [+] Wrote enriched_session_96032_Normal.graphml (Nodes: 13, Edges: 17)
     [+] Wrote enriched_session_96050_Normal.graphml (Nodes: 13, Edges: 17)
     [+] Wrote enriched_session_96054_Normal.graphml (Nodes: 13, Edges: 17)
     [+] Wrote enriched_session_96060_Normal.graphml (Nodes: 13, Edges: 17)
     [+] Wrote enriched_session_96058_Normal.graphml (Nodes: 13, Edges: 17)
     [+] Wrote enriched_session_96082_Normal.graphml (Nodes: 4, Edges: 3)
     [+] Wrote enriched_session_96081_Normal.graphml (Nodes: 4, Edges: 4)
     [+] Wrote enriched_session_96083_Normal.graphml (Nodes: 4, Edges: 4)
     [+] Wrote enriched_session_96085_Normal.graphml (Nodes: 4, Edges: 4)
     [+] Wrote enriched_session_96086_Normal.graphml (Nodes: 4, Edges: 3)
     [+] Wrote enriched_session_96103_Data_Exfiltration.graphml (Nodes: 25, Edges: 23)
     [+] Wrote enriched_session_96089_Data_Exfiltration.graphml (Nodes: 2, Edges: 1)
     [+] Wrote enriched_session_96098_Data_Exfiltration.graphml (Nodes: 3, Edges: 2)
     [+] Wrote enriched_session_96100_Unauthorized_DB_Read.graphml (Nodes: 4, Edges: 4)
     [+] Wrote enriched_session_96102_Unauthorized_DB_Read.graphml (Nodes: 4, Edges: 4)
     [+] Wrote enriched_session_96101_Unauthorized_DB_Read.graphml (Nodes: 4, Edges: 4)
     [+] Wrote enriched_session_96116_Data_Exfiltration.graphml (Nodes: 53, Edges: 57)
     [+] Wrote enriched_session_96134_Data_Exfiltration.graphml (Nodes: 12, Edges: 10)
     [+] Wrote enriched_session_96135_Data_Exfiltration.graphml (Nodes: 35, Edges: 38)
     [+] Wrote enriched_session_96151_Data_Exfiltration.graphml (Nodes: 22, Edges: 22)
     [+] Wrote enriched_session_96166_Data_Exfiltration.graphml (Nodes: 22, Edges: 22)
     [+] Wrote enriched_session_96181_Data_Exfiltration.graphml (Nodes: 26, Edges: 30)
     [+] Wrote enriched_session_96198_Data_Exfiltration.graphml (Nodes: 26, Edges: 30)
     [+] Wrote enriched_session_96215_Data_Exfiltration.graphml (Nodes: 26, Edges: 30)
     [+] Wrote enriched_session_96232_Data_Exfiltration.graphml (Nodes: 26, Edges: 31)
     [+] Wrote enriched_session_96249_Data_Exfiltration.graphml (Nodes: 19, Edges: 18)
     [+] Wrote enriched_session_96263_Data_Exfiltration.graphml (Nodes: 19, Edges: 18)
     [+] Wrote enriched_session_96277_Data_Exfiltration.graphml (Nodes: 19, Edges: 18)
     [+] Wrote enriched_session_96291_Data_Exfiltration.graphml (Nodes: 19, Edges: 18)
     [+] Wrote enriched_session_96305_Data_Exfiltration.graphml (Nodes: 22, Edges: 23)
     [+] Wrote enriched_session_96320_Data_Exfiltration.graphml (Nodes: 22, Edges: 22)
     [+] Wrote enriched_session_96335_Data_Exfiltration.graphml (Nodes: 62, Edges: 65)
     [+] Wrote enriched_session_96351_Data_Exfiltration.graphml (Nodes: 36, Edges: 39)
     [+] Wrote enriched_session_96367_Data_Exfiltration.graphml (Nodes: 23, Edges: 23)
     [+] Wrote enriched_session_96382_Data_Exfiltration.graphml (Nodes: 23, Edges: 23)
     [+] Wrote enriched_session_96397_Data_Exfiltration.graphml (Nodes: 61, Edges: 64)
     [+] Wrote enriched_session_96413_Data_Exfiltration.graphml (Nodes: 35, Edges: 38)
     [+] Wrote enriched_session_96429_Data_Exfiltration.graphml (Nodes: 127, Edges: 128)
     [+] Wrote enriched_session_96444_Data_Exfiltration.graphml (Nodes: 62, Edges: 68)
     [+] Wrote enriched_session_96461_Data_Exfiltration.graphml (Nodes: 62, Edges: 68)
     [+] Wrote enriched_session_96478_Normal.graphml (Nodes: 18, Edges: 17)
     [+] Wrote enriched_session_96481_Normal.graphml (Nodes: 13, Edges: 11)
     [+] Wrote enriched_session_96484_Normal.graphml (Nodes: 59, Edges: 59)
     [+] Wrote enriched_session_96492_Normal.graphml (Nodes: 80, Edges: 81)
     [+] Wrote enriched_session_96527_OS_Privilege_Escalation.graphml (Nodes: 21, Edges: 21)
     [+] Wrote enriched_session_96542_OS_Privilege_Escalation.graphml (Nodes: 21, Edges: 21)
     [+] Wrote enriched_session_96557_OS_Privilege_Escalation.graphml (Nodes: 20, Edges: 20)
     [+] Wrote enriched_session_96585_OS_Privilege_Escalation.graphml (Nodes: 29, Edges: 36)
     [+] Wrote enriched_session_96615_OS_Privilege_Escalation.graphml (Nodes: 61, Edges: 66)
     [+] Wrote enriched_session_96631_OS_Privilege_Escalation.graphml (Nodes: 13, Edges: 11)
     [+] Wrote enriched_session_96633_OS_Privilege_Escalation.graphml (Nodes: 13, Edges: 11)
     [+] Wrote enriched_session_96635_OS_Privilege_Escalation.graphml (Nodes: 18, Edges: 17)
     [+] Wrote enriched_session_96648_OS_Privilege_Escalation.graphml (Nodes: 24, Edges: 25)
     [+] Wrote enriched_session_96664_SQL_Injection.graphml (Nodes: 18, Edges: 16)
     [+] Wrote enriched_session_96677_SQL_Injection.graphml (Nodes: 13, Edges: 11)
     [+] Wrote enriched_session_96690_SQL_Injection.graphml (Nodes: 13, Edges: 11)

==================================================
Starting End-to-End Pipeline for: dataset_dev_run_54
==================================================
[1/3] Running Algorithm 1 (SAC)
  wrote dataset_dev_run_54_event_table.json  (2298 events, 26678 read total)
  wrote dataset_dev_run_54_session_correlation.csv  (2298 correlated pairs)
[2/3] Running Algorithm 2 (Graph Construction)
     => Generated 107 base session graphs natively in RAM
[3/3] Running Algorithm 3 (Behavior Abstraction & Serialization)
     [+] Wrote enriched_session_97011_Data_Exfiltration.graphml (Nodes: 4, Edges: 3)
     [+] Wrote enriched_session_97013_Data_Exfiltration.graphml (Nodes: 9, Edges: 9)
     [+] Wrote enriched_session_97015_Data_Exfiltration.graphml (Nodes: 4, Edges: 3)
     [+] Wrote enriched_session_97014_Sabotage.graphml (Nodes: 3, Edges: 2)
     [+] Wrote enriched_session_97072_Normal.graphml (Nodes: 13, Edges: 17)
     [+] Wrote enriched_session_97020_Normal.graphml (Nodes: 13, Edges: 17)
     [+] Wrote enriched_session_97056_Normal.graphml (Nodes: 13, Edges: 17)
     [+] Wrote enriched_session_97041_Normal.graphml (Nodes: 13, Edges: 17)
     [+] Wrote enriched_session_97054_Normal.graphml (Nodes: 13, Edges: 17)
     [+] Wrote enriched_session_97045_Normal.graphml (Nodes: 13, Edges: 17)
     [+] Wrote enriched_session_97057_Normal.graphml (Nodes: 13, Edges: 17)
     [+] Wrote enriched_session_97058_Normal.graphml (Nodes: 13, Edges: 17)
     [+] Wrote enriched_session_97027_Normal.graphml (Nodes: 13, Edges: 17)
     [+] Wrote enriched_session_97038_Normal.graphml (Nodes: 13, Edges: 17)
     [+] Wrote enriched_session_97071_Normal.graphml (Nodes: 13, Edges: 17)
     [+] Wrote enriched_session_97035_Normal.graphml (Nodes: 13, Edges: 17)
     [+] Wrote enriched_session_97068_Normal.graphml (Nodes: 13, Edges: 17)
     [+] Wrote enriched_session_97037_Normal.graphml (Nodes: 13, Edges: 17)
     [+] Wrote enriched_session_97077_Normal.graphml (Nodes: 13, Edges: 17)
     [+] Wrote enriched_session_97061_Normal.graphml (Nodes: 13, Edges: 17)
     [+] Wrote enriched_session_97042_Normal.graphml (Nodes: 13, Edges: 17)
     [+] Wrote enriched_session_97046_Normal.graphml (Nodes: 13, Edges: 17)
     [+] Wrote enriched_session_97083_Normal.graphml (Nodes: 13, Edges: 17)
     [+] Wrote enriched_session_97066_Normal.graphml (Nodes: 13, Edges: 17)
     [+] Wrote enriched_session_97048_Normal.graphml (Nodes: 13, Edges: 17)
     [+] Wrote enriched_session_97039_Normal.graphml (Nodes: 13, Edges: 17)
     [+] Wrote enriched_session_97022_Normal.graphml (Nodes: 13, Edges: 17)
     [+] Wrote enriched_session_97079_Normal.graphml (Nodes: 13, Edges: 17)
     [+] Wrote enriched_session_97065_Normal.graphml (Nodes: 13, Edges: 17)
     [+] Wrote enriched_session_97070_Normal.graphml (Nodes: 13, Edges: 17)
     [+] Wrote enriched_session_97081_Normal.graphml (Nodes: 13, Edges: 17)
     [+] Wrote enriched_session_97080_Normal.graphml (Nodes: 13, Edges: 17)
     [+] Wrote enriched_session_97043_Normal.graphml (Nodes: 13, Edges: 17)
     [+] Wrote enriched_session_97026_Normal.graphml (Nodes: 13, Edges: 17)
     [+] Wrote enriched_session_97021_Normal.graphml (Nodes: 13, Edges: 17)
     [+] Wrote enriched_session_97067_Normal.graphml (Nodes: 13, Edges: 17)
     [+] Wrote enriched_session_97040_Normal.graphml (Nodes: 13, Edges: 17)
     [+] Wrote enriched_session_97055_Normal.graphml (Nodes: 13, Edges: 17)
     [+] Wrote enriched_session_97069_Normal.graphml (Nodes: 13, Edges: 17)
     [+] Wrote enriched_session_97060_Normal.graphml (Nodes: 13, Edges: 17)
     [+] Wrote enriched_session_97074_Normal.graphml (Nodes: 13, Edges: 17)
     [+] Wrote enriched_session_97032_Normal.graphml (Nodes: 13, Edges: 17)
     [+] Wrote enriched_session_97078_Normal.graphml (Nodes: 13, Edges: 17)
     [+] Wrote enriched_session_97024_Normal.graphml (Nodes: 13, Edges: 17)
     [+] Wrote enriched_session_97073_Normal.graphml (Nodes: 13, Edges: 17)
     [+] Wrote enriched_session_97019_Normal.graphml (Nodes: 13, Edges: 17)
     [+] Wrote enriched_session_97036_Normal.graphml (Nodes: 13, Edges: 17)
     [+] Wrote enriched_session_97062_Normal.graphml (Nodes: 13, Edges: 17)
     [+] Wrote enriched_session_97075_Normal.graphml (Nodes: 13, Edges: 17)
     [+] Wrote enriched_session_97044_Normal.graphml (Nodes: 13, Edges: 17)
     [+] Wrote enriched_session_97082_Normal.graphml (Nodes: 13, Edges: 17)
     [+] Wrote enriched_session_97049_Normal.graphml (Nodes: 13, Edges: 17)
     [+] Wrote enriched_session_97076_Normal.graphml (Nodes: 13, Edges: 17)
     [+] Wrote enriched_session_97084_Normal.graphml (Nodes: 13, Edges: 17)
     [+] Wrote enriched_session_97086_Data_Exfiltration.graphml (Nodes: 4, Edges: 3)
     [+] Wrote enriched_session_97087_Data_Exfiltration.graphml (Nodes: 4, Edges: 3)
     [+] Wrote enriched_session_97095_Data_Exfiltration.graphml (Nodes: 4, Edges: 3)
     [+] Wrote enriched_session_97097_Data_Exfiltration.graphml (Nodes: 4, Edges: 3)
     [+] Wrote enriched_session_97100_Data_Exfiltration.graphml (Nodes: 4, Edges: 4)
     [+] Wrote enriched_session_97101_Data_Exfiltration.graphml (Nodes: 4, Edges: 4)
     [+] Wrote enriched_session_97103_Data_Exfiltration.graphml (Nodes: 2, Edges: 1)
     [+] Wrote enriched_session_97102_Data_Exfiltration.graphml (Nodes: 4, Edges: 4)
     [+] Wrote enriched_session_97105_Data_Exfiltration.graphml (Nodes: 3, Edges: 2)
     [+] Wrote enriched_session_97114_Unauthorized_DB_Read.graphml (Nodes: 4, Edges: 4)
     [+] Wrote enriched_session_97116_Unauthorized_DB_Read.graphml (Nodes: 4, Edges: 4)
     [+] Wrote enriched_session_97115_Unauthorized_DB_Read.graphml (Nodes: 4, Edges: 4)
     [+] Wrote enriched_session_97117_Data_Exfiltration.graphml (Nodes: 24, Edges: 22)
     [+] Wrote enriched_session_97130_Data_Exfiltration.graphml (Nodes: 53, Edges: 57)
     [+] Wrote enriched_session_97148_Data_Exfiltration.graphml (Nodes: 12, Edges: 10)
     [+] Wrote enriched_session_97149_Data_Exfiltration.graphml (Nodes: 35, Edges: 38)
     [+] Wrote enriched_session_97165_Data_Exfiltration.graphml (Nodes: 22, Edges: 22)
     [+] Wrote enriched_session_97180_Data_Exfiltration.graphml (Nodes: 22, Edges: 22)
     [+] Wrote enriched_session_97195_Data_Exfiltration.graphml (Nodes: 26, Edges: 30)
     [+] Wrote enriched_session_97212_Data_Exfiltration.graphml (Nodes: 26, Edges: 30)
     [+] Wrote enriched_session_97229_Data_Exfiltration.graphml (Nodes: 26, Edges: 30)
     [+] Wrote enriched_session_97246_Data_Exfiltration.graphml (Nodes: 26, Edges: 30)
     [+] Wrote enriched_session_97263_Data_Exfiltration.graphml (Nodes: 19, Edges: 17)
     [+] Wrote enriched_session_97277_Data_Exfiltration.graphml (Nodes: 19, Edges: 18)
     [+] Wrote enriched_session_97291_Data_Exfiltration.graphml (Nodes: 19, Edges: 18)
     [+] Wrote enriched_session_97305_Data_Exfiltration.graphml (Nodes: 19, Edges: 18)
     [+] Wrote enriched_session_97319_Data_Exfiltration.graphml (Nodes: 22, Edges: 23)
     [+] Wrote enriched_session_97334_Data_Exfiltration.graphml (Nodes: 22, Edges: 23)
     [+] Wrote enriched_session_97349_Data_Exfiltration.graphml (Nodes: 62, Edges: 66)
     [+] Wrote enriched_session_97365_Data_Exfiltration.graphml (Nodes: 36, Edges: 39)
     [+] Wrote enriched_session_97381_Data_Exfiltration.graphml (Nodes: 23, Edges: 23)
     [+] Wrote enriched_session_97396_Data_Exfiltration.graphml (Nodes: 23, Edges: 23)
     [+] Wrote enriched_session_97411_Data_Exfiltration.graphml (Nodes: 61, Edges: 64)
     [+] Wrote enriched_session_97427_Data_Exfiltration.graphml (Nodes: 35, Edges: 38)
     [+] Wrote enriched_session_97443_Data_Exfiltration.graphml (Nodes: 127, Edges: 127)
     [+] Wrote enriched_session_97458_Data_Exfiltration.graphml (Nodes: 62, Edges: 68)
     [+] Wrote enriched_session_97475_Data_Exfiltration.graphml (Nodes: 62, Edges: 68)
     [+] Wrote enriched_session_97489_Normal.graphml (Nodes: 18, Edges: 17)
     [+] Wrote enriched_session_97492_Normal.graphml (Nodes: 13, Edges: 11)
     [+] Wrote enriched_session_97496_Normal.graphml (Nodes: 59, Edges: 60)
     [+] Wrote enriched_session_97504_Normal.graphml (Nodes: 72, Edges: 73)
     [+] Wrote enriched_session_97536_OS_Privilege_Escalation.graphml (Nodes: 21, Edges: 21)
     [+] Wrote enriched_session_97551_OS_Privilege_Escalation.graphml (Nodes: 21, Edges: 21)
     [+] Wrote enriched_session_97566_OS_Privilege_Escalation.graphml (Nodes: 20, Edges: 20)
     [+] Wrote enriched_session_97594_OS_Privilege_Escalation.graphml (Nodes: 29, Edges: 35)
     [+] Wrote enriched_session_97624_OS_Privilege_Escalation.graphml (Nodes: 61, Edges: 65)
     [+] Wrote enriched_session_97640_OS_Privilege_Escalation.graphml (Nodes: 13, Edges: 11)
     [+] Wrote enriched_session_97642_OS_Privilege_Escalation.graphml (Nodes: 13, Edges: 11)
     [+] Wrote enriched_session_97644_OS_Privilege_Escalation.graphml (Nodes: 18, Edges: 17)
     [+] Wrote enriched_session_97657_OS_Privilege_Escalation.graphml (Nodes: 24, Edges: 25)
     [+] Wrote enriched_session_97673_OS_Privilege_Escalation.graphml (Nodes: 18, Edges: 16)
     [+] Wrote enriched_session_97686_SQL_Injection.graphml (Nodes: 13, Edges: 11)
     [+] Wrote enriched_session_97699_SQL_Injection.graphml (Nodes: 13, Edges: 11)

==================================================
Starting End-to-End Pipeline for: dataset_dev_run_55
==================================================
[1/3] Running Algorithm 1 (SAC)
  wrote dataset_dev_run_55_event_table.json  (2299 events, 26119 read total)
  wrote dataset_dev_run_55_session_correlation.csv  (2299 correlated pairs)
[2/3] Running Algorithm 2 (Graph Construction)
     => Generated 107 base session graphs natively in RAM
[3/3] Running Algorithm 3 (Behavior Abstraction & Serialization)
     [+] Wrote enriched_session_98034_Data_Exfiltration.graphml (Nodes: 4, Edges: 3)
     [+] Wrote enriched_session_98039_Data_Exfiltration.graphml (Nodes: 4, Edges: 3)
     [+] Wrote enriched_session_98040_Data_Exfiltration.graphml (Nodes: 9, Edges: 9)
     [+] Wrote enriched_session_98042_Sabotage.graphml (Nodes: 3, Edges: 2)
     [+] Wrote enriched_session_98097_Normal.graphml (Nodes: 13, Edges: 17)
     [+] Wrote enriched_session_98072_Normal.graphml (Nodes: 13, Edges: 17)
     [+] Wrote enriched_session_98070_Normal.graphml (Nodes: 13, Edges: 17)
     [+] Wrote enriched_session_98051_Normal.graphml (Nodes: 13, Edges: 17)
     [+] Wrote enriched_session_98098_Normal.graphml (Nodes: 13, Edges: 17)
     [+] Wrote enriched_session_98082_Normal.graphml (Nodes: 13, Edges: 17)
     [+] Wrote enriched_session_98099_Normal.graphml (Nodes: 13, Edges: 17)
     [+] Wrote enriched_session_98065_Normal.graphml (Nodes: 13, Edges: 17)
     [+] Wrote enriched_session_98081_Normal.graphml (Nodes: 13, Edges: 17)
     [+] Wrote enriched_session_98052_Normal.graphml (Nodes: 13, Edges: 17)
     [+] Wrote enriched_session_98102_Normal.graphml (Nodes: 13, Edges: 17)
     [+] Wrote enriched_session_98095_Normal.graphml (Nodes: 13, Edges: 17)
     [+] Wrote enriched_session_98101_Normal.graphml (Nodes: 13, Edges: 17)
     [+] Wrote enriched_session_98078_Normal.graphml (Nodes: 13, Edges: 17)
     [+] Wrote enriched_session_98064_Normal.graphml (Nodes: 13, Edges: 17)
     [+] Wrote enriched_session_98060_Normal.graphml (Nodes: 13, Edges: 17)
     [+] Wrote enriched_session_98075_Normal.graphml (Nodes: 13, Edges: 17)
     [+] Wrote enriched_session_98056_Normal.graphml (Nodes: 13, Edges: 17)
     [+] Wrote enriched_session_98087_Normal.graphml (Nodes: 13, Edges: 17)
     [+] Wrote enriched_session_98093_Normal.graphml (Nodes: 13, Edges: 17)
     [+] Wrote enriched_session_98069_Normal.graphml (Nodes: 13, Edges: 17)
     [+] Wrote enriched_session_98053_Normal.graphml (Nodes: 13, Edges: 17)
     [+] Wrote enriched_session_98062_Normal.graphml (Nodes: 13, Edges: 17)
     [+] Wrote enriched_session_98057_Normal.graphml (Nodes: 13, Edges: 17)
     [+] Wrote enriched_session_98073_Normal.graphml (Nodes: 13, Edges: 17)
     [+] Wrote enriched_session_98077_Normal.graphml (Nodes: 13, Edges: 17)
     [+] Wrote enriched_session_98106_Normal.graphml (Nodes: 13, Edges: 17)
     [+] Wrote enriched_session_98080_Normal.graphml (Nodes: 13, Edges: 17)
     [+] Wrote enriched_session_98091_Normal.graphml (Nodes: 13, Edges: 17)
     [+] Wrote enriched_session_98074_Normal.graphml (Nodes: 13, Edges: 17)
     [+] Wrote enriched_session_98094_Normal.graphml (Nodes: 13, Edges: 17)
     [+] Wrote enriched_session_98089_Normal.graphml (Nodes: 13, Edges: 17)
     [+] Wrote enriched_session_98066_Normal.graphml (Nodes: 13, Edges: 17)
     [+] Wrote enriched_session_98088_Normal.graphml (Nodes: 13, Edges: 17)
     [+] Wrote enriched_session_98104_Normal.graphml (Nodes: 13, Edges: 17)
     [+] Wrote enriched_session_98083_Normal.graphml (Nodes: 13, Edges: 17)
     [+] Wrote enriched_session_98107_Normal.graphml (Nodes: 13, Edges: 17)
     [+] Wrote enriched_session_98092_Normal.graphml (Nodes: 13, Edges: 17)
     [+] Wrote enriched_session_98071_Normal.graphml (Nodes: 13, Edges: 17)
     [+] Wrote enriched_session_98103_Normal.graphml (Nodes: 13, Edges: 17)
     [+] Wrote enriched_session_98084_Normal.graphml (Nodes: 13, Edges: 17)
     [+] Wrote enriched_session_98096_Normal.graphml (Nodes: 13, Edges: 17)
     [+] Wrote enriched_session_98076_Normal.graphml (Nodes: 13, Edges: 17)
     [+] Wrote enriched_session_98079_Normal.graphml (Nodes: 13, Edges: 17)
     [+] Wrote enriched_session_98100_Normal.graphml (Nodes: 13, Edges: 17)
     [+] Wrote enriched_session_98085_Normal.graphml (Nodes: 13, Edges: 17)
     [+] Wrote enriched_session_98055_Normal.graphml (Nodes: 13, Edges: 17)
     [+] Wrote enriched_session_98090_Normal.graphml (Nodes: 13, Edges: 17)
     [+] Wrote enriched_session_98105_Normal.graphml (Nodes: 13, Edges: 17)
     [+] Wrote enriched_session_98086_Normal.graphml (Nodes: 13, Edges: 17)
     [+] Wrote enriched_session_98108_Data_Exfiltration.graphml (Nodes: 4, Edges: 3)
     [+] Wrote enriched_session_98109_Data_Exfiltration.graphml (Nodes: 4, Edges: 3)
     [+] Wrote enriched_session_98118_Data_Exfiltration.graphml (Nodes: 4, Edges: 3)
     [+] Wrote enriched_session_98120_Data_Exfiltration.graphml (Nodes: 4, Edges: 3)
     [+] Wrote enriched_session_98123_Data_Exfiltration.graphml (Nodes: 4, Edges: 4)
     [+] Wrote enriched_session_98124_Data_Exfiltration.graphml (Nodes: 4, Edges: 4)
     [+] Wrote enriched_session_98125_Data_Exfiltration.graphml (Nodes: 4, Edges: 4)
     [+] Wrote enriched_session_98126_Data_Exfiltration.graphml (Nodes: 2, Edges: 1)
     [+] Wrote enriched_session_98135_Data_Exfiltration.graphml (Nodes: 3, Edges: 2)
     [+] Wrote enriched_session_98137_Unauthorized_DB_Read.graphml (Nodes: 4, Edges: 4)
     [+] Wrote enriched_session_98139_Unauthorized_DB_Read.graphml (Nodes: 4, Edges: 4)
     [+] Wrote enriched_session_98138_Unauthorized_DB_Read.graphml (Nodes: 4, Edges: 4)
     [+] Wrote enriched_session_98140_Data_Exfiltration.graphml (Nodes: 25, Edges: 23)
     [+] Wrote enriched_session_98153_Data_Exfiltration.graphml (Nodes: 53, Edges: 57)
     [+] Wrote enriched_session_98171_Data_Exfiltration.graphml (Nodes: 12, Edges: 10)
     [+] Wrote enriched_session_98172_Data_Exfiltration.graphml (Nodes: 35, Edges: 38)
     [+] Wrote enriched_session_98188_Data_Exfiltration.graphml (Nodes: 22, Edges: 22)
     [+] Wrote enriched_session_98203_Data_Exfiltration.graphml (Nodes: 22, Edges: 22)
     [+] Wrote enriched_session_98218_Data_Exfiltration.graphml (Nodes: 26, Edges: 30)
     [+] Wrote enriched_session_98235_Data_Exfiltration.graphml (Nodes: 26, Edges: 30)
     [+] Wrote enriched_session_98252_Data_Exfiltration.graphml (Nodes: 26, Edges: 31)
     [+] Wrote enriched_session_98269_Data_Exfiltration.graphml (Nodes: 26, Edges: 31)
     [+] Wrote enriched_session_98286_Data_Exfiltration.graphml (Nodes: 19, Edges: 18)
     [+] Wrote enriched_session_98300_Data_Exfiltration.graphml (Nodes: 19, Edges: 18)
     [+] Wrote enriched_session_98314_Data_Exfiltration.graphml (Nodes: 19, Edges: 18)
     [+] Wrote enriched_session_98328_Data_Exfiltration.graphml (Nodes: 19, Edges: 18)
     [+] Wrote enriched_session_98342_Data_Exfiltration.graphml (Nodes: 22, Edges: 22)
     [+] Wrote enriched_session_98357_Data_Exfiltration.graphml (Nodes: 22, Edges: 22)
     [+] Wrote enriched_session_98372_Data_Exfiltration.graphml (Nodes: 62, Edges: 65)
     [+] Wrote enriched_session_98388_Data_Exfiltration.graphml (Nodes: 36, Edges: 39)
     [+] Wrote enriched_session_98404_Data_Exfiltration.graphml (Nodes: 23, Edges: 23)
     [+] Wrote enriched_session_98419_Data_Exfiltration.graphml (Nodes: 23, Edges: 23)
     [+] Wrote enriched_session_98434_Data_Exfiltration.graphml (Nodes: 61, Edges: 64)
     [+] Wrote enriched_session_98450_Data_Exfiltration.graphml (Nodes: 35, Edges: 39)
     [+] Wrote enriched_session_98466_Data_Exfiltration.graphml (Nodes: 127, Edges: 128)
     [+] Wrote enriched_session_98481_Data_Exfiltration.graphml (Nodes: 62, Edges: 68)
     [+] Wrote enriched_session_98498_Data_Exfiltration.graphml (Nodes: 62, Edges: 68)
     [+] Wrote enriched_session_98512_Normal.graphml (Nodes: 18, Edges: 17)
     [+] Wrote enriched_session_98515_Normal.graphml (Nodes: 13, Edges: 11)
     [+] Wrote enriched_session_98518_Normal.graphml (Nodes: 59, Edges: 59)
     [+] Wrote enriched_session_98526_Normal.graphml (Nodes: 72, Edges: 73)
     [+] Wrote enriched_session_98558_OS_Privilege_Escalation.graphml (Nodes: 21, Edges: 21)
     [+] Wrote enriched_session_98573_OS_Privilege_Escalation.graphml (Nodes: 21, Edges: 21)
     [+] Wrote enriched_session_98588_OS_Privilege_Escalation.graphml (Nodes: 20, Edges: 20)
     [+] Wrote enriched_session_98616_OS_Privilege_Escalation.graphml (Nodes: 29, Edges: 36)
     [+] Wrote enriched_session_98646_OS_Privilege_Escalation.graphml (Nodes: 61, Edges: 66)
     [+] Wrote enriched_session_98662_OS_Privilege_Escalation.graphml (Nodes: 13, Edges: 11)
     [+] Wrote enriched_session_98664_OS_Privilege_Escalation.graphml (Nodes: 13, Edges: 11)
     [+] Wrote enriched_session_98666_OS_Privilege_Escalation.graphml (Nodes: 18, Edges: 17)
     [+] Wrote enriched_session_98679_SQL_Injection.graphml (Nodes: 22, Edges: 22)
     [+] Wrote enriched_session_98695_SQL_Injection.graphml (Nodes: 18, Edges: 16)
     [+] Wrote enriched_session_98708_SQL_Injection.graphml (Nodes: 13, Edges: 11)
     [+] Wrote enriched_session_98721_SQL_Injection.graphml (Nodes: 13, Edges: 11)

==================================================
Starting End-to-End Pipeline for: dataset_dev_run_56
==================================================
[1/3] Running Algorithm 1 (SAC)
  wrote dataset_dev_run_56_event_table.json  (2383 events, 28816 read total)
  wrote dataset_dev_run_56_session_correlation.csv  (2383 correlated pairs)
[2/3] Running Algorithm 2 (Graph Construction)
     => Generated 107 base session graphs natively in RAM
[3/3] Running Algorithm 3 (Behavior Abstraction & Serialization)
     [+] Wrote enriched_session_99038_Normal.graphml (Nodes: 9, Edges: 9)
     [+] Wrote enriched_session_99055_Sabotage.graphml (Nodes: 3, Edges: 2)
     [+] Wrote enriched_session_99056_Normal.graphml (Nodes: 4, Edges: 3)
     [+] Wrote enriched_session_99060_Data_Exfiltration.graphml (Nodes: 4, Edges: 3)
     [+] Wrote enriched_session_99042_Normal.graphml (Nodes: 13, Edges: 17)
     [+] Wrote enriched_session_99046_Normal.graphml (Nodes: 13, Edges: 17)
     [+] Wrote enriched_session_99084_Normal.graphml (Nodes: 13, Edges: 17)
     [+] Wrote enriched_session_99043_Normal.graphml (Nodes: 13, Edges: 17)
     [+] Wrote enriched_session_99108_Normal.graphml (Nodes: 13, Edges: 17)
     [+] Wrote enriched_session_99049_Normal.graphml (Nodes: 13, Edges: 17)
     [+] Wrote enriched_session_99099_Normal.graphml (Nodes: 13, Edges: 17)
     [+] Wrote enriched_session_99050_Normal.graphml (Nodes: 13, Edges: 17)
     [+] Wrote enriched_session_99090_Normal.graphml (Nodes: 13, Edges: 17)
     [+] Wrote enriched_session_99058_Normal.graphml (Nodes: 13, Edges: 17)
     [+] Wrote enriched_session_99096_Normal.graphml (Nodes: 13, Edges: 17)
     [+] Wrote enriched_session_99107_Normal.graphml (Nodes: 13, Edges: 17)
     [+] Wrote enriched_session_99086_Normal.graphml (Nodes: 13, Edges: 17)
     [+] Wrote enriched_session_99076_Normal.graphml (Nodes: 13, Edges: 17)
     [+] Wrote enriched_session_99054_Normal.graphml (Nodes: 13, Edges: 17)
     [+] Wrote enriched_session_99063_Normal.graphml (Nodes: 13, Edges: 17)
     [+] Wrote enriched_session_99097_Normal.graphml (Nodes: 13, Edges: 17)
     [+] Wrote enriched_session_99105_Normal.graphml (Nodes: 13, Edges: 17)
     [+] Wrote enriched_session_99068_Normal.graphml (Nodes: 13, Edges: 17)
     [+] Wrote enriched_session_99057_Normal.graphml (Nodes: 13, Edges: 17)
     [+] Wrote enriched_session_99059_Normal.graphml (Nodes: 13, Edges: 17)
     [+] Wrote enriched_session_99062_Normal.graphml (Nodes: 13, Edges: 17)
     [+] Wrote enriched_session_99070_Normal.graphml (Nodes: 13, Edges: 17)
     [+] Wrote enriched_session_99080_Normal.graphml (Nodes: 13, Edges: 17)
     [+] Wrote enriched_session_99061_Normal.graphml (Nodes: 13, Edges: 17)
     [+] Wrote enriched_session_99104_Normal.graphml (Nodes: 13, Edges: 17)
     [+] Wrote enriched_session_99088_Normal.graphml (Nodes: 13, Edges: 17)
     [+] Wrote enriched_session_99047_Normal.graphml (Nodes: 13, Edges: 17)
     [+] Wrote enriched_session_99078_Normal.graphml (Nodes: 13, Edges: 17)
     [+] Wrote enriched_session_99045_Normal.graphml (Nodes: 13, Edges: 17)
     [+] Wrote enriched_session_99051_Normal.graphml (Nodes: 13, Edges: 17)
     [+] Wrote enriched_session_99087_Normal.graphml (Nodes: 13, Edges: 17)
     [+] Wrote enriched_session_99072_Normal.graphml (Nodes: 13, Edges: 17)
     [+] Wrote enriched_session_99110_Normal.graphml (Nodes: 13, Edges: 17)
     [+] Wrote enriched_session_99044_Normal.graphml (Nodes: 13, Edges: 17)
     [+] Wrote enriched_session_99106_Normal.graphml (Nodes: 13, Edges: 17)
     [+] Wrote enriched_session_99053_Normal.graphml (Nodes: 13, Edges: 17)
     [+] Wrote enriched_session_99083_Normal.graphml (Nodes: 13, Edges: 17)
     [+] Wrote enriched_session_99071_Normal.graphml (Nodes: 13, Edges: 17)
     [+] Wrote enriched_session_99093_Normal.graphml (Nodes: 13, Edges: 17)
     [+] Wrote enriched_session_99075_Normal.graphml (Nodes: 13, Edges: 17)
     [+] Wrote enriched_session_99074_Normal.graphml (Nodes: 13, Edges: 17)
     [+] Wrote enriched_session_99098_Normal.graphml (Nodes: 13, Edges: 17)
     [+] Wrote enriched_session_99067_Normal.graphml (Nodes: 13, Edges: 17)
     [+] Wrote enriched_session_99101_Normal.graphml (Nodes: 13, Edges: 17)
     [+] Wrote enriched_session_99095_Normal.graphml (Nodes: 13, Edges: 17)
     [+] Wrote enriched_session_99048_Normal.graphml (Nodes: 13, Edges: 17)
     [+] Wrote enriched_session_99052_Normal.graphml (Nodes: 13, Edges: 17)
     [+] Wrote enriched_session_99109_Normal.graphml (Nodes: 13, Edges: 17)
     [+] Wrote enriched_session_99111_Normal.graphml (Nodes: 13, Edges: 17)
     [+] Wrote enriched_session_99112_Normal.graphml (Nodes: 4, Edges: 3)
     [+] Wrote enriched_session_99116_Normal.graphml (Nodes: 4, Edges: 3)
     [+] Wrote enriched_session_99122_Normal.graphml (Nodes: 4, Edges: 3)
     [+] Wrote enriched_session_99124_Normal.graphml (Nodes: 4, Edges: 3)
     [+] Wrote enriched_session_99127_Normal.graphml (Nodes: 4, Edges: 4)
     [+] Wrote enriched_session_99128_Normal.graphml (Nodes: 4, Edges: 4)
     [+] Wrote enriched_session_99129_Normal.graphml (Nodes: 4, Edges: 4)
     [+] Wrote enriched_session_99130_Normal.graphml (Nodes: 2, Edges: 1)
     [+] Wrote enriched_session_99132_Normal.graphml (Nodes: 3, Edges: 2)
     [+] Wrote enriched_session_99141_Normal.graphml (Nodes: 25, Edges: 23)
     [+] Wrote enriched_session_99142_Unauthorized_DB_Read.graphml (Nodes: 10, Edges: 9)
     [+] Wrote enriched_session_99145_Unauthorized_DB_Read.graphml (Nodes: 19, Edges: 18)
     [+] Wrote enriched_session_99146_Unauthorized_DB_Read.graphml (Nodes: 19, Edges: 18)
     [+] Wrote enriched_session_99147_Data_Exfiltration.graphml (Nodes: 12, Edges: 10)
     [+] Wrote enriched_session_99160_Data_Exfiltration.graphml (Nodes: 61, Edges: 65)
     [+] Wrote enriched_session_99176_Data_Exfiltration.graphml (Nodes: 35, Edges: 38)
     [+] Wrote enriched_session_99192_Data_Exfiltration.graphml (Nodes: 22, Edges: 22)
     [+] Wrote enriched_session_99207_Data_Exfiltration.graphml (Nodes: 22, Edges: 22)
     [+] Wrote enriched_session_99222_Data_Exfiltration.graphml (Nodes: 26, Edges: 30)
     [+] Wrote enriched_session_99239_Data_Exfiltration.graphml (Nodes: 26, Edges: 30)
     [+] Wrote enriched_session_99256_Data_Exfiltration.graphml (Nodes: 26, Edges: 30)
     [+] Wrote enriched_session_99273_Data_Exfiltration.graphml (Nodes: 26, Edges: 31)
     [+] Wrote enriched_session_99290_Data_Exfiltration.graphml (Nodes: 19, Edges: 18)
     [+] Wrote enriched_session_99304_Data_Exfiltration.graphml (Nodes: 19, Edges: 18)
     [+] Wrote enriched_session_99318_Data_Exfiltration.graphml (Nodes: 19, Edges: 18)
     [+] Wrote enriched_session_99332_Data_Exfiltration.graphml (Nodes: 19, Edges: 18)
     [+] Wrote enriched_session_99346_Data_Exfiltration.graphml (Nodes: 22, Edges: 23)
     [+] Wrote enriched_session_99361_Data_Exfiltration.graphml (Nodes: 22, Edges: 23)
     [+] Wrote enriched_session_99376_Data_Exfiltration.graphml (Nodes: 62, Edges: 65)
     [+] Wrote enriched_session_99392_Data_Exfiltration.graphml (Nodes: 36, Edges: 39)
     [+] Wrote enriched_session_99408_Data_Exfiltration.graphml (Nodes: 23, Edges: 23)
     [+] Wrote enriched_session_99423_Data_Exfiltration.graphml (Nodes: 23, Edges: 23)
     [+] Wrote enriched_session_99438_Data_Exfiltration.graphml (Nodes: 61, Edges: 64)
     [+] Wrote enriched_session_99454_Data_Exfiltration.graphml (Nodes: 35, Edges: 38)
     [+] Wrote enriched_session_99470_Data_Exfiltration.graphml (Nodes: 127, Edges: 128)
     [+] Wrote enriched_session_99485_Data_Exfiltration.graphml (Nodes: 62, Edges: 68)
     [+] Wrote enriched_session_99502_Data_Exfiltration.graphml (Nodes: 62, Edges: 68)
     [+] Wrote enriched_session_99516_Normal.graphml (Nodes: 24, Edges: 23)
     [+] Wrote enriched_session_99519_Normal.graphml (Nodes: 13, Edges: 11)
     [+] Wrote enriched_session_99542_Normal.graphml (Nodes: 59, Edges: 59)
     [+] Wrote enriched_session_99550_Normal.graphml (Nodes: 72, Edges: 73)
     [+] Wrote enriched_session_99583_OS_Privilege_Escalation.graphml (Nodes: 21, Edges: 21)
     [+] Wrote enriched_session_99598_OS_Privilege_Escalation.graphml (Nodes: 21, Edges: 21)
     [+] Wrote enriched_session_99613_OS_Privilege_Escalation.graphml (Nodes: 20, Edges: 20)
     [+] Wrote enriched_session_99641_OS_Privilege_Escalation.graphml (Nodes: 29, Edges: 36)
     [+] Wrote enriched_session_99671_OS_Privilege_Escalation.graphml (Nodes: 61, Edges: 66)
     [+] Wrote enriched_session_99687_OS_Privilege_Escalation.graphml (Nodes: 13, Edges: 11)
     [+] Wrote enriched_session_99689_OS_Privilege_Escalation.graphml (Nodes: 13, Edges: 11)
     [+] Wrote enriched_session_99691_OS_Privilege_Escalation.graphml (Nodes: 18, Edges: 17)
     [+] Wrote enriched_session_99704_OS_Privilege_Escalation.graphml (Nodes: 24, Edges: 25)
     [+] Wrote enriched_session_99720_SQL_Injection.graphml (Nodes: 18, Edges: 16)
     [+] Wrote enriched_session_99733_SQL_Injection.graphml (Nodes: 13, Edges: 11)
     [+] Wrote enriched_session_99746_SQL_Injection.graphml (Nodes: 13, Edges: 11)

==================================================
Starting End-to-End Pipeline for: dataset_dev_run_6
==================================================
[1/3] Running Algorithm 1 (SAC)
  wrote dataset_dev_run_6_event_table.json  (2301 events, 47026 read total)
  wrote dataset_dev_run_6_session_correlation.csv  (2301 correlated pairs)
[2/3] Running Algorithm 2 (Graph Construction)
     => Generated 107 base session graphs natively in RAM
[3/3] Running Algorithm 3 (Behavior Abstraction & Serialization)
     [+] Wrote enriched_session_47715_Normal.graphml (Nodes: 9, Edges: 9)
     [+] Wrote enriched_session_47716_Normal.graphml (Nodes: 4, Edges: 3)
     [+] Wrote enriched_session_47734_Sabotage.graphml (Nodes: 3, Edges: 2)
     [+] Wrote enriched_session_47740_Data_Exfiltration.graphml (Nodes: 4, Edges: 3)
     [+] Wrote enriched_session_47726_Normal.graphml (Nodes: 13, Edges: 17)
     [+] Wrote enriched_session_47724_Normal.graphml (Nodes: 13, Edges: 17)
     [+] Wrote enriched_session_47731_Normal.graphml (Nodes: 13, Edges: 17)
     [+] Wrote enriched_session_47722_Normal.graphml (Nodes: 13, Edges: 17)
     [+] Wrote enriched_session_47723_Normal.graphml (Nodes: 13, Edges: 17)
     [+] Wrote enriched_session_47765_Normal.graphml (Nodes: 13, Edges: 17)
     [+] Wrote enriched_session_47727_Normal.graphml (Nodes: 13, Edges: 17)
     [+] Wrote enriched_session_47745_Normal.graphml (Nodes: 13, Edges: 17)
     [+] Wrote enriched_session_47758_Normal.graphml (Nodes: 13, Edges: 17)
     [+] Wrote enriched_session_47753_Normal.graphml (Nodes: 13, Edges: 17)
     [+] Wrote enriched_session_47759_Normal.graphml (Nodes: 13, Edges: 17)
     [+] Wrote enriched_session_47739_Normal.graphml (Nodes: 13, Edges: 17)
     [+] Wrote enriched_session_47769_Normal.graphml (Nodes: 13, Edges: 17)
     [+] Wrote enriched_session_47760_Normal.graphml (Nodes: 13, Edges: 17)
     [+] Wrote enriched_session_47736_Normal.graphml (Nodes: 13, Edges: 17)
     [+] Wrote enriched_session_47786_Normal.graphml (Nodes: 13, Edges: 17)
     [+] Wrote enriched_session_47735_Normal.graphml (Nodes: 13, Edges: 17)
     [+] Wrote enriched_session_47788_Normal.graphml (Nodes: 13, Edges: 17)
     [+] Wrote enriched_session_47773_Normal.graphml (Nodes: 13, Edges: 17)
     [+] Wrote enriched_session_47732_Normal.graphml (Nodes: 13, Edges: 17)
     [+] Wrote enriched_session_47737_Normal.graphml (Nodes: 13, Edges: 17)
     [+] Wrote enriched_session_47742_Normal.graphml (Nodes: 13, Edges: 17)
     [+] Wrote enriched_session_47729_Normal.graphml (Nodes: 13, Edges: 17)
     [+] Wrote enriched_session_47751_Normal.graphml (Nodes: 13, Edges: 17)
     [+] Wrote enriched_session_47730_Normal.graphml (Nodes: 13, Edges: 17)
     [+] Wrote enriched_session_47738_Normal.graphml (Nodes: 13, Edges: 17)
     [+] Wrote enriched_session_47781_Normal.graphml (Nodes: 13, Edges: 17)
     [+] Wrote enriched_session_47750_Normal.graphml (Nodes: 13, Edges: 17)
     [+] Wrote enriched_session_47748_Normal.graphml (Nodes: 13, Edges: 17)
     [+] Wrote enriched_session_47761_Normal.graphml (Nodes: 13, Edges: 17)
     [+] Wrote enriched_session_47766_Normal.graphml (Nodes: 13, Edges: 17)
     [+] Wrote enriched_session_47763_Normal.graphml (Nodes: 13, Edges: 17)
     [+] Wrote enriched_session_47728_Normal.graphml (Nodes: 13, Edges: 17)
     [+] Wrote enriched_session_47784_Normal.graphml (Nodes: 13, Edges: 17)
     [+] Wrote enriched_session_47777_Normal.graphml (Nodes: 13, Edges: 17)
     [+] Wrote enriched_session_47774_Normal.graphml (Nodes: 13, Edges: 17)
     [+] Wrote enriched_session_47743_Normal.graphml (Nodes: 13, Edges: 17)
     [+] Wrote enriched_session_47783_Normal.graphml (Nodes: 13, Edges: 17)
     [+] Wrote enriched_session_47775_Normal.graphml (Nodes: 13, Edges: 17)
     [+] Wrote enriched_session_47778_Normal.graphml (Nodes: 13, Edges: 17)
     [+] Wrote enriched_session_47762_Normal.graphml (Nodes: 13, Edges: 17)
     [+] Wrote enriched_session_47782_Normal.graphml (Nodes: 13, Edges: 17)
     [+] Wrote enriched_session_47741_Normal.graphml (Nodes: 13, Edges: 17)
     [+] Wrote enriched_session_47733_Normal.graphml (Nodes: 13, Edges: 17)
     [+] Wrote enriched_session_47785_Normal.graphml (Nodes: 13, Edges: 17)
     [+] Wrote enriched_session_47721_Normal.graphml (Nodes: 13, Edges: 17)
     [+] Wrote enriched_session_47787_Normal.graphml (Nodes: 13, Edges: 17)
     [+] Wrote enriched_session_47725_Normal.graphml (Nodes: 13, Edges: 17)
     [+] Wrote enriched_session_47768_Normal.graphml (Nodes: 13, Edges: 17)
     [+] Wrote enriched_session_47757_Normal.graphml (Nodes: 13, Edges: 17)
     [+] Wrote enriched_session_47818_Data_Exfiltration.graphml (Nodes: 27, Edges: 25)
     [+] Wrote enriched_session_47789_Data_Exfiltration.graphml (Nodes: 4, Edges: 3)
     [+] Wrote enriched_session_47793_Data_Exfiltration.graphml (Nodes: 4, Edges: 3)
     [+] Wrote enriched_session_47799_Data_Exfiltration.graphml (Nodes: 4, Edges: 3)
     [+] Wrote enriched_session_47801_Data_Exfiltration.graphml (Nodes: 4, Edges: 4)
     [+] Wrote enriched_session_47802_Data_Exfiltration.graphml (Nodes: 4, Edges: 4)
     [+] Wrote enriched_session_47803_Data_Exfiltration.graphml (Nodes: 4, Edges: 4)
     [+] Wrote enriched_session_47804_Data_Exfiltration.graphml (Nodes: 4, Edges: 3)
     [+] Wrote enriched_session_47805_Data_Exfiltration.graphml (Nodes: 2, Edges: 1)
     [+] Wrote enriched_session_47810_Data_Exfiltration.graphml (Nodes: 3, Edges: 2)
     [+] Wrote enriched_session_47819_Unauthorized_DB_Read.graphml (Nodes: 4, Edges: 4)
     [+] Wrote enriched_session_47821_Unauthorized_DB_Read.graphml (Nodes: 4, Edges: 4)
     [+] Wrote enriched_session_47820_Unauthorized_DB_Read.graphml (Nodes: 4, Edges: 4)
     [+] Wrote enriched_session_47834_Data_Exfiltration.graphml (Nodes: 53, Edges: 57)
     [+] Wrote enriched_session_47852_Data_Exfiltration.graphml (Nodes: 12, Edges: 10)
     [+] Wrote enriched_session_47853_Data_Exfiltration.graphml (Nodes: 35, Edges: 38)
     [+] Wrote enriched_session_47869_Data_Exfiltration.graphml (Nodes: 22, Edges: 22)
     [+] Wrote enriched_session_47884_Data_Exfiltration.graphml (Nodes: 22, Edges: 22)
     [+] Wrote enriched_session_47899_Data_Exfiltration.graphml (Nodes: 26, Edges: 30)
     [+] Wrote enriched_session_47916_Data_Exfiltration.graphml (Nodes: 26, Edges: 30)
     [+] Wrote enriched_session_47933_Data_Exfiltration.graphml (Nodes: 26, Edges: 30)
     [+] Wrote enriched_session_47950_Data_Exfiltration.graphml (Nodes: 26, Edges: 30)
     [+] Wrote enriched_session_47967_Data_Exfiltration.graphml (Nodes: 19, Edges: 18)
     [+] Wrote enriched_session_47981_Data_Exfiltration.graphml (Nodes: 19, Edges: 18)
     [+] Wrote enriched_session_47995_Data_Exfiltration.graphml (Nodes: 19, Edges: 18)
     [+] Wrote enriched_session_48009_Data_Exfiltration.graphml (Nodes: 19, Edges: 18)
     [+] Wrote enriched_session_48023_Data_Exfiltration.graphml (Nodes: 22, Edges: 23)
     [+] Wrote enriched_session_48038_Data_Exfiltration.graphml (Nodes: 22, Edges: 23)
     [+] Wrote enriched_session_48053_Data_Exfiltration.graphml (Nodes: 62, Edges: 66)
     [+] Wrote enriched_session_48069_Data_Exfiltration.graphml (Nodes: 36, Edges: 39)
     [+] Wrote enriched_session_48085_Data_Exfiltration.graphml (Nodes: 23, Edges: 23)
     [+] Wrote enriched_session_48100_Data_Exfiltration.graphml (Nodes: 23, Edges: 23)
     [+] Wrote enriched_session_48115_Data_Exfiltration.graphml (Nodes: 61, Edges: 64)
     [+] Wrote enriched_session_48131_Data_Exfiltration.graphml (Nodes: 35, Edges: 38)
     [+] Wrote enriched_session_48147_Data_Exfiltration.graphml (Nodes: 127, Edges: 127)
     [+] Wrote enriched_session_48162_Data_Exfiltration.graphml (Nodes: 62, Edges: 68)
     [+] Wrote enriched_session_48179_Data_Exfiltration.graphml (Nodes: 62, Edges: 68)
     [+] Wrote enriched_session_48275_Normal.graphml (Nodes: 18, Edges: 17)
     [+] Wrote enriched_session_48278_Normal.graphml (Nodes: 13, Edges: 11)
     [+] Wrote enriched_session_48281_Normal.graphml (Nodes: 59, Edges: 60)
     [+] Wrote enriched_session_48289_Normal.graphml (Nodes: 72, Edges: 74)
     [+] Wrote enriched_session_48321_OS_Privilege_Escalation.graphml (Nodes: 21, Edges: 21)
     [+] Wrote enriched_session_48336_OS_Privilege_Escalation.graphml (Nodes: 21, Edges: 21)
     [+] Wrote enriched_session_48351_OS_Privilege_Escalation.graphml (Nodes: 20, Edges: 20)
     [+] Wrote enriched_session_48379_OS_Privilege_Escalation.graphml (Nodes: 29, Edges: 35)
     [+] Wrote enriched_session_48409_OS_Privilege_Escalation.graphml (Nodes: 61, Edges: 66)
     [+] Wrote enriched_session_48425_OS_Privilege_Escalation.graphml (Nodes: 13, Edges: 11)
     [+] Wrote enriched_session_48427_OS_Privilege_Escalation.graphml (Nodes: 13, Edges: 11)
     [+] Wrote enriched_session_48429_OS_Privilege_Escalation.graphml (Nodes: 18, Edges: 17)
     [+] Wrote enriched_session_48442_OS_Privilege_Escalation.graphml (Nodes: 22, Edges: 23)
     [+] Wrote enriched_session_48458_OS_Privilege_Escalation.graphml (Nodes: 18, Edges: 16)
     [+] Wrote enriched_session_48471_SQL_Injection.graphml (Nodes: 13, Edges: 11)
     [+] Wrote enriched_session_48484_SQL_Injection.graphml (Nodes: 13, Edges: 11)

==================================================
Starting End-to-End Pipeline for: dataset_dev_run_7
==================================================
[1/3] Running Algorithm 1 (SAC)
  wrote dataset_dev_run_7_event_table.json  (2322 events, 31794 read total)
  wrote dataset_dev_run_7_session_correlation.csv  (2322 correlated pairs)
[2/3] Running Algorithm 2 (Graph Construction)
     => Generated 107 base session graphs natively in RAM
[3/3] Running Algorithm 3 (Behavior Abstraction & Serialization)
     [+] Wrote enriched_session_48796_Normal.graphml (Nodes: 4, Edges: 3)
     [+] Wrote enriched_session_48797_Normal.graphml (Nodes: 9, Edges: 9)
     [+] Wrote enriched_session_48799_Data_Exfiltration.graphml (Nodes: 4, Edges: 3)
     [+] Wrote enriched_session_48800_Sabotage.graphml (Nodes: 3, Edges: 2)
     [+] Wrote enriched_session_48808_Normal.graphml (Nodes: 13, Edges: 17)
     [+] Wrote enriched_session_48810_Normal.graphml (Nodes: 13, Edges: 17)
     [+] Wrote enriched_session_48813_Normal.graphml (Nodes: 13, Edges: 17)
     [+] Wrote enriched_session_48809_Normal.graphml (Nodes: 13, Edges: 17)
     [+] Wrote enriched_session_48839_Normal.graphml (Nodes: 13, Edges: 17)
     [+] Wrote enriched_session_48868_Normal.graphml (Nodes: 13, Edges: 17)
     [+] Wrote enriched_session_48812_Normal.graphml (Nodes: 13, Edges: 17)
     [+] Wrote enriched_session_48815_Normal.graphml (Nodes: 13, Edges: 17)
     [+] Wrote enriched_session_48831_Normal.graphml (Nodes: 13, Edges: 17)
     [+] Wrote enriched_session_48824_Normal.graphml (Nodes: 13, Edges: 17)
     [+] Wrote enriched_session_48817_Normal.graphml (Nodes: 13, Edges: 17)
     [+] Wrote enriched_session_48826_Normal.graphml (Nodes: 13, Edges: 17)
     [+] Wrote enriched_session_48838_Normal.graphml (Nodes: 13, Edges: 17)
     [+] Wrote enriched_session_48842_Normal.graphml (Nodes: 13, Edges: 17)
     [+] Wrote enriched_session_48834_Normal.graphml (Nodes: 13, Edges: 17)
     [+] Wrote enriched_session_48846_Normal.graphml (Nodes: 13, Edges: 17)
     [+] Wrote enriched_session_48851_Normal.graphml (Nodes: 13, Edges: 17)
     [+] Wrote enriched_session_48821_Normal.graphml (Nodes: 13, Edges: 17)
     [+] Wrote enriched_session_48847_Normal.graphml (Nodes: 13, Edges: 17)
     [+] Wrote enriched_session_48858_Normal.graphml (Nodes: 13, Edges: 17)
     [+] Wrote enriched_session_48855_Normal.graphml (Nodes: 13, Edges: 17)
     [+] Wrote enriched_session_48843_Normal.graphml (Nodes: 13, Edges: 17)
     [+] Wrote enriched_session_48854_Normal.graphml (Nodes: 13, Edges: 17)
     [+] Wrote enriched_session_48852_Normal.graphml (Nodes: 13, Edges: 17)
     [+] Wrote enriched_session_48867_Normal.graphml (Nodes: 13, Edges: 17)
     [+] Wrote enriched_session_48856_Normal.graphml (Nodes: 13, Edges: 17)
     [+] Wrote enriched_session_48850_Normal.graphml (Nodes: 13, Edges: 17)
     [+] Wrote enriched_session_48861_Normal.graphml (Nodes: 13, Edges: 17)
     [+] Wrote enriched_session_48862_Normal.graphml (Nodes: 13, Edges: 17)
     [+] Wrote enriched_session_48864_Normal.graphml (Nodes: 13, Edges: 17)
     [+] Wrote enriched_session_48865_Normal.graphml (Nodes: 13, Edges: 17)
     [+] Wrote enriched_session_48844_Normal.graphml (Nodes: 13, Edges: 17)
     [+] Wrote enriched_session_48832_Normal.graphml (Nodes: 13, Edges: 17)
     [+] Wrote enriched_session_48840_Normal.graphml (Nodes: 13, Edges: 17)
     [+] Wrote enriched_session_48848_Normal.graphml (Nodes: 13, Edges: 17)
     [+] Wrote enriched_session_48860_Normal.graphml (Nodes: 13, Edges: 17)
     [+] Wrote enriched_session_48863_Normal.graphml (Nodes: 13, Edges: 17)
     [+] Wrote enriched_session_48828_Normal.graphml (Nodes: 13, Edges: 17)
     [+] Wrote enriched_session_48818_Normal.graphml (Nodes: 13, Edges: 17)
     [+] Wrote enriched_session_48857_Normal.graphml (Nodes: 13, Edges: 17)
     [+] Wrote enriched_session_48811_Normal.graphml (Nodes: 13, Edges: 17)
     [+] Wrote enriched_session_48870_Normal.graphml (Nodes: 4, Edges: 3)
     [+] Wrote enriched_session_48807_Normal.graphml (Nodes: 13, Edges: 17)
     [+] Wrote enriched_session_48869_Normal.graphml (Nodes: 13, Edges: 17)
     [+] Wrote enriched_session_48849_Normal.graphml (Nodes: 13, Edges: 17)
     [+] Wrote enriched_session_48835_Normal.graphml (Nodes: 13, Edges: 17)
     [+] Wrote enriched_session_48853_Normal.graphml (Nodes: 13, Edges: 17)
     [+] Wrote enriched_session_48866_Normal.graphml (Nodes: 13, Edges: 17)
     [+] Wrote enriched_session_48841_Normal.graphml (Nodes: 13, Edges: 17)
     [+] Wrote enriched_session_48845_Normal.graphml (Nodes: 13, Edges: 17)
     [+] Wrote enriched_session_48873_Data_Exfiltration.graphml (Nodes: 4, Edges: 3)
     [+] Wrote enriched_session_48859_Normal.graphml (Nodes: 13, Edges: 17)
     [+] Wrote enriched_session_48880_Data_Exfiltration.graphml (Nodes: 4, Edges: 3)
     [+] Wrote enriched_session_48883_Data_Exfiltration.graphml (Nodes: 4, Edges: 4)
     [+] Wrote enriched_session_48884_Data_Exfiltration.graphml (Nodes: 4, Edges: 4)
     [+] Wrote enriched_session_48885_Data_Exfiltration.graphml (Nodes: 4, Edges: 4)
     [+] Wrote enriched_session_48886_Data_Exfiltration.graphml (Nodes: 4, Edges: 3)
     [+] Wrote enriched_session_48888_Data_Exfiltration.graphml (Nodes: 2, Edges: 1)
     [+] Wrote enriched_session_48897_Data_Exfiltration.graphml (Nodes: 3, Edges: 2)
     [+] Wrote enriched_session_48899_Unauthorized_DB_Read.graphml (Nodes: 4, Edges: 4)
     [+] Wrote enriched_session_48900_Unauthorized_DB_Read.graphml (Nodes: 4, Edges: 4)
     [+] Wrote enriched_session_48901_Unauthorized_DB_Read.graphml (Nodes: 4, Edges: 4)
     [+] Wrote enriched_session_48902_Data_Exfiltration.graphml (Nodes: 23, Edges: 21)
     [+] Wrote enriched_session_48915_Data_Exfiltration.graphml (Nodes: 53, Edges: 57)
     [+] Wrote enriched_session_48933_Data_Exfiltration.graphml (Nodes: 12, Edges: 10)
     [+] Wrote enriched_session_48934_Data_Exfiltration.graphml (Nodes: 35, Edges: 38)
     [+] Wrote enriched_session_48950_Data_Exfiltration.graphml (Nodes: 22, Edges: 22)
     [+] Wrote enriched_session_48965_Data_Exfiltration.graphml (Nodes: 22, Edges: 23)
     [+] Wrote enriched_session_48980_Data_Exfiltration.graphml (Nodes: 26, Edges: 30)
     [+] Wrote enriched_session_49002_Data_Exfiltration.graphml (Nodes: 26, Edges: 30)
     [+] Wrote enriched_session_49019_Data_Exfiltration.graphml (Nodes: 26, Edges: 30)
     [+] Wrote enriched_session_49036_Data_Exfiltration.graphml (Nodes: 26, Edges: 30)
     [+] Wrote enriched_session_49053_Data_Exfiltration.graphml (Nodes: 19, Edges: 17)
     [+] Wrote enriched_session_49067_Data_Exfiltration.graphml (Nodes: 19, Edges: 17)
     [+] Wrote enriched_session_49081_Data_Exfiltration.graphml (Nodes: 19, Edges: 17)
     [+] Wrote enriched_session_49095_Data_Exfiltration.graphml (Nodes: 19, Edges: 17)
     [+] Wrote enriched_session_49109_Data_Exfiltration.graphml (Nodes: 22, Edges: 22)
     [+] Wrote enriched_session_49124_Data_Exfiltration.graphml (Nodes: 22, Edges: 22)
     [+] Wrote enriched_session_49139_Data_Exfiltration.graphml (Nodes: 62, Edges: 65)
     [+] Wrote enriched_session_49155_Data_Exfiltration.graphml (Nodes: 36, Edges: 40)
     [+] Wrote enriched_session_49171_Data_Exfiltration.graphml (Nodes: 23, Edges: 24)
     [+] Wrote enriched_session_49186_Data_Exfiltration.graphml (Nodes: 23, Edges: 23)
     [+] Wrote enriched_session_49201_Data_Exfiltration.graphml (Nodes: 61, Edges: 64)
     [+] Wrote enriched_session_49217_Data_Exfiltration.graphml (Nodes: 35, Edges: 38)
     [+] Wrote enriched_session_49233_Data_Exfiltration.graphml (Nodes: 127, Edges: 127)
     [+] Wrote enriched_session_49248_Data_Exfiltration.graphml (Nodes: 62, Edges: 67)
     [+] Wrote enriched_session_49266_Data_Exfiltration.graphml (Nodes: 62, Edges: 67)
     [+] Wrote enriched_session_49298_Normal.graphml (Nodes: 26, Edges: 25)
     [+] Wrote enriched_session_49301_Normal.graphml (Nodes: 13, Edges: 11)
     [+] Wrote enriched_session_49322_Normal.graphml (Nodes: 59, Edges: 59)
     [+] Wrote enriched_session_49356_Normal.graphml (Nodes: 72, Edges: 73)
     [+] Wrote enriched_session_49388_OS_Privilege_Escalation.graphml (Nodes: 21, Edges: 22)
     [+] Wrote enriched_session_49403_OS_Privilege_Escalation.graphml (Nodes: 21, Edges: 22)
     [+] Wrote enriched_session_49418_Attack.graphml (Nodes: 20, Edges: 20)
     [+] Wrote enriched_session_49446_Attack.graphml (Nodes: 29, Edges: 35)
     [+] Wrote enriched_session_49476_Attack.graphml (Nodes: 61, Edges: 65)
     [+] Wrote enriched_session_49492_Attack.graphml (Nodes: 13, Edges: 11)
     [+] Wrote enriched_session_49494_Attack.graphml (Nodes: 13, Edges: 11)
     [+] Wrote enriched_session_49496_Attack.graphml (Nodes: 18, Edges: 17)
     [+] Wrote enriched_session_49509_Attack.graphml (Nodes: 22, Edges: 22)
     [+] Wrote enriched_session_49525_Attack.graphml (Nodes: 18, Edges: 16)
     [+] Wrote enriched_session_49538_Attack.graphml (Nodes: 13, Edges: 11)
     [+] Wrote enriched_session_49551_Attack.graphml (Nodes: 13, Edges: 11)

==================================================
Starting End-to-End Pipeline for: dataset_dev_run_8
==================================================
[1/3] Running Algorithm 1 (SAC)
  wrote dataset_dev_run_8_event_table.json  (2384 events, 28110 read total)
  wrote dataset_dev_run_8_session_correlation.csv  (2384 correlated pairs)
[2/3] Running Algorithm 2 (Graph Construction)
     => Generated 107 base session graphs natively in RAM
[3/3] Running Algorithm 3 (Behavior Abstraction & Serialization)
     [+] Wrote enriched_session_49875_Sabotage.graphml (Nodes: 3, Edges: 2)
     [+] Wrote enriched_session_49876_Data_Exfiltration.graphml (Nodes: 4, Edges: 3)
     [+] Wrote enriched_session_49885_Normal.graphml (Nodes: 9, Edges: 9)
     [+] Wrote enriched_session_49887_Normal.graphml (Nodes: 4, Edges: 3)
     [+] Wrote enriched_session_49947_Normal.graphml (Nodes: 4, Edges: 3)
     [+] Wrote enriched_session_49952_Normal.graphml (Nodes: 4, Edges: 3)
     [+] Wrote enriched_session_49912_Normal.graphml (Nodes: 13, Edges: 17)
     [+] Wrote enriched_session_49902_Normal.graphml (Nodes: 13, Edges: 17)
     [+] Wrote enriched_session_49903_Normal.graphml (Nodes: 13, Edges: 17)
     [+] Wrote enriched_session_49898_Normal.graphml (Nodes: 13, Edges: 17)
     [+] Wrote enriched_session_49914_Normal.graphml (Nodes: 13, Edges: 17)
     [+] Wrote enriched_session_49908_Normal.graphml (Nodes: 13, Edges: 17)
     [+] Wrote enriched_session_49904_Normal.graphml (Nodes: 13, Edges: 17)
     [+] Wrote enriched_session_49929_Normal.graphml (Nodes: 13, Edges: 17)
     [+] Wrote enriched_session_49907_Normal.graphml (Nodes: 13, Edges: 17)
     [+] Wrote enriched_session_49933_Normal.graphml (Nodes: 13, Edges: 17)
     [+] Wrote enriched_session_49897_Normal.graphml (Nodes: 13, Edges: 17)
     [+] Wrote enriched_session_49937_Normal.graphml (Nodes: 13, Edges: 17)
     [+] Wrote enriched_session_49936_Normal.graphml (Nodes: 13, Edges: 17)
     [+] Wrote enriched_session_49909_Normal.graphml (Nodes: 13, Edges: 17)
     [+] Wrote enriched_session_49941_Normal.graphml (Nodes: 13, Edges: 17)
     [+] Wrote enriched_session_49950_Normal.graphml (Nodes: 13, Edges: 17)
     [+] Wrote enriched_session_49900_Normal.graphml (Nodes: 13, Edges: 17)
     [+] Wrote enriched_session_49905_Normal.graphml (Nodes: 13, Edges: 17)
     [+] Wrote enriched_session_49913_Normal.graphml (Nodes: 13, Edges: 17)
     [+] Wrote enriched_session_49916_Normal.graphml (Nodes: 13, Edges: 17)
     [+] Wrote enriched_session_49918_Normal.graphml (Nodes: 13, Edges: 17)
     [+] Wrote enriched_session_49943_Normal.graphml (Nodes: 13, Edges: 17)
     [+] Wrote enriched_session_49921_Normal.graphml (Nodes: 13, Edges: 17)
     [+] Wrote enriched_session_49922_Normal.graphml (Nodes: 13, Edges: 17)
     [+] Wrote enriched_session_49931_Normal.graphml (Nodes: 13, Edges: 17)
     [+] Wrote enriched_session_49925_Normal.graphml (Nodes: 13, Edges: 17)
     [+] Wrote enriched_session_49910_Normal.graphml (Nodes: 13, Edges: 17)
     [+] Wrote enriched_session_49917_Normal.graphml (Nodes: 13, Edges: 17)
     [+] Wrote enriched_session_49939_Normal.graphml (Nodes: 13, Edges: 17)
     [+] Wrote enriched_session_49924_Normal.graphml (Nodes: 13, Edges: 17)
     [+] Wrote enriched_session_49928_Normal.graphml (Nodes: 13, Edges: 17)
     [+] Wrote enriched_session_49938_Normal.graphml (Nodes: 13, Edges: 17)
     [+] Wrote enriched_session_49919_Normal.graphml (Nodes: 13, Edges: 17)
     [+] Wrote enriched_session_49932_Normal.graphml (Nodes: 13, Edges: 17)
     [+] Wrote enriched_session_49940_Normal.graphml (Nodes: 13, Edges: 17)
     [+] Wrote enriched_session_49946_Normal.graphml (Nodes: 13, Edges: 17)
     [+] Wrote enriched_session_49930_Normal.graphml (Nodes: 13, Edges: 17)
     [+] Wrote enriched_session_49926_Normal.graphml (Nodes: 13, Edges: 17)
     [+] Wrote enriched_session_49906_Normal.graphml (Nodes: 13, Edges: 17)
     [+] Wrote enriched_session_49942_Normal.graphml (Nodes: 13, Edges: 17)
     [+] Wrote enriched_session_49935_Normal.graphml (Nodes: 13, Edges: 17)
     [+] Wrote enriched_session_49945_Normal.graphml (Nodes: 13, Edges: 17)
     [+] Wrote enriched_session_49944_Normal.graphml (Nodes: 13, Edges: 17)
     [+] Wrote enriched_session_49923_Normal.graphml (Nodes: 13, Edges: 17)
     [+] Wrote enriched_session_49927_Normal.graphml (Nodes: 13, Edges: 17)
     [+] Wrote enriched_session_49920_Normal.graphml (Nodes: 13, Edges: 17)
     [+] Wrote enriched_session_49911_Normal.graphml (Nodes: 13, Edges: 17)
     [+] Wrote enriched_session_49948_Normal.graphml (Nodes: 13, Edges: 17)
     [+] Wrote enriched_session_49934_Normal.graphml (Nodes: 13, Edges: 17)
     [+] Wrote enriched_session_49915_Normal.graphml (Nodes: 13, Edges: 17)
     [+] Wrote enriched_session_49959_Normal.graphml (Nodes: 4, Edges: 3)
     [+] Wrote enriched_session_49960_Normal.graphml (Nodes: 4, Edges: 3)
     [+] Wrote enriched_session_49964_Normal.graphml (Nodes: 4, Edges: 4)
     [+] Wrote enriched_session_49965_Normal.graphml (Nodes: 4, Edges: 4)
     [+] Wrote enriched_session_49966_Normal.graphml (Nodes: 4, Edges: 4)
     [+] Wrote enriched_session_49967_Normal.graphml (Nodes: 2, Edges: 1)
     [+] Wrote enriched_session_49969_Normal.graphml (Nodes: 3, Edges: 2)
     [+] Wrote enriched_session_49978_Normal.graphml (Nodes: 24, Edges: 22)
     [+] Wrote enriched_session_49979_Unauthorized_DB_Read.graphml (Nodes: 10, Edges: 9)
     [+] Wrote enriched_session_49982_Unauthorized_DB_Read.graphml (Nodes: 19, Edges: 18)
     [+] Wrote enriched_session_49983_Unauthorized_DB_Read.graphml (Nodes: 19, Edges: 18)
     [+] Wrote enriched_session_49984_Data_Exfiltration.graphml (Nodes: 12, Edges: 10)
     [+] Wrote enriched_session_49997_Data_Exfiltration.graphml (Nodes: 61, Edges: 64)
     [+] Wrote enriched_session_50013_Data_Exfiltration.graphml (Nodes: 35, Edges: 38)
     [+] Wrote enriched_session_50029_Data_Exfiltration.graphml (Nodes: 22, Edges: 22)
     [+] Wrote enriched_session_50044_Data_Exfiltration.graphml (Nodes: 22, Edges: 22)
     [+] Wrote enriched_session_50059_Data_Exfiltration.graphml (Nodes: 26, Edges: 31)
     [+] Wrote enriched_session_50076_Data_Exfiltration.graphml (Nodes: 26, Edges: 31)
     [+] Wrote enriched_session_50093_Data_Exfiltration.graphml (Nodes: 26, Edges: 31)
     [+] Wrote enriched_session_50110_Data_Exfiltration.graphml (Nodes: 26, Edges: 31)
     [+] Wrote enriched_session_50127_Data_Exfiltration.graphml (Nodes: 19, Edges: 18)
     [+] Wrote enriched_session_50141_Data_Exfiltration.graphml (Nodes: 19, Edges: 17)
     [+] Wrote enriched_session_50155_Data_Exfiltration.graphml (Nodes: 19, Edges: 17)
     [+] Wrote enriched_session_50169_Data_Exfiltration.graphml (Nodes: 19, Edges: 17)
     [+] Wrote enriched_session_50183_Data_Exfiltration.graphml (Nodes: 22, Edges: 22)
     [+] Wrote enriched_session_50198_Data_Exfiltration.graphml (Nodes: 22, Edges: 22)
     [+] Wrote enriched_session_50213_Data_Exfiltration.graphml (Nodes: 62, Edges: 65)
     [+] Wrote enriched_session_50229_Data_Exfiltration.graphml (Nodes: 36, Edges: 39)
     [+] Wrote enriched_session_50245_Data_Exfiltration.graphml (Nodes: 23, Edges: 23)
     [+] Wrote enriched_session_50260_Data_Exfiltration.graphml (Nodes: 23, Edges: 24)
     [+] Wrote enriched_session_50275_Data_Exfiltration.graphml (Nodes: 61, Edges: 65)
     [+] Wrote enriched_session_50291_Data_Exfiltration.graphml (Nodes: 35, Edges: 39)
     [+] Wrote enriched_session_50307_Data_Exfiltration.graphml (Nodes: 127, Edges: 128)
     [+] Wrote enriched_session_50322_Data_Exfiltration.graphml (Nodes: 62, Edges: 67)
     [+] Wrote enriched_session_50339_Data_Exfiltration.graphml (Nodes: 62, Edges: 67)
     [+] Wrote enriched_session_50426_Normal.graphml (Nodes: 18, Edges: 17)
     [+] Wrote enriched_session_50430_Normal.graphml (Nodes: 22, Edges: 20)
     [+] Wrote enriched_session_50433_Normal.graphml (Nodes: 59, Edges: 59)
     [+] Wrote enriched_session_50445_Normal.graphml (Nodes: 72, Edges: 73)
     [+] Wrote enriched_session_50477_OS_Privilege_Escalation.graphml (Nodes: 21, Edges: 21)
     [+] Wrote enriched_session_50492_OS_Privilege_Escalation.graphml (Nodes: 21, Edges: 22)
     [+] Wrote enriched_session_50507_OS_Privilege_Escalation.graphml (Nodes: 20, Edges: 21)
     [+] Wrote enriched_session_50535_OS_Privilege_Escalation.graphml (Nodes: 29, Edges: 36)
     [+] Wrote enriched_session_50565_Attack.graphml (Nodes: 61, Edges: 65)
     [+] Wrote enriched_session_50581_Attack.graphml (Nodes: 13, Edges: 11)
     [+] Wrote enriched_session_50583_Attack.graphml (Nodes: 13, Edges: 11)
     [+] Wrote enriched_session_50585_Attack.graphml (Nodes: 18, Edges: 17)
     [+] Wrote enriched_session_50598_Attack.graphml (Nodes: 22, Edges: 22)
     [+] Wrote enriched_session_50614_Attack.graphml (Nodes: 18, Edges: 16)
     [+] Wrote enriched_session_50627_Attack.graphml (Nodes: 13, Edges: 11)
     [+] Wrote enriched_session_50640_Attack.graphml (Nodes: 13, Edges: 11)

==================================================
Starting End-to-End Pipeline for: dataset_dev_run_9
==================================================
[1/3] Running Algorithm 1 (SAC)
  wrote dataset_dev_run_9_event_table.json  (2395 events, 30181 read total)
  wrote dataset_dev_run_9_session_correlation.csv  (2395 correlated pairs)
[2/3] Running Algorithm 2 (Graph Construction)
     => Generated 107 base session graphs natively in RAM
[3/3] Running Algorithm 3 (Behavior Abstraction & Serialization)
     [+] Wrote enriched_session_50972_Normal.graphml (Nodes: 9, Edges: 9)
     [+] Wrote enriched_session_50973_Normal.graphml (Nodes: 4, Edges: 3)
     [+] Wrote enriched_session_50990_Sabotage.graphml (Nodes: 3, Edges: 2)
     [+] Wrote enriched_session_50996_Data_Exfiltration.graphml (Nodes: 4, Edges: 3)
     [+] Wrote enriched_session_50987_Normal.graphml (Nodes: 13, Edges: 17)
     [+] Wrote enriched_session_50995_Normal.graphml (Nodes: 13, Edges: 17)
     [+] Wrote enriched_session_50991_Normal.graphml (Nodes: 13, Edges: 17)
     [+] Wrote enriched_session_50980_Normal.graphml (Nodes: 13, Edges: 17)
     [+] Wrote enriched_session_50989_Normal.graphml (Nodes: 13, Edges: 17)
     [+] Wrote enriched_session_50979_Normal.graphml (Nodes: 13, Edges: 17)
     [+] Wrote enriched_session_50983_Normal.graphml (Nodes: 13, Edges: 17)
     [+] Wrote enriched_session_51002_Normal.graphml (Nodes: 13, Edges: 17)
     [+] Wrote enriched_session_51003_Normal.graphml (Nodes: 13, Edges: 17)
     [+] Wrote enriched_session_50984_Normal.graphml (Nodes: 13, Edges: 17)
     [+] Wrote enriched_session_51016_Normal.graphml (Nodes: 13, Edges: 17)
     [+] Wrote enriched_session_50992_Normal.graphml (Nodes: 13, Edges: 17)
     [+] Wrote enriched_session_50997_Normal.graphml (Nodes: 13, Edges: 17)
     [+] Wrote enriched_session_51021_Normal.graphml (Nodes: 13, Edges: 17)
     [+] Wrote enriched_session_51013_Normal.graphml (Nodes: 13, Edges: 17)
     [+] Wrote enriched_session_50981_Normal.graphml (Nodes: 13, Edges: 17)
     [+] Wrote enriched_session_51038_Normal.graphml (Nodes: 13, Edges: 17)
     [+] Wrote enriched_session_50999_Normal.graphml (Nodes: 13, Edges: 17)
     [+] Wrote enriched_session_50994_Normal.graphml (Nodes: 13, Edges: 17)
     [+] Wrote enriched_session_51027_Normal.graphml (Nodes: 13, Edges: 17)
     [+] Wrote enriched_session_51044_Normal.graphml (Nodes: 13, Edges: 17)
     [+] Wrote enriched_session_51000_Normal.graphml (Nodes: 13, Edges: 17)
     [+] Wrote enriched_session_51015_Normal.graphml (Nodes: 13, Edges: 17)
     [+] Wrote enriched_session_51034_Normal.graphml (Nodes: 13, Edges: 17)
     [+] Wrote enriched_session_51012_Normal.graphml (Nodes: 13, Edges: 17)
     [+] Wrote enriched_session_50985_Normal.graphml (Nodes: 13, Edges: 17)
     [+] Wrote enriched_session_51040_Normal.graphml (Nodes: 13, Edges: 17)
     [+] Wrote enriched_session_51007_Normal.graphml (Nodes: 13, Edges: 17)
     [+] Wrote enriched_session_51042_Normal.graphml (Nodes: 13, Edges: 17)
     [+] Wrote enriched_session_51017_Normal.graphml (Nodes: 13, Edges: 17)
     [+] Wrote enriched_session_50993_Normal.graphml (Nodes: 13, Edges: 17)
     [+] Wrote enriched_session_51024_Normal.graphml (Nodes: 13, Edges: 17)
     [+] Wrote enriched_session_50988_Normal.graphml (Nodes: 13, Edges: 17)
     [+] Wrote enriched_session_51030_Normal.graphml (Nodes: 13, Edges: 17)
     [+] Wrote enriched_session_50978_Normal.graphml (Nodes: 13, Edges: 17)
     [+] Wrote enriched_session_50998_Normal.graphml (Nodes: 13, Edges: 17)
     [+] Wrote enriched_session_51011_Normal.graphml (Nodes: 13, Edges: 17)
     [+] Wrote enriched_session_50982_Normal.graphml (Nodes: 13, Edges: 17)
     [+] Wrote enriched_session_51031_Normal.graphml (Nodes: 13, Edges: 17)
     [+] Wrote enriched_session_51029_Normal.graphml (Nodes: 13, Edges: 17)
     [+] Wrote enriched_session_51020_Normal.graphml (Nodes: 13, Edges: 17)
     [+] Wrote enriched_session_51023_Normal.graphml (Nodes: 13, Edges: 17)
     [+] Wrote enriched_session_51018_Normal.graphml (Nodes: 13, Edges: 17)
     [+] Wrote enriched_session_51019_Normal.graphml (Nodes: 13, Edges: 17)
     [+] Wrote enriched_session_51026_Normal.graphml (Nodes: 13, Edges: 17)
     [+] Wrote enriched_session_51037_Normal.graphml (Nodes: 13, Edges: 17)
     [+] Wrote enriched_session_50986_Normal.graphml (Nodes: 13, Edges: 17)
     [+] Wrote enriched_session_51036_Normal.graphml (Nodes: 13, Edges: 17)
     [+] Wrote enriched_session_51041_Normal.graphml (Nodes: 13, Edges: 17)
     [+] Wrote enriched_session_51022_Normal.graphml (Nodes: 13, Edges: 17)
     [+] Wrote enriched_session_51046_Normal.graphml (Nodes: 4, Edges: 3)
     [+] Wrote enriched_session_51050_Normal.graphml (Nodes: 4, Edges: 3)
     [+] Wrote enriched_session_51053_Normal.graphml (Nodes: 4, Edges: 3)
     [+] Wrote enriched_session_51058_Normal.graphml (Nodes: 4, Edges: 3)
     [+] Wrote enriched_session_51061_Normal.graphml (Nodes: 2, Edges: 1)
     [+] Wrote enriched_session_51063_Normal.graphml (Nodes: 4, Edges: 4)
     [+] Wrote enriched_session_51065_Normal.graphml (Nodes: 4, Edges: 4)
     [+] Wrote enriched_session_51064_Normal.graphml (Nodes: 4, Edges: 4)
     [+] Wrote enriched_session_51066_Normal.graphml (Nodes: 3, Edges: 2)
     [+] Wrote enriched_session_51068_Normal.graphml (Nodes: 26, Edges: 24)
     [+] Wrote enriched_session_51076_Unauthorized_DB_Read.graphml (Nodes: 10, Edges: 9)
     [+] Wrote enriched_session_51097_Unauthorized_DB_Read.graphml (Nodes: 19, Edges: 18)
     [+] Wrote enriched_session_51098_Unauthorized_DB_Read.graphml (Nodes: 19, Edges: 18)
     [+] Wrote enriched_session_51099_Data_Exfiltration.graphml (Nodes: 12, Edges: 10)
     [+] Wrote enriched_session_51113_Data_Exfiltration.graphml (Nodes: 61, Edges: 65)
     [+] Wrote enriched_session_51137_Data_Exfiltration.graphml (Nodes: 35, Edges: 39)
     [+] Wrote enriched_session_51157_Data_Exfiltration.graphml (Nodes: 22, Edges: 23)
     [+] Wrote enriched_session_51172_Data_Exfiltration.graphml (Nodes: 22, Edges: 23)
     [+] Wrote enriched_session_51187_Data_Exfiltration.graphml (Nodes: 26, Edges: 31)
     [+] Wrote enriched_session_51204_Data_Exfiltration.graphml (Nodes: 26, Edges: 30)
     [+] Wrote enriched_session_51221_Data_Exfiltration.graphml (Nodes: 26, Edges: 30)
     [+] Wrote enriched_session_51238_Data_Exfiltration.graphml (Nodes: 26, Edges: 30)
     [+] Wrote enriched_session_51255_Data_Exfiltration.graphml (Nodes: 19, Edges: 17)
     [+] Wrote enriched_session_51269_Data_Exfiltration.graphml (Nodes: 19, Edges: 17)
     [+] Wrote enriched_session_51283_Data_Exfiltration.graphml (Nodes: 19, Edges: 17)
     [+] Wrote enriched_session_51297_Data_Exfiltration.graphml (Nodes: 19, Edges: 17)
     [+] Wrote enriched_session_51311_Data_Exfiltration.graphml (Nodes: 22, Edges: 22)
     [+] Wrote enriched_session_51326_Data_Exfiltration.graphml (Nodes: 22, Edges: 22)
     [+] Wrote enriched_session_51341_Data_Exfiltration.graphml (Nodes: 62, Edges: 66)
     [+] Wrote enriched_session_51357_Data_Exfiltration.graphml (Nodes: 36, Edges: 40)
     [+] Wrote enriched_session_51373_Data_Exfiltration.graphml (Nodes: 23, Edges: 24)
     [+] Wrote enriched_session_51388_Data_Exfiltration.graphml (Nodes: 23, Edges: 24)
     [+] Wrote enriched_session_51403_Data_Exfiltration.graphml (Nodes: 61, Edges: 65)
     [+] Wrote enriched_session_51419_Data_Exfiltration.graphml (Nodes: 35, Edges: 39)
     [+] Wrote enriched_session_51435_Data_Exfiltration.graphml (Nodes: 127, Edges: 127)
     [+] Wrote enriched_session_51450_Data_Exfiltration.graphml (Nodes: 62, Edges: 67)
     [+] Wrote enriched_session_51469_Data_Exfiltration.graphml (Nodes: 62, Edges: 67)
     [+] Wrote enriched_session_51530_Normal.graphml (Nodes: 18, Edges: 17)
     [+] Wrote enriched_session_51534_Normal.graphml (Nodes: 13, Edges: 11)
     [+] Wrote enriched_session_51537_Normal.graphml (Nodes: 59, Edges: 59)
     [+] Wrote enriched_session_51545_Normal.graphml (Nodes: 72, Edges: 74)
     [+] Wrote enriched_session_51577_OS_Privilege_Escalation.graphml (Nodes: 21, Edges: 22)
     [+] Wrote enriched_session_51592_OS_Privilege_Escalation.graphml (Nodes: 21, Edges: 22)
     [+] Wrote enriched_session_51607_OS_Privilege_Escalation.graphml (Nodes: 20, Edges: 21)
     [+] Wrote enriched_session_51635_OS_Privilege_Escalation.graphml (Nodes: 29, Edges: 36)
     [+] Wrote enriched_session_51665_Attack.graphml (Nodes: 61, Edges: 65)
     [+] Wrote enriched_session_51681_Attack.graphml (Nodes: 13, Edges: 11)
     [+] Wrote enriched_session_51683_Attack.graphml (Nodes: 13, Edges: 11)
     [+] Wrote enriched_session_51685_Attack.graphml (Nodes: 18, Edges: 17)
     [+] Wrote enriched_session_51698_Attack.graphml (Nodes: 22, Edges: 22)
     [+] Wrote enriched_session_51714_Attack.graphml (Nodes: 18, Edges: 16)
     [+] Wrote enriched_session_51727_Attack.graphml (Nodes: 13, Edges: 11)
     [+] Wrote enriched_session_51740_Attack.graphml (Nodes: 13, Edges: 11)

==================================================
Starting End-to-End Pipeline for: dataset_test_run_1
==================================================
[1/3] Running Algorithm 1 (SAC)
  wrote dataset_test_run_1_event_table.json  (2372 events, 26744 read total)
  wrote dataset_test_run_1_session_correlation.csv  (2372 correlated pairs)
[2/3] Running Algorithm 2 (Graph Construction)
     => Generated 107 base session graphs natively in RAM
[3/3] Running Algorithm 3 (Behavior Abstraction & Serialization)
     [+] Wrote enriched_session_100067_Normal.graphml (Nodes: 4, Edges: 3)
     [+] Wrote enriched_session_100068_Normal.graphml (Nodes: 9, Edges: 9)
     [+] Wrote enriched_session_100081_Sabotage.graphml (Nodes: 3, Edges: 2)
     [+] Wrote enriched_session_100082_Data_Exfiltration.graphml (Nodes: 4, Edges: 3)
     [+] Wrote enriched_session_100085_Normal.graphml (Nodes: 13, Edges: 17)
     [+] Wrote enriched_session_100080_Normal.graphml (Nodes: 13, Edges: 17)
     [+] Wrote enriched_session_100078_Normal.graphml (Nodes: 13, Edges: 17)
     [+] Wrote enriched_session_100127_Normal.graphml (Nodes: 13, Edges: 17)
     [+] Wrote enriched_session_100073_Normal.graphml (Nodes: 13, Edges: 17)
     [+] Wrote enriched_session_100076_Normal.graphml (Nodes: 13, Edges: 17)
     [+] Wrote enriched_session_100079_Normal.graphml (Nodes: 13, Edges: 17)
     [+] Wrote enriched_session_100129_Normal.graphml (Nodes: 13, Edges: 17)
     [+] Wrote enriched_session_100106_Normal.graphml (Nodes: 13, Edges: 17)
     [+] Wrote enriched_session_100084_Normal.graphml (Nodes: 13, Edges: 17)
     [+] Wrote enriched_session_100102_Normal.graphml (Nodes: 13, Edges: 17)
     [+] Wrote enriched_session_100100_Normal.graphml (Nodes: 13, Edges: 17)
     [+] Wrote enriched_session_100074_Normal.graphml (Nodes: 13, Edges: 17)
     [+] Wrote enriched_session_100135_Normal.graphml (Nodes: 13, Edges: 17)
     [+] Wrote enriched_session_100110_Normal.graphml (Nodes: 13, Edges: 17)
     [+] Wrote enriched_session_100118_Normal.graphml (Nodes: 13, Edges: 17)
     [+] Wrote enriched_session_100075_Normal.graphml (Nodes: 13, Edges: 17)
     [+] Wrote enriched_session_100083_Normal.graphml (Nodes: 13, Edges: 17)
     [+] Wrote enriched_session_100103_Normal.graphml (Nodes: 13, Edges: 17)
     [+] Wrote enriched_session_100130_Normal.graphml (Nodes: 13, Edges: 17)
     [+] Wrote enriched_session_100094_Normal.graphml (Nodes: 13, Edges: 17)
     [+] Wrote enriched_session_100133_Normal.graphml (Nodes: 13, Edges: 17)
     [+] Wrote enriched_session_100137_Normal.graphml (Nodes: 13, Edges: 17)
     [+] Wrote enriched_session_100087_Normal.graphml (Nodes: 13, Edges: 17)
     [+] Wrote enriched_session_100108_Normal.graphml (Nodes: 13, Edges: 17)
     [+] Wrote enriched_session_100128_Normal.graphml (Nodes: 13, Edges: 17)
     [+] Wrote enriched_session_100139_Normal.graphml (Nodes: 13, Edges: 17)
     [+] Wrote enriched_session_100090_Normal.graphml (Nodes: 13, Edges: 17)
     [+] Wrote enriched_session_100101_Normal.graphml (Nodes: 13, Edges: 17)
     [+] Wrote enriched_session_100093_Normal.graphml (Nodes: 13, Edges: 17)
     [+] Wrote enriched_session_100125_Normal.graphml (Nodes: 13, Edges: 17)
     [+] Wrote enriched_session_100097_Normal.graphml (Nodes: 13, Edges: 17)
     [+] Wrote enriched_session_100105_Normal.graphml (Nodes: 13, Edges: 17)
     [+] Wrote enriched_session_100134_Normal.graphml (Nodes: 13, Edges: 17)
     [+] Wrote enriched_session_100077_Normal.graphml (Nodes: 13, Edges: 17)
     [+] Wrote enriched_session_100122_Normal.graphml (Nodes: 13, Edges: 17)
     [+] Wrote enriched_session_100112_Normal.graphml (Nodes: 13, Edges: 17)
     [+] Wrote enriched_session_100119_Normal.graphml (Nodes: 13, Edges: 17)
     [+] Wrote enriched_session_100132_Normal.graphml (Nodes: 13, Edges: 17)
     [+] Wrote enriched_session_100138_Normal.graphml (Nodes: 13, Edges: 17)
     [+] Wrote enriched_session_100104_Normal.graphml (Nodes: 13, Edges: 17)
     [+] Wrote enriched_session_100126_Normal.graphml (Nodes: 13, Edges: 17)
     [+] Wrote enriched_session_100109_Normal.graphml (Nodes: 13, Edges: 17)
     [+] Wrote enriched_session_100116_Normal.graphml (Nodes: 13, Edges: 17)
     [+] Wrote enriched_session_100140_Normal.graphml (Nodes: 13, Edges: 17)
     [+] Wrote enriched_session_100088_Normal.graphml (Nodes: 13, Edges: 17)
     [+] Wrote enriched_session_100117_Normal.graphml (Nodes: 13, Edges: 17)
     [+] Wrote enriched_session_100121_Normal.graphml (Nodes: 13, Edges: 17)
     [+] Wrote enriched_session_100131_Normal.graphml (Nodes: 13, Edges: 17)
     [+] Wrote enriched_session_100136_Normal.graphml (Nodes: 13, Edges: 17)
     [+] Wrote enriched_session_100142_Normal.graphml (Nodes: 4, Edges: 3)
     [+] Wrote enriched_session_100145_Normal.graphml (Nodes: 4, Edges: 3)
     [+] Wrote enriched_session_100151_Normal.graphml (Nodes: 4, Edges: 3)
     [+] Wrote enriched_session_100153_Normal.graphml (Nodes: 4, Edges: 3)
     [+] Wrote enriched_session_100156_Normal.graphml (Nodes: 4, Edges: 4)
     [+] Wrote enriched_session_100157_Normal.graphml (Nodes: 2, Edges: 1)
     [+] Wrote enriched_session_100158_Normal.graphml (Nodes: 4, Edges: 4)
     [+] Wrote enriched_session_100159_Normal.graphml (Nodes: 4, Edges: 4)
     [+] Wrote enriched_session_100161_Normal.graphml (Nodes: 3, Edges: 2)
     [+] Wrote enriched_session_100170_Normal.graphml (Nodes: 24, Edges: 22)
     [+] Wrote enriched_session_100171_Unauthorized_DB_Read.graphml (Nodes: 10, Edges: 9)
     [+] Wrote enriched_session_100174_Unauthorized_DB_Read.graphml (Nodes: 19, Edges: 18)
     [+] Wrote enriched_session_100175_Unauthorized_DB_Read.graphml (Nodes: 19, Edges: 18)
     [+] Wrote enriched_session_100176_Data_Exfiltration.graphml (Nodes: 12, Edges: 10)
     [+] Wrote enriched_session_100189_Data_Exfiltration.graphml (Nodes: 61, Edges: 65)
     [+] Wrote enriched_session_100205_Data_Exfiltration.graphml (Nodes: 35, Edges: 39)
     [+] Wrote enriched_session_100221_Data_Exfiltration.graphml (Nodes: 22, Edges: 22)
     [+] Wrote enriched_session_100236_Data_Exfiltration.graphml (Nodes: 22, Edges: 22)
     [+] Wrote enriched_session_100251_Data_Exfiltration.graphml (Nodes: 26, Edges: 30)
     [+] Wrote enriched_session_100268_Data_Exfiltration.graphml (Nodes: 26, Edges: 30)
     [+] Wrote enriched_session_100285_Data_Exfiltration.graphml (Nodes: 26, Edges: 30)
     [+] Wrote enriched_session_100302_Data_Exfiltration.graphml (Nodes: 26, Edges: 30)
     [+] Wrote enriched_session_100319_Data_Exfiltration.graphml (Nodes: 19, Edges: 17)
     [+] Wrote enriched_session_100333_Data_Exfiltration.graphml (Nodes: 19, Edges: 17)
     [+] Wrote enriched_session_100347_Data_Exfiltration.graphml (Nodes: 19, Edges: 17)
     [+] Wrote enriched_session_100361_Data_Exfiltration.graphml (Nodes: 19, Edges: 18)
     [+] Wrote enriched_session_100375_Data_Exfiltration.graphml (Nodes: 22, Edges: 23)
     [+] Wrote enriched_session_100390_Data_Exfiltration.graphml (Nodes: 22, Edges: 23)
     [+] Wrote enriched_session_100405_Data_Exfiltration.graphml (Nodes: 62, Edges: 66)
     [+] Wrote enriched_session_100421_Data_Exfiltration.graphml (Nodes: 36, Edges: 39)
     [+] Wrote enriched_session_100437_Data_Exfiltration.graphml (Nodes: 23, Edges: 23)
     [+] Wrote enriched_session_100452_Data_Exfiltration.graphml (Nodes: 23, Edges: 23)
     [+] Wrote enriched_session_100467_Data_Exfiltration.graphml (Nodes: 61, Edges: 64)
     [+] Wrote enriched_session_100483_Data_Exfiltration.graphml (Nodes: 35, Edges: 38)
     [+] Wrote enriched_session_100499_Data_Exfiltration.graphml (Nodes: 127, Edges: 127)
     [+] Wrote enriched_session_100514_Data_Exfiltration.graphml (Nodes: 62, Edges: 67)
     [+] Wrote enriched_session_100531_Data_Exfiltration.graphml (Nodes: 62, Edges: 68)
     [+] Wrote enriched_session_100551_Normal.graphml (Nodes: 18, Edges: 17)
     [+] Wrote enriched_session_100555_Normal.graphml (Nodes: 13, Edges: 11)
     [+] Wrote enriched_session_100558_Normal.graphml (Nodes: 59, Edges: 60)
     [+] Wrote enriched_session_100566_Normal.graphml (Nodes: 72, Edges: 74)
     [+] Wrote enriched_session_100598_OS_Privilege_Escalation.graphml (Nodes: 21, Edges: 21)
     [+] Wrote enriched_session_100613_OS_Privilege_Escalation.graphml (Nodes: 21, Edges: 21)
     [+] Wrote enriched_session_100628_OS_Privilege_Escalation.graphml (Nodes: 20, Edges: 20)
     [+] Wrote enriched_session_100656_OS_Privilege_Escalation.graphml (Nodes: 29, Edges: 35)
     [+] Wrote enriched_session_100686_OS_Privilege_Escalation.graphml (Nodes: 61, Edges: 65)
     [+] Wrote enriched_session_100702_OS_Privilege_Escalation.graphml (Nodes: 13, Edges: 11)
     [+] Wrote enriched_session_100704_OS_Privilege_Escalation.graphml (Nodes: 13, Edges: 11)
     [+] Wrote enriched_session_100706_OS_Privilege_Escalation.graphml (Nodes: 18, Edges: 17)
     [+] Wrote enriched_session_100719_OS_Privilege_Escalation.graphml (Nodes: 24, Edges: 25)
     [+] Wrote enriched_session_100735_OS_Privilege_Escalation.graphml (Nodes: 18, Edges: 16)
     [+] Wrote enriched_session_100748_OS_Privilege_Escalation.graphml (Nodes: 13, Edges: 11)
     [+] Wrote enriched_session_100761_SQL_Injection.graphml (Nodes: 13, Edges: 11)

==================================================
Starting End-to-End Pipeline for: dataset_test_run_10
==================================================
[1/3] Running Algorithm 1 (SAC)
  wrote dataset_test_run_10_event_table.json  (2307 events, 37320 read total)
  wrote dataset_test_run_10_session_correlation.csv  (2307 correlated pairs)
[2/3] Running Algorithm 2 (Graph Construction)
     => Generated 107 base session graphs natively in RAM
[3/3] Running Algorithm 3 (Behavior Abstraction & Serialization)
     [+] Wrote enriched_session_109371_Data_Exfiltration.graphml (Nodes: 4, Edges: 3)
     [+] Wrote enriched_session_109372_Sabotage.graphml (Nodes: 3, Edges: 2)
     [+] Wrote enriched_session_109373_Data_Exfiltration.graphml (Nodes: 4, Edges: 3)
     [+] Wrote enriched_session_109374_Data_Exfiltration.graphml (Nodes: 9, Edges: 9)
     [+] Wrote enriched_session_109440_Data_Exfiltration.graphml (Nodes: 4, Edges: 3)
     [+] Wrote enriched_session_109441_Data_Exfiltration.graphml (Nodes: 4, Edges: 3)
     [+] Wrote enriched_session_109406_Normal.graphml (Nodes: 13, Edges: 17)
     [+] Wrote enriched_session_109398_Normal.graphml (Nodes: 13, Edges: 17)
     [+] Wrote enriched_session_109426_Normal.graphml (Nodes: 13, Edges: 17)
     [+] Wrote enriched_session_109402_Normal.graphml (Nodes: 13, Edges: 17)
     [+] Wrote enriched_session_109391_Normal.graphml (Nodes: 13, Edges: 17)
     [+] Wrote enriched_session_109399_Normal.graphml (Nodes: 13, Edges: 17)
     [+] Wrote enriched_session_109403_Normal.graphml (Nodes: 13, Edges: 17)
     [+] Wrote enriched_session_109436_Normal.graphml (Nodes: 13, Edges: 17)
     [+] Wrote enriched_session_109429_Normal.graphml (Nodes: 13, Edges: 17)
     [+] Wrote enriched_session_109410_Normal.graphml (Nodes: 13, Edges: 17)
     [+] Wrote enriched_session_109388_Normal.graphml (Nodes: 13, Edges: 17)
     [+] Wrote enriched_session_109411_Normal.graphml (Nodes: 13, Edges: 17)
     [+] Wrote enriched_session_109433_Normal.graphml (Nodes: 13, Edges: 17)
     [+] Wrote enriched_session_109435_Normal.graphml (Nodes: 13, Edges: 17)
     [+] Wrote enriched_session_109424_Normal.graphml (Nodes: 13, Edges: 17)
     [+] Wrote enriched_session_109416_Normal.graphml (Nodes: 13, Edges: 17)
     [+] Wrote enriched_session_109427_Normal.graphml (Nodes: 13, Edges: 17)
     [+] Wrote enriched_session_109419_Normal.graphml (Nodes: 13, Edges: 17)
     [+] Wrote enriched_session_109414_Normal.graphml (Nodes: 13, Edges: 17)
     [+] Wrote enriched_session_109400_Normal.graphml (Nodes: 13, Edges: 17)
     [+] Wrote enriched_session_109445_Normal.graphml (Nodes: 13, Edges: 17)
     [+] Wrote enriched_session_109439_Normal.graphml (Nodes: 13, Edges: 17)
     [+] Wrote enriched_session_109422_Normal.graphml (Nodes: 13, Edges: 17)
     [+] Wrote enriched_session_109415_Normal.graphml (Nodes: 13, Edges: 17)
     [+] Wrote enriched_session_109431_Normal.graphml (Nodes: 13, Edges: 17)
     [+] Wrote enriched_session_109432_Normal.graphml (Nodes: 13, Edges: 17)
     [+] Wrote enriched_session_109387_Normal.graphml (Nodes: 13, Edges: 17)
     [+] Wrote enriched_session_109390_Normal.graphml (Nodes: 13, Edges: 17)
     [+] Wrote enriched_session_109442_Normal.graphml (Nodes: 13, Edges: 17)
     [+] Wrote enriched_session_109394_Normal.graphml (Nodes: 13, Edges: 17)
     [+] Wrote enriched_session_109420_Normal.graphml (Nodes: 13, Edges: 17)
     [+] Wrote enriched_session_109425_Normal.graphml (Nodes: 13, Edges: 17)
     [+] Wrote enriched_session_109438_Normal.graphml (Nodes: 13, Edges: 17)
     [+] Wrote enriched_session_109421_Normal.graphml (Nodes: 13, Edges: 17)
     [+] Wrote enriched_session_109443_Normal.graphml (Nodes: 13, Edges: 17)
     [+] Wrote enriched_session_109393_Normal.graphml (Nodes: 13, Edges: 17)
     [+] Wrote enriched_session_109407_Normal.graphml (Nodes: 13, Edges: 17)
     [+] Wrote enriched_session_109434_Normal.graphml (Nodes: 13, Edges: 17)
     [+] Wrote enriched_session_109412_Normal.graphml (Nodes: 13, Edges: 17)
     [+] Wrote enriched_session_109408_Normal.graphml (Nodes: 13, Edges: 17)
     [+] Wrote enriched_session_109418_Normal.graphml (Nodes: 13, Edges: 17)
     [+] Wrote enriched_session_109437_Normal.graphml (Nodes: 13, Edges: 17)
     [+] Wrote enriched_session_109430_Normal.graphml (Nodes: 13, Edges: 17)
     [+] Wrote enriched_session_109413_Normal.graphml (Nodes: 13, Edges: 17)
     [+] Wrote enriched_session_109447_Normal.graphml (Nodes: 13, Edges: 17)
     [+] Wrote enriched_session_109417_Normal.graphml (Nodes: 13, Edges: 17)
     [+] Wrote enriched_session_109428_Normal.graphml (Nodes: 13, Edges: 17)
     [+] Wrote enriched_session_109448_Normal.graphml (Nodes: 13, Edges: 17)
     [+] Wrote enriched_session_109409_Normal.graphml (Nodes: 13, Edges: 17)
     [+] Wrote enriched_session_109423_Normal.graphml (Nodes: 13, Edges: 17)
     [+] Wrote enriched_session_109455_Data_Exfiltration.graphml (Nodes: 4, Edges: 4)
     [+] Wrote enriched_session_109456_Data_Exfiltration.graphml (Nodes: 4, Edges: 3)
     [+] Wrote enriched_session_109457_Data_Exfiltration.graphml (Nodes: 4, Edges: 4)
     [+] Wrote enriched_session_109458_Data_Exfiltration.graphml (Nodes: 4, Edges: 4)
     [+] Wrote enriched_session_109460_Data_Exfiltration.graphml (Nodes: 4, Edges: 3)
     [+] Wrote enriched_session_109463_Data_Exfiltration.graphml (Nodes: 2, Edges: 1)
     [+] Wrote enriched_session_109472_Data_Exfiltration.graphml (Nodes: 3, Edges: 2)
     [+] Wrote enriched_session_109474_Unauthorized_DB_Read.graphml (Nodes: 4, Edges: 4)
     [+] Wrote enriched_session_109475_Unauthorized_DB_Read.graphml (Nodes: 4, Edges: 4)
     [+] Wrote enriched_session_109476_Unauthorized_DB_Read.graphml (Nodes: 4, Edges: 4)
     [+] Wrote enriched_session_109477_Data_Exfiltration.graphml (Nodes: 27, Edges: 25)
     [+] Wrote enriched_session_109490_Data_Exfiltration.graphml (Nodes: 53, Edges: 57)
     [+] Wrote enriched_session_109508_Data_Exfiltration.graphml (Nodes: 12, Edges: 10)
     [+] Wrote enriched_session_109509_Data_Exfiltration.graphml (Nodes: 35, Edges: 39)
     [+] Wrote enriched_session_109525_Data_Exfiltration.graphml (Nodes: 22, Edges: 22)
     [+] Wrote enriched_session_109540_Data_Exfiltration.graphml (Nodes: 22, Edges: 22)
     [+] Wrote enriched_session_109555_Data_Exfiltration.graphml (Nodes: 26, Edges: 30)
     [+] Wrote enriched_session_109572_Data_Exfiltration.graphml (Nodes: 26, Edges: 30)
     [+] Wrote enriched_session_109589_Data_Exfiltration.graphml (Nodes: 26, Edges: 30)
     [+] Wrote enriched_session_109606_Data_Exfiltration.graphml (Nodes: 26, Edges: 30)
     [+] Wrote enriched_session_109623_Data_Exfiltration.graphml (Nodes: 19, Edges: 17)
     [+] Wrote enriched_session_109638_Data_Exfiltration.graphml (Nodes: 19, Edges: 17)
     [+] Wrote enriched_session_109652_Data_Exfiltration.graphml (Nodes: 19, Edges: 17)
     [+] Wrote enriched_session_109666_Data_Exfiltration.graphml (Nodes: 19, Edges: 18)
     [+] Wrote enriched_session_109680_Data_Exfiltration.graphml (Nodes: 22, Edges: 23)
     [+] Wrote enriched_session_109695_Data_Exfiltration.graphml (Nodes: 22, Edges: 23)
     [+] Wrote enriched_session_109710_Data_Exfiltration.graphml (Nodes: 62, Edges: 65)
     [+] Wrote enriched_session_109726_Data_Exfiltration.graphml (Nodes: 36, Edges: 39)
     [+] Wrote enriched_session_109742_Data_Exfiltration.graphml (Nodes: 23, Edges: 23)
     [+] Wrote enriched_session_109757_Data_Exfiltration.graphml (Nodes: 23, Edges: 23)
     [+] Wrote enriched_session_109772_Data_Exfiltration.graphml (Nodes: 61, Edges: 64)
     [+] Wrote enriched_session_109788_Data_Exfiltration.graphml (Nodes: 35, Edges: 38)
     [+] Wrote enriched_session_109804_Data_Exfiltration.graphml (Nodes: 127, Edges: 127)
     [+] Wrote enriched_session_109819_Data_Exfiltration.graphml (Nodes: 62, Edges: 67)
     [+] Wrote enriched_session_109836_Data_Exfiltration.graphml (Nodes: 62, Edges: 68)
     [+] Wrote enriched_session_109851_Normal.graphml (Nodes: 18, Edges: 17)
     [+] Wrote enriched_session_109854_Normal.graphml (Nodes: 13, Edges: 11)
     [+] Wrote enriched_session_109857_Normal.graphml (Nodes: 59, Edges: 60)
     [+] Wrote enriched_session_109865_Normal.graphml (Nodes: 72, Edges: 73)
     [+] Wrote enriched_session_109897_OS_Privilege_Escalation.graphml (Nodes: 21, Edges: 21)
     [+] Wrote enriched_session_109912_OS_Privilege_Escalation.graphml (Nodes: 21, Edges: 21)
     [+] Wrote enriched_session_109927_OS_Privilege_Escalation.graphml (Nodes: 20, Edges: 20)
     [+] Wrote enriched_session_109955_OS_Privilege_Escalation.graphml (Nodes: 29, Edges: 35)
     [+] Wrote enriched_session_109985_OS_Privilege_Escalation.graphml (Nodes: 61, Edges: 65)
     [+] Wrote enriched_session_110001_OS_Privilege_Escalation.graphml (Nodes: 13, Edges: 11)
     [+] Wrote enriched_session_110003_OS_Privilege_Escalation.graphml (Nodes: 13, Edges: 11)
     [+] Wrote enriched_session_110005_OS_Privilege_Escalation.graphml (Nodes: 18, Edges: 17)
     [+] Wrote enriched_session_110018_OS_Privilege_Escalation.graphml (Nodes: 24, Edges: 25)
     [+] Wrote enriched_session_110034_OS_Privilege_Escalation.graphml (Nodes: 18, Edges: 16)
     [+] Wrote enriched_session_110047_OS_Privilege_Escalation.graphml (Nodes: 13, Edges: 11)
     [+] Wrote enriched_session_110060_SQL_Injection.graphml (Nodes: 13, Edges: 11)

==================================================
Starting End-to-End Pipeline for: dataset_test_run_11
==================================================
[1/3] Running Algorithm 1 (SAC)
  wrote dataset_test_run_11_event_table.json  (2310 events, 19342 read total)
  wrote dataset_test_run_11_session_correlation.csv  (2310 correlated pairs)
[2/3] Running Algorithm 2 (Graph Construction)
     => Generated 107 base session graphs natively in RAM
[3/3] Running Algorithm 3 (Behavior Abstraction & Serialization)
     [+] Wrote enriched_session_110381_Sabotage.graphml (Nodes: 3, Edges: 2)
     [+] Wrote enriched_session_110382_Data_Exfiltration.graphml (Nodes: 4, Edges: 3)
     [+] Wrote enriched_session_110391_Data_Exfiltration.graphml (Nodes: 9, Edges: 9)
     [+] Wrote enriched_session_110393_Data_Exfiltration.graphml (Nodes: 4, Edges: 3)
     [+] Wrote enriched_session_110454_Data_Exfiltration.graphml (Nodes: 4, Edges: 3)
     [+] Wrote enriched_session_110429_Normal.graphml (Nodes: 13, Edges: 17)
     [+] Wrote enriched_session_110408_Normal.graphml (Nodes: 13, Edges: 17)
     [+] Wrote enriched_session_110411_Normal.graphml (Nodes: 13, Edges: 17)
     [+] Wrote enriched_session_110413_Normal.graphml (Nodes: 13, Edges: 17)
     [+] Wrote enriched_session_110409_Normal.graphml (Nodes: 13, Edges: 17)
     [+] Wrote enriched_session_110442_Normal.graphml (Nodes: 13, Edges: 17)
     [+] Wrote enriched_session_110428_Normal.graphml (Nodes: 13, Edges: 17)
     [+] Wrote enriched_session_110415_Normal.graphml (Nodes: 13, Edges: 17)
     [+] Wrote enriched_session_110424_Normal.graphml (Nodes: 13, Edges: 17)
     [+] Wrote enriched_session_110406_Normal.graphml (Nodes: 13, Edges: 17)
     [+] Wrote enriched_session_110438_Normal.graphml (Nodes: 13, Edges: 17)
     [+] Wrote enriched_session_110405_Normal.graphml (Nodes: 13, Edges: 17)
     [+] Wrote enriched_session_110404_Normal.graphml (Nodes: 13, Edges: 17)
     [+] Wrote enriched_session_110416_Normal.graphml (Nodes: 13, Edges: 17)
     [+] Wrote enriched_session_110418_Normal.graphml (Nodes: 13, Edges: 17)
     [+] Wrote enriched_session_110410_Normal.graphml (Nodes: 13, Edges: 17)
     [+] Wrote enriched_session_110433_Normal.graphml (Nodes: 13, Edges: 17)
     [+] Wrote enriched_session_110422_Normal.graphml (Nodes: 13, Edges: 17)
     [+] Wrote enriched_session_110420_Normal.graphml (Nodes: 13, Edges: 17)
     [+] Wrote enriched_session_110437_Normal.graphml (Nodes: 13, Edges: 17)
     [+] Wrote enriched_session_110425_Normal.graphml (Nodes: 13, Edges: 17)
     [+] Wrote enriched_session_110419_Normal.graphml (Nodes: 13, Edges: 17)
     [+] Wrote enriched_session_110441_Normal.graphml (Nodes: 13, Edges: 17)
     [+] Wrote enriched_session_110427_Normal.graphml (Nodes: 13, Edges: 17)
     [+] Wrote enriched_session_110445_Normal.graphml (Nodes: 13, Edges: 17)
     [+] Wrote enriched_session_110414_Normal.graphml (Nodes: 13, Edges: 17)
     [+] Wrote enriched_session_110432_Normal.graphml (Nodes: 13, Edges: 17)
     [+] Wrote enriched_session_110421_Normal.graphml (Nodes: 13, Edges: 17)
     [+] Wrote enriched_session_110401_Normal.graphml (Nodes: 13, Edges: 17)
     [+] Wrote enriched_session_110434_Normal.graphml (Nodes: 13, Edges: 17)
     [+] Wrote enriched_session_110435_Normal.graphml (Nodes: 13, Edges: 17)
     [+] Wrote enriched_session_110453_Normal.graphml (Nodes: 13, Edges: 17)
     [+] Wrote enriched_session_110426_Normal.graphml (Nodes: 13, Edges: 17)
     [+] Wrote enriched_session_110446_Normal.graphml (Nodes: 13, Edges: 17)
     [+] Wrote enriched_session_110449_Normal.graphml (Nodes: 13, Edges: 17)
     [+] Wrote enriched_session_110423_Normal.graphml (Nodes: 13, Edges: 17)
     [+] Wrote enriched_session_110430_Normal.graphml (Nodes: 13, Edges: 17)
     [+] Wrote enriched_session_110440_Normal.graphml (Nodes: 13, Edges: 17)
     [+] Wrote enriched_session_110455_Normal.graphml (Nodes: 13, Edges: 17)
     [+] Wrote enriched_session_110448_Normal.graphml (Nodes: 13, Edges: 17)
     [+] Wrote enriched_session_110452_Normal.graphml (Nodes: 13, Edges: 17)
     [+] Wrote enriched_session_110431_Normal.graphml (Nodes: 13, Edges: 17)
     [+] Wrote enriched_session_110436_Normal.graphml (Nodes: 13, Edges: 17)
     [+] Wrote enriched_session_110439_Normal.graphml (Nodes: 13, Edges: 17)
     [+] Wrote enriched_session_110443_Normal.graphml (Nodes: 13, Edges: 17)
     [+] Wrote enriched_session_110447_Normal.graphml (Nodes: 13, Edges: 17)
     [+] Wrote enriched_session_110451_Normal.graphml (Nodes: 13, Edges: 17)
     [+] Wrote enriched_session_110444_Normal.graphml (Nodes: 13, Edges: 17)
     [+] Wrote enriched_session_110417_Normal.graphml (Nodes: 13, Edges: 17)
     [+] Wrote enriched_session_110450_Normal.graphml (Nodes: 13, Edges: 17)
     [+] Wrote enriched_session_110458_Data_Exfiltration.graphml (Nodes: 4, Edges: 3)
     [+] Wrote enriched_session_110465_Data_Exfiltration.graphml (Nodes: 4, Edges: 3)
     [+] Wrote enriched_session_110467_Data_Exfiltration.graphml (Nodes: 4, Edges: 4)
     [+] Wrote enriched_session_110469_Data_Exfiltration.graphml (Nodes: 4, Edges: 4)
     [+] Wrote enriched_session_110468_Data_Exfiltration.graphml (Nodes: 4, Edges: 4)
     [+] Wrote enriched_session_110470_Data_Exfiltration.graphml (Nodes: 4, Edges: 3)
     [+] Wrote enriched_session_110473_Data_Exfiltration.graphml (Nodes: 2, Edges: 1)
     [+] Wrote enriched_session_110482_Data_Exfiltration.graphml (Nodes: 3, Edges: 2)
     [+] Wrote enriched_session_110484_Unauthorized_DB_Read.graphml (Nodes: 4, Edges: 4)
     [+] Wrote enriched_session_110486_Unauthorized_DB_Read.graphml (Nodes: 4, Edges: 4)
     [+] Wrote enriched_session_110485_Unauthorized_DB_Read.graphml (Nodes: 4, Edges: 4)
     [+] Wrote enriched_session_110487_Data_Exfiltration.graphml (Nodes: 27, Edges: 25)
     [+] Wrote enriched_session_110500_Data_Exfiltration.graphml (Nodes: 53, Edges: 57)
     [+] Wrote enriched_session_110518_Data_Exfiltration.graphml (Nodes: 12, Edges: 10)
     [+] Wrote enriched_session_110519_Data_Exfiltration.graphml (Nodes: 35, Edges: 38)
     [+] Wrote enriched_session_110535_Data_Exfiltration.graphml (Nodes: 22, Edges: 22)
     [+] Wrote enriched_session_110550_Data_Exfiltration.graphml (Nodes: 22, Edges: 22)
     [+] Wrote enriched_session_110565_Data_Exfiltration.graphml (Nodes: 26, Edges: 31)
     [+] Wrote enriched_session_110582_Data_Exfiltration.graphml (Nodes: 26, Edges: 31)
     [+] Wrote enriched_session_110599_Data_Exfiltration.graphml (Nodes: 26, Edges: 31)
     [+] Wrote enriched_session_110616_Data_Exfiltration.graphml (Nodes: 26, Edges: 31)
     [+] Wrote enriched_session_110633_Data_Exfiltration.graphml (Nodes: 19, Edges: 18)
     [+] Wrote enriched_session_110647_Data_Exfiltration.graphml (Nodes: 19, Edges: 18)
     [+] Wrote enriched_session_110661_Data_Exfiltration.graphml (Nodes: 19, Edges: 18)
     [+] Wrote enriched_session_110675_Data_Exfiltration.graphml (Nodes: 19, Edges: 18)
     [+] Wrote enriched_session_110689_Data_Exfiltration.graphml (Nodes: 22, Edges: 22)
     [+] Wrote enriched_session_110704_Data_Exfiltration.graphml (Nodes: 22, Edges: 22)
     [+] Wrote enriched_session_110719_Data_Exfiltration.graphml (Nodes: 62, Edges: 65)
     [+] Wrote enriched_session_110735_Data_Exfiltration.graphml (Nodes: 36, Edges: 39)
     [+] Wrote enriched_session_110751_Data_Exfiltration.graphml (Nodes: 23, Edges: 23)
     [+] Wrote enriched_session_110766_Data_Exfiltration.graphml (Nodes: 23, Edges: 23)
     [+] Wrote enriched_session_110781_Data_Exfiltration.graphml (Nodes: 61, Edges: 65)
     [+] Wrote enriched_session_110797_Data_Exfiltration.graphml (Nodes: 35, Edges: 39)
     [+] Wrote enriched_session_110813_Data_Exfiltration.graphml (Nodes: 127, Edges: 128)
     [+] Wrote enriched_session_110828_Data_Exfiltration.graphml (Nodes: 62, Edges: 68)
     [+] Wrote enriched_session_110846_Data_Exfiltration.graphml (Nodes: 62, Edges: 68)
     [+] Wrote enriched_session_110861_Normal.graphml (Nodes: 24, Edges: 23)
     [+] Wrote enriched_session_110864_Normal.graphml (Nodes: 13, Edges: 11)
     [+] Wrote enriched_session_110869_Normal.graphml (Nodes: 59, Edges: 59)
     [+] Wrote enriched_session_110878_Normal.graphml (Nodes: 72, Edges: 73)
     [+] Wrote enriched_session_110911_OS_Privilege_Escalation.graphml (Nodes: 21, Edges: 21)
     [+] Wrote enriched_session_110926_OS_Privilege_Escalation.graphml (Nodes: 21, Edges: 21)
     [+] Wrote enriched_session_110941_OS_Privilege_Escalation.graphml (Nodes: 20, Edges: 21)
     [+] Wrote enriched_session_110969_OS_Privilege_Escalation.graphml (Nodes: 29, Edges: 36)
     [+] Wrote enriched_session_110999_OS_Privilege_Escalation.graphml (Nodes: 61, Edges: 66)
     [+] Wrote enriched_session_111015_OS_Privilege_Escalation.graphml (Nodes: 13, Edges: 11)
     [+] Wrote enriched_session_111017_OS_Privilege_Escalation.graphml (Nodes: 13, Edges: 11)
     [+] Wrote enriched_session_111019_Privilege_Abuse.graphml (Nodes: 18, Edges: 17)
     [+] Wrote enriched_session_111033_SQL_Injection.graphml (Nodes: 22, Edges: 22)
     [+] Wrote enriched_session_111049_SQL_Injection.graphml (Nodes: 18, Edges: 16)
     [+] Wrote enriched_session_111062_SQL_Injection.graphml (Nodes: 13, Edges: 11)
     [+] Wrote enriched_session_111075_SQL_Injection.graphml (Nodes: 13, Edges: 11)

==================================================
Starting End-to-End Pipeline for: dataset_test_run_12
==================================================
[1/3] Running Algorithm 1 (SAC)
  wrote dataset_test_run_12_event_table.json  (2308 events, 17216 read total)
  wrote dataset_test_run_12_session_correlation.csv  (2308 correlated pairs)
[2/3] Running Algorithm 2 (Graph Construction)
     => Generated 107 base session graphs natively in RAM
[3/3] Running Algorithm 3 (Behavior Abstraction & Serialization)
     [+] Wrote enriched_session_111394_Sabotage.graphml (Nodes: 3, Edges: 2)
     [+] Wrote enriched_session_111400_Data_Exfiltration.graphml (Nodes: 9, Edges: 9)
     [+] Wrote enriched_session_111401_Data_Exfiltration.graphml (Nodes: 4, Edges: 3)
     [+] Wrote enriched_session_111402_Data_Exfiltration.graphml (Nodes: 4, Edges: 3)
     [+] Wrote enriched_session_111414_Normal.graphml (Nodes: 13, Edges: 17)
     [+] Wrote enriched_session_111417_Normal.graphml (Nodes: 13, Edges: 17)
     [+] Wrote enriched_session_111413_Normal.graphml (Nodes: 13, Edges: 17)
     [+] Wrote enriched_session_111459_Normal.graphml (Nodes: 13, Edges: 17)
     [+] Wrote enriched_session_111424_Normal.graphml (Nodes: 13, Edges: 17)
     [+] Wrote enriched_session_111434_Normal.graphml (Nodes: 13, Edges: 17)
     [+] Wrote enriched_session_111432_Normal.graphml (Nodes: 13, Edges: 17)
     [+] Wrote enriched_session_111415_Normal.graphml (Nodes: 13, Edges: 17)
     [+] Wrote enriched_session_111410_Normal.graphml (Nodes: 13, Edges: 17)
     [+] Wrote enriched_session_111455_Normal.graphml (Nodes: 13, Edges: 17)
     [+] Wrote enriched_session_111456_Normal.graphml (Nodes: 13, Edges: 17)
     [+] Wrote enriched_session_111421_Normal.graphml (Nodes: 13, Edges: 17)
     [+] Wrote enriched_session_111465_Normal.graphml (Nodes: 13, Edges: 17)
     [+] Wrote enriched_session_111419_Normal.graphml (Nodes: 13, Edges: 17)
     [+] Wrote enriched_session_111452_Normal.graphml (Nodes: 13, Edges: 17)
     [+] Wrote enriched_session_111441_Normal.graphml (Nodes: 13, Edges: 17)
     [+] Wrote enriched_session_111442_Normal.graphml (Nodes: 13, Edges: 17)
     [+] Wrote enriched_session_111449_Normal.graphml (Nodes: 13, Edges: 17)
     [+] Wrote enriched_session_111460_Normal.graphml (Nodes: 13, Edges: 17)
     [+] Wrote enriched_session_111461_Normal.graphml (Nodes: 13, Edges: 17)
     [+] Wrote enriched_session_111447_Normal.graphml (Nodes: 13, Edges: 17)
     [+] Wrote enriched_session_111453_Normal.graphml (Nodes: 13, Edges: 17)
     [+] Wrote enriched_session_111416_Normal.graphml (Nodes: 13, Edges: 17)
     [+] Wrote enriched_session_111457_Normal.graphml (Nodes: 13, Edges: 17)
     [+] Wrote enriched_session_111444_Normal.graphml (Nodes: 13, Edges: 17)
     [+] Wrote enriched_session_111436_Normal.graphml (Nodes: 13, Edges: 17)
     [+] Wrote enriched_session_111426_Normal.graphml (Nodes: 13, Edges: 17)
     [+] Wrote enriched_session_111458_Normal.graphml (Nodes: 13, Edges: 17)
     [+] Wrote enriched_session_111427_Normal.graphml (Nodes: 13, Edges: 17)
     [+] Wrote enriched_session_111412_Normal.graphml (Nodes: 13, Edges: 17)
     [+] Wrote enriched_session_111439_Normal.graphml (Nodes: 13, Edges: 17)
     [+] Wrote enriched_session_111463_Normal.graphml (Nodes: 13, Edges: 17)
     [+] Wrote enriched_session_111451_Normal.graphml (Nodes: 13, Edges: 17)
     [+] Wrote enriched_session_111466_Normal.graphml (Nodes: 13, Edges: 17)
     [+] Wrote enriched_session_111431_Normal.graphml (Nodes: 13, Edges: 17)
     [+] Wrote enriched_session_111445_Normal.graphml (Nodes: 13, Edges: 17)
     [+] Wrote enriched_session_111440_Normal.graphml (Nodes: 13, Edges: 17)
     [+] Wrote enriched_session_111408_Normal.graphml (Nodes: 13, Edges: 17)
     [+] Wrote enriched_session_111462_Normal.graphml (Nodes: 13, Edges: 17)
     [+] Wrote enriched_session_111467_Normal.graphml (Nodes: 13, Edges: 17)
     [+] Wrote enriched_session_111464_Normal.graphml (Nodes: 13, Edges: 17)
     [+] Wrote enriched_session_111420_Normal.graphml (Nodes: 13, Edges: 17)
     [+] Wrote enriched_session_111433_Normal.graphml (Nodes: 13, Edges: 17)
     [+] Wrote enriched_session_111446_Normal.graphml (Nodes: 13, Edges: 17)
     [+] Wrote enriched_session_111454_Normal.graphml (Nodes: 13, Edges: 17)
     [+] Wrote enriched_session_111448_Normal.graphml (Nodes: 13, Edges: 17)
     [+] Wrote enriched_session_111418_Normal.graphml (Nodes: 13, Edges: 17)
     [+] Wrote enriched_session_111443_Normal.graphml (Nodes: 13, Edges: 17)
     [+] Wrote enriched_session_111423_Normal.graphml (Nodes: 13, Edges: 17)
     [+] Wrote enriched_session_111450_Normal.graphml (Nodes: 13, Edges: 17)
     [+] Wrote enriched_session_111468_Data_Exfiltration.graphml (Nodes: 4, Edges: 3)
     [+] Wrote enriched_session_111471_Data_Exfiltration.graphml (Nodes: 4, Edges: 3)
     [+] Wrote enriched_session_111478_Data_Exfiltration.graphml (Nodes: 4, Edges: 4)
     [+] Wrote enriched_session_111479_Data_Exfiltration.graphml (Nodes: 4, Edges: 3)
     [+] Wrote enriched_session_111480_Data_Exfiltration.graphml (Nodes: 4, Edges: 4)
     [+] Wrote enriched_session_111481_Data_Exfiltration.graphml (Nodes: 4, Edges: 4)
     [+] Wrote enriched_session_111484_Data_Exfiltration.graphml (Nodes: 4, Edges: 3)
     [+] Wrote enriched_session_111486_Data_Exfiltration.graphml (Nodes: 2, Edges: 1)
     [+] Wrote enriched_session_111495_Data_Exfiltration.graphml (Nodes: 3, Edges: 2)
     [+] Wrote enriched_session_111497_Unauthorized_DB_Read.graphml (Nodes: 4, Edges: 4)
     [+] Wrote enriched_session_111499_Unauthorized_DB_Read.graphml (Nodes: 4, Edges: 4)
     [+] Wrote enriched_session_111498_Unauthorized_DB_Read.graphml (Nodes: 4, Edges: 4)
     [+] Wrote enriched_session_111500_Data_Exfiltration.graphml (Nodes: 23, Edges: 21)
     [+] Wrote enriched_session_111513_Data_Exfiltration.graphml (Nodes: 53, Edges: 57)
     [+] Wrote enriched_session_111531_Data_Exfiltration.graphml (Nodes: 12, Edges: 10)
     [+] Wrote enriched_session_111532_Data_Exfiltration.graphml (Nodes: 35, Edges: 39)
     [+] Wrote enriched_session_111548_Data_Exfiltration.graphml (Nodes: 22, Edges: 23)
     [+] Wrote enriched_session_111563_Data_Exfiltration.graphml (Nodes: 22, Edges: 22)
     [+] Wrote enriched_session_111578_Data_Exfiltration.graphml (Nodes: 26, Edges: 30)
     [+] Wrote enriched_session_111595_Data_Exfiltration.graphml (Nodes: 26, Edges: 30)
     [+] Wrote enriched_session_111612_Data_Exfiltration.graphml (Nodes: 26, Edges: 30)
     [+] Wrote enriched_session_111629_Data_Exfiltration.graphml (Nodes: 26, Edges: 30)
     [+] Wrote enriched_session_111646_Data_Exfiltration.graphml (Nodes: 19, Edges: 17)
     [+] Wrote enriched_session_111660_Data_Exfiltration.graphml (Nodes: 19, Edges: 17)
     [+] Wrote enriched_session_111674_Data_Exfiltration.graphml (Nodes: 19, Edges: 17)
     [+] Wrote enriched_session_111688_Data_Exfiltration.graphml (Nodes: 19, Edges: 17)
     [+] Wrote enriched_session_111702_Data_Exfiltration.graphml (Nodes: 22, Edges: 23)
     [+] Wrote enriched_session_111717_Data_Exfiltration.graphml (Nodes: 22, Edges: 23)
     [+] Wrote enriched_session_111732_Data_Exfiltration.graphml (Nodes: 62, Edges: 66)
     [+] Wrote enriched_session_111748_Data_Exfiltration.graphml (Nodes: 36, Edges: 39)
     [+] Wrote enriched_session_111764_Data_Exfiltration.graphml (Nodes: 23, Edges: 23)
     [+] Wrote enriched_session_111779_Data_Exfiltration.graphml (Nodes: 23, Edges: 23)
     [+] Wrote enriched_session_111794_Data_Exfiltration.graphml (Nodes: 61, Edges: 64)
     [+] Wrote enriched_session_111810_Data_Exfiltration.graphml (Nodes: 35, Edges: 38)
     [+] Wrote enriched_session_111826_Data_Exfiltration.graphml (Nodes: 127, Edges: 127)
     [+] Wrote enriched_session_111841_Data_Exfiltration.graphml (Nodes: 62, Edges: 67)
     [+] Wrote enriched_session_111858_Data_Exfiltration.graphml (Nodes: 62, Edges: 68)
     [+] Wrote enriched_session_111875_Normal.graphml (Nodes: 24, Edges: 23)
     [+] Wrote enriched_session_111878_Normal.graphml (Nodes: 13, Edges: 11)
     [+] Wrote enriched_session_111881_Normal.graphml (Nodes: 59, Edges: 59)
     [+] Wrote enriched_session_111889_Normal.graphml (Nodes: 72, Edges: 73)
     [+] Wrote enriched_session_111921_OS_Privilege_Escalation.graphml (Nodes: 21, Edges: 21)
     [+] Wrote enriched_session_111936_OS_Privilege_Escalation.graphml (Nodes: 21, Edges: 21)
     [+] Wrote enriched_session_111951_OS_Privilege_Escalation.graphml (Nodes: 20, Edges: 20)
     [+] Wrote enriched_session_111979_OS_Privilege_Escalation.graphml (Nodes: 29, Edges: 35)
     [+] Wrote enriched_session_112009_OS_Privilege_Escalation.graphml (Nodes: 61, Edges: 65)
     [+] Wrote enriched_session_112025_OS_Privilege_Escalation.graphml (Nodes: 13, Edges: 11)
     [+] Wrote enriched_session_112027_OS_Privilege_Escalation.graphml (Nodes: 13, Edges: 11)
     [+] Wrote enriched_session_112029_OS_Privilege_Escalation.graphml (Nodes: 18, Edges: 17)
     [+] Wrote enriched_session_112042_OS_Privilege_Escalation.graphml (Nodes: 24, Edges: 25)
     [+] Wrote enriched_session_112058_OS_Privilege_Escalation.graphml (Nodes: 18, Edges: 16)
     [+] Wrote enriched_session_112071_OS_Privilege_Escalation.graphml (Nodes: 13, Edges: 11)
     [+] Wrote enriched_session_112084_SQL_Injection.graphml (Nodes: 13, Edges: 11)

==================================================
Starting End-to-End Pipeline for: dataset_test_run_13
==================================================
[1/3] Running Algorithm 1 (SAC)
  wrote dataset_test_run_13_event_table.json  (2388 events, 30834 read total)
  wrote dataset_test_run_13_session_correlation.csv  (2388 correlated pairs)
[2/3] Running Algorithm 2 (Graph Construction)
     => Generated 107 base session graphs natively in RAM
[3/3] Running Algorithm 3 (Behavior Abstraction & Serialization)
     [+] Wrote enriched_session_112401_Normal.graphml (Nodes: 4, Edges: 3)
     [+] Wrote enriched_session_112404_Sabotage.graphml (Nodes: 3, Edges: 2)
     [+] Wrote enriched_session_112403_Normal.graphml (Nodes: 9, Edges: 9)
     [+] Wrote enriched_session_112405_Data_Exfiltration.graphml (Nodes: 4, Edges: 3)
     [+] Wrote enriched_session_112419_Normal.graphml (Nodes: 13, Edges: 17)
     [+] Wrote enriched_session_112417_Normal.graphml (Nodes: 13, Edges: 17)
     [+] Wrote enriched_session_112430_Normal.graphml (Nodes: 13, Edges: 17)
     [+] Wrote enriched_session_112423_Normal.graphml (Nodes: 13, Edges: 17)
     [+] Wrote enriched_session_112457_Normal.graphml (Nodes: 13, Edges: 17)
     [+] Wrote enriched_session_112446_Normal.graphml (Nodes: 13, Edges: 17)
     [+] Wrote enriched_session_112426_Normal.graphml (Nodes: 13, Edges: 17)
     [+] Wrote enriched_session_112471_Normal.graphml (Nodes: 13, Edges: 17)
     [+] Wrote enriched_session_112418_Normal.graphml (Nodes: 13, Edges: 17)
     [+] Wrote enriched_session_112439_Normal.graphml (Nodes: 13, Edges: 17)
     [+] Wrote enriched_session_112448_Normal.graphml (Nodes: 13, Edges: 17)
     [+] Wrote enriched_session_112421_Normal.graphml (Nodes: 13, Edges: 17)
     [+] Wrote enriched_session_112440_Normal.graphml (Nodes: 13, Edges: 17)
     [+] Wrote enriched_session_112456_Normal.graphml (Nodes: 13, Edges: 17)
     [+] Wrote enriched_session_112453_Normal.graphml (Nodes: 13, Edges: 17)
     [+] Wrote enriched_session_112452_Normal.graphml (Nodes: 13, Edges: 17)
     [+] Wrote enriched_session_112427_Normal.graphml (Nodes: 13, Edges: 17)
     [+] Wrote enriched_session_112434_Normal.graphml (Nodes: 13, Edges: 17)
     [+] Wrote enriched_session_112467_Normal.graphml (Nodes: 13, Edges: 17)
     [+] Wrote enriched_session_112473_Normal.graphml (Nodes: 13, Edges: 17)
     [+] Wrote enriched_session_112437_Normal.graphml (Nodes: 13, Edges: 17)
     [+] Wrote enriched_session_112422_Normal.graphml (Nodes: 13, Edges: 17)
     [+] Wrote enriched_session_112445_Normal.graphml (Nodes: 13, Edges: 17)
     [+] Wrote enriched_session_112443_Normal.graphml (Nodes: 13, Edges: 17)
     [+] Wrote enriched_session_112449_Normal.graphml (Nodes: 13, Edges: 17)
     [+] Wrote enriched_session_112460_Normal.graphml (Nodes: 13, Edges: 17)
     [+] Wrote enriched_session_112463_Normal.graphml (Nodes: 13, Edges: 17)
     [+] Wrote enriched_session_112468_Normal.graphml (Nodes: 13, Edges: 17)
     [+] Wrote enriched_session_112450_Normal.graphml (Nodes: 13, Edges: 17)
     [+] Wrote enriched_session_112461_Normal.graphml (Nodes: 13, Edges: 17)
     [+] Wrote enriched_session_112454_Normal.graphml (Nodes: 13, Edges: 17)
     [+] Wrote enriched_session_112465_Normal.graphml (Nodes: 13, Edges: 17)
     [+] Wrote enriched_session_112458_Normal.graphml (Nodes: 13, Edges: 17)
     [+] Wrote enriched_session_112469_Normal.graphml (Nodes: 13, Edges: 17)
     [+] Wrote enriched_session_112459_Normal.graphml (Nodes: 13, Edges: 17)
     [+] Wrote enriched_session_112464_Normal.graphml (Nodes: 13, Edges: 17)
     [+] Wrote enriched_session_112472_Normal.graphml (Nodes: 13, Edges: 17)
     [+] Wrote enriched_session_112424_Normal.graphml (Nodes: 13, Edges: 17)
     [+] Wrote enriched_session_112462_Normal.graphml (Nodes: 13, Edges: 17)
     [+] Wrote enriched_session_112420_Normal.graphml (Nodes: 13, Edges: 17)
     [+] Wrote enriched_session_112451_Normal.graphml (Nodes: 13, Edges: 17)
     [+] Wrote enriched_session_112435_Normal.graphml (Nodes: 13, Edges: 17)
     [+] Wrote enriched_session_112436_Normal.graphml (Nodes: 13, Edges: 17)
     [+] Wrote enriched_session_112474_Normal.graphml (Nodes: 13, Edges: 17)
     [+] Wrote enriched_session_112455_Normal.graphml (Nodes: 13, Edges: 17)
     [+] Wrote enriched_session_112466_Normal.graphml (Nodes: 13, Edges: 17)
     [+] Wrote enriched_session_112470_Normal.graphml (Nodes: 13, Edges: 17)
     [+] Wrote enriched_session_112447_Normal.graphml (Nodes: 13, Edges: 17)
     [+] Wrote enriched_session_112428_Normal.graphml (Nodes: 13, Edges: 17)
     [+] Wrote enriched_session_112441_Normal.graphml (Nodes: 13, Edges: 17)
     [+] Wrote enriched_session_112475_Normal.graphml (Nodes: 4, Edges: 3)
     [+] Wrote enriched_session_112477_Normal.graphml (Nodes: 4, Edges: 3)
     [+] Wrote enriched_session_112485_Normal.graphml (Nodes: 4, Edges: 3)
     [+] Wrote enriched_session_112487_Normal.graphml (Nodes: 4, Edges: 3)
     [+] Wrote enriched_session_112488_Normal.graphml (Nodes: 4, Edges: 4)
     [+] Wrote enriched_session_112492_Normal.graphml (Nodes: 4, Edges: 4)
     [+] Wrote enriched_session_112491_Normal.graphml (Nodes: 4, Edges: 4)
     [+] Wrote enriched_session_112493_Normal.graphml (Nodes: 2, Edges: 1)
     [+] Wrote enriched_session_112502_Normal.graphml (Nodes: 3, Edges: 2)
     [+] Wrote enriched_session_112504_Normal.graphml (Nodes: 29, Edges: 27)
     [+] Wrote enriched_session_112505_Unauthorized_DB_Read.graphml (Nodes: 10, Edges: 9)
     [+] Wrote enriched_session_112508_Unauthorized_DB_Read.graphml (Nodes: 19, Edges: 18)
     [+] Wrote enriched_session_112509_Unauthorized_DB_Read.graphml (Nodes: 19, Edges: 18)
     [+] Wrote enriched_session_112510_Data_Exfiltration.graphml (Nodes: 12, Edges: 10)
     [+] Wrote enriched_session_112523_Data_Exfiltration.graphml (Nodes: 61, Edges: 65)
     [+] Wrote enriched_session_112539_Data_Exfiltration.graphml (Nodes: 35, Edges: 39)
     [+] Wrote enriched_session_112555_Data_Exfiltration.graphml (Nodes: 22, Edges: 23)
     [+] Wrote enriched_session_112570_Data_Exfiltration.graphml (Nodes: 22, Edges: 23)
     [+] Wrote enriched_session_112585_Data_Exfiltration.graphml (Nodes: 26, Edges: 31)
     [+] Wrote enriched_session_112602_Data_Exfiltration.graphml (Nodes: 26, Edges: 31)
     [+] Wrote enriched_session_112619_Data_Exfiltration.graphml (Nodes: 26, Edges: 31)
     [+] Wrote enriched_session_112636_Data_Exfiltration.graphml (Nodes: 26, Edges: 30)
     [+] Wrote enriched_session_112653_Data_Exfiltration.graphml (Nodes: 19, Edges: 17)
     [+] Wrote enriched_session_112667_Data_Exfiltration.graphml (Nodes: 19, Edges: 17)
     [+] Wrote enriched_session_112681_Data_Exfiltration.graphml (Nodes: 19, Edges: 17)
     [+] Wrote enriched_session_112695_Data_Exfiltration.graphml (Nodes: 19, Edges: 17)
     [+] Wrote enriched_session_112709_Data_Exfiltration.graphml (Nodes: 22, Edges: 23)
     [+] Wrote enriched_session_112724_Data_Exfiltration.graphml (Nodes: 22, Edges: 23)
     [+] Wrote enriched_session_112739_Data_Exfiltration.graphml (Nodes: 62, Edges: 66)
     [+] Wrote enriched_session_112755_Data_Exfiltration.graphml (Nodes: 36, Edges: 40)
     [+] Wrote enriched_session_112771_Data_Exfiltration.graphml (Nodes: 23, Edges: 24)
     [+] Wrote enriched_session_112786_Data_Exfiltration.graphml (Nodes: 23, Edges: 24)
     [+] Wrote enriched_session_112801_Data_Exfiltration.graphml (Nodes: 61, Edges: 65)
     [+] Wrote enriched_session_112817_Data_Exfiltration.graphml (Nodes: 35, Edges: 39)
     [+] Wrote enriched_session_112833_Data_Exfiltration.graphml (Nodes: 127, Edges: 128)
     [+] Wrote enriched_session_112848_Data_Exfiltration.graphml (Nodes: 62, Edges: 67)
     [+] Wrote enriched_session_112865_Data_Exfiltration.graphml (Nodes: 62, Edges: 67)
     [+] Wrote enriched_session_112899_Normal.graphml (Nodes: 26, Edges: 25)
     [+] Wrote enriched_session_112902_Normal.graphml (Nodes: 13, Edges: 11)
     [+] Wrote enriched_session_112905_Normal.graphml (Nodes: 59, Edges: 60)
     [+] Wrote enriched_session_112913_Normal.graphml (Nodes: 72, Edges: 74)
     [+] Wrote enriched_session_112945_OS_Privilege_Escalation.graphml (Nodes: 21, Edges: 22)
     [+] Wrote enriched_session_112960_OS_Privilege_Escalation.graphml (Nodes: 21, Edges: 22)
     [+] Wrote enriched_session_112975_OS_Privilege_Escalation.graphml (Nodes: 20, Edges: 21)
     [+] Wrote enriched_session_113003_OS_Privilege_Escalation.graphml (Nodes: 29, Edges: 36)
     [+] Wrote enriched_session_113033_Attack.graphml (Nodes: 61, Edges: 65)
     [+] Wrote enriched_session_113049_Attack.graphml (Nodes: 13, Edges: 11)
     [+] Wrote enriched_session_113051_Attack.graphml (Nodes: 13, Edges: 11)
     [+] Wrote enriched_session_113053_Attack.graphml (Nodes: 18, Edges: 17)
     [+] Wrote enriched_session_113066_Attack.graphml (Nodes: 22, Edges: 23)
     [+] Wrote enriched_session_113082_Attack.graphml (Nodes: 18, Edges: 16)
     [+] Wrote enriched_session_113095_Attack.graphml (Nodes: 13, Edges: 11)
     [+] Wrote enriched_session_113108_Attack.graphml (Nodes: 13, Edges: 11)

==================================================
Starting End-to-End Pipeline for: dataset_test_run_14
==================================================
[1/3] Running Algorithm 1 (SAC)
  wrote dataset_test_run_14_event_table.json  (2325 events, 31096 read total)
  wrote dataset_test_run_14_session_correlation.csv  (2325 correlated pairs)
[2/3] Running Algorithm 2 (Graph Construction)
     => Generated 107 base session graphs natively in RAM
[3/3] Running Algorithm 3 (Behavior Abstraction & Serialization)
     [+] Wrote enriched_session_113426_Sabotage.graphml (Nodes: 3, Edges: 2)
     [+] Wrote enriched_session_113432_Data_Exfiltration.graphml (Nodes: 4, Edges: 3)
     [+] Wrote enriched_session_113433_Data_Exfiltration.graphml (Nodes: 9, Edges: 9)
     [+] Wrote enriched_session_113443_Data_Exfiltration.graphml (Nodes: 4, Edges: 3)
     [+] Wrote enriched_session_113450_Normal.graphml (Nodes: 13, Edges: 17)
     [+] Wrote enriched_session_113462_Normal.graphml (Nodes: 13, Edges: 17)
     [+] Wrote enriched_session_113445_Normal.graphml (Nodes: 13, Edges: 17)
     [+] Wrote enriched_session_113448_Normal.graphml (Nodes: 13, Edges: 17)
     [+] Wrote enriched_session_113455_Normal.graphml (Nodes: 13, Edges: 17)
     [+] Wrote enriched_session_113440_Normal.graphml (Nodes: 13, Edges: 17)
     [+] Wrote enriched_session_113468_Normal.graphml (Nodes: 13, Edges: 17)
     [+] Wrote enriched_session_113441_Normal.graphml (Nodes: 13, Edges: 17)
     [+] Wrote enriched_session_113451_Normal.graphml (Nodes: 13, Edges: 17)
     [+] Wrote enriched_session_113444_Normal.graphml (Nodes: 13, Edges: 17)
     [+] Wrote enriched_session_113475_Normal.graphml (Nodes: 13, Edges: 17)
     [+] Wrote enriched_session_113478_Normal.graphml (Nodes: 13, Edges: 17)
     [+] Wrote enriched_session_113464_Normal.graphml (Nodes: 13, Edges: 17)
     [+] Wrote enriched_session_113483_Normal.graphml (Nodes: 13, Edges: 17)
     [+] Wrote enriched_session_113487_Normal.graphml (Nodes: 13, Edges: 17)
     [+] Wrote enriched_session_113463_Normal.graphml (Nodes: 13, Edges: 17)
     [+] Wrote enriched_session_113447_Normal.graphml (Nodes: 13, Edges: 17)
     [+] Wrote enriched_session_113456_Normal.graphml (Nodes: 13, Edges: 17)
     [+] Wrote enriched_session_113490_Normal.graphml (Nodes: 13, Edges: 17)
     [+] Wrote enriched_session_113477_Normal.graphml (Nodes: 13, Edges: 17)
     [+] Wrote enriched_session_113498_Normal.graphml (Nodes: 13, Edges: 17)
     [+] Wrote enriched_session_113452_Normal.graphml (Nodes: 13, Edges: 17)
     [+] Wrote enriched_session_113491_Normal.graphml (Nodes: 13, Edges: 17)
     [+] Wrote enriched_session_113499_Normal.graphml (Nodes: 13, Edges: 17)
     [+] Wrote enriched_session_113466_Normal.graphml (Nodes: 13, Edges: 17)
     [+] Wrote enriched_session_113494_Normal.graphml (Nodes: 13, Edges: 17)
     [+] Wrote enriched_session_113496_Normal.graphml (Nodes: 13, Edges: 17)
     [+] Wrote enriched_session_113442_Normal.graphml (Nodes: 13, Edges: 17)
     [+] Wrote enriched_session_113486_Normal.graphml (Nodes: 13, Edges: 17)
     [+] Wrote enriched_session_113474_Normal.graphml (Nodes: 13, Edges: 17)
     [+] Wrote enriched_session_113493_Normal.graphml (Nodes: 13, Edges: 17)
     [+] Wrote enriched_session_113482_Normal.graphml (Nodes: 13, Edges: 17)
     [+] Wrote enriched_session_113485_Normal.graphml (Nodes: 13, Edges: 17)
     [+] Wrote enriched_session_113479_Normal.graphml (Nodes: 13, Edges: 17)
     [+] Wrote enriched_session_113446_Normal.graphml (Nodes: 13, Edges: 17)
     [+] Wrote enriched_session_113481_Normal.graphml (Nodes: 13, Edges: 17)
     [+] Wrote enriched_session_113467_Normal.graphml (Nodes: 13, Edges: 17)
     [+] Wrote enriched_session_113473_Normal.graphml (Nodes: 13, Edges: 17)
     [+] Wrote enriched_session_113489_Normal.graphml (Nodes: 13, Edges: 17)
     [+] Wrote enriched_session_113454_Normal.graphml (Nodes: 13, Edges: 17)
     [+] Wrote enriched_session_113495_Normal.graphml (Nodes: 13, Edges: 17)
     [+] Wrote enriched_session_113470_Normal.graphml (Nodes: 13, Edges: 17)
     [+] Wrote enriched_session_113488_Normal.graphml (Nodes: 13, Edges: 17)
     [+] Wrote enriched_session_113476_Normal.graphml (Nodes: 13, Edges: 17)
     [+] Wrote enriched_session_113465_Normal.graphml (Nodes: 13, Edges: 17)
     [+] Wrote enriched_session_113480_Normal.graphml (Nodes: 13, Edges: 17)
     [+] Wrote enriched_session_113492_Normal.graphml (Nodes: 13, Edges: 17)
     [+] Wrote enriched_session_113484_Normal.graphml (Nodes: 13, Edges: 17)
     [+] Wrote enriched_session_113458_Normal.graphml (Nodes: 13, Edges: 17)
     [+] Wrote enriched_session_113497_Normal.graphml (Nodes: 13, Edges: 17)
     [+] Wrote enriched_session_113500_Data_Exfiltration.graphml (Nodes: 4, Edges: 3)
     [+] Wrote enriched_session_113503_Data_Exfiltration.graphml (Nodes: 4, Edges: 3)
     [+] Wrote enriched_session_113510_Data_Exfiltration.graphml (Nodes: 4, Edges: 4)
     [+] Wrote enriched_session_113511_Data_Exfiltration.graphml (Nodes: 4, Edges: 3)
     [+] Wrote enriched_session_113513_Data_Exfiltration.graphml (Nodes: 4, Edges: 4)
     [+] Wrote enriched_session_113512_Data_Exfiltration.graphml (Nodes: 4, Edges: 4)
     [+] Wrote enriched_session_113515_Data_Exfiltration.graphml (Nodes: 4, Edges: 3)
     [+] Wrote enriched_session_113518_Data_Exfiltration.graphml (Nodes: 2, Edges: 1)
     [+] Wrote enriched_session_113527_Data_Exfiltration.graphml (Nodes: 3, Edges: 2)
     [+] Wrote enriched_session_113529_Unauthorized_DB_Read.graphml (Nodes: 4, Edges: 4)
     [+] Wrote enriched_session_113531_Unauthorized_DB_Read.graphml (Nodes: 4, Edges: 4)
     [+] Wrote enriched_session_113530_Unauthorized_DB_Read.graphml (Nodes: 4, Edges: 4)
     [+] Wrote enriched_session_113532_Data_Exfiltration.graphml (Nodes: 29, Edges: 27)
     [+] Wrote enriched_session_113545_Data_Exfiltration.graphml (Nodes: 53, Edges: 57)
     [+] Wrote enriched_session_113566_Data_Exfiltration.graphml (Nodes: 12, Edges: 10)
     [+] Wrote enriched_session_113567_Data_Exfiltration.graphml (Nodes: 35, Edges: 39)
     [+] Wrote enriched_session_113583_Data_Exfiltration.graphml (Nodes: 22, Edges: 23)
     [+] Wrote enriched_session_113598_Data_Exfiltration.graphml (Nodes: 22, Edges: 22)
     [+] Wrote enriched_session_113613_Data_Exfiltration.graphml (Nodes: 26, Edges: 30)
     [+] Wrote enriched_session_113630_Data_Exfiltration.graphml (Nodes: 26, Edges: 30)
     [+] Wrote enriched_session_113647_Data_Exfiltration.graphml (Nodes: 26, Edges: 30)
     [+] Wrote enriched_session_113664_Data_Exfiltration.graphml (Nodes: 26, Edges: 30)
     [+] Wrote enriched_session_113681_Data_Exfiltration.graphml (Nodes: 19, Edges: 17)
     [+] Wrote enriched_session_113695_Data_Exfiltration.graphml (Nodes: 19, Edges: 17)
     [+] Wrote enriched_session_113709_Data_Exfiltration.graphml (Nodes: 19, Edges: 18)
     [+] Wrote enriched_session_113723_Data_Exfiltration.graphml (Nodes: 19, Edges: 18)
     [+] Wrote enriched_session_113737_Data_Exfiltration.graphml (Nodes: 22, Edges: 23)
     [+] Wrote enriched_session_113752_Data_Exfiltration.graphml (Nodes: 22, Edges: 23)
     [+] Wrote enriched_session_113767_Data_Exfiltration.graphml (Nodes: 62, Edges: 66)
     [+] Wrote enriched_session_113783_Data_Exfiltration.graphml (Nodes: 36, Edges: 40)
     [+] Wrote enriched_session_113799_Data_Exfiltration.graphml (Nodes: 23, Edges: 23)
     [+] Wrote enriched_session_113814_Data_Exfiltration.graphml (Nodes: 23, Edges: 23)
     [+] Wrote enriched_session_113829_Data_Exfiltration.graphml (Nodes: 61, Edges: 64)
     [+] Wrote enriched_session_113845_Data_Exfiltration.graphml (Nodes: 35, Edges: 38)
     [+] Wrote enriched_session_113861_Data_Exfiltration.graphml (Nodes: 127, Edges: 127)
     [+] Wrote enriched_session_113876_Data_Exfiltration.graphml (Nodes: 62, Edges: 68)
     [+] Wrote enriched_session_113893_Data_Exfiltration.graphml (Nodes: 62, Edges: 68)
     [+] Wrote enriched_session_113908_Normal.graphml (Nodes: 18, Edges: 17)
     [+] Wrote enriched_session_113913_Normal.graphml (Nodes: 13, Edges: 11)
     [+] Wrote enriched_session_113916_Normal.graphml (Nodes: 59, Edges: 60)
     [+] Wrote enriched_session_113924_Normal.graphml (Nodes: 72, Edges: 74)
     [+] Wrote enriched_session_113956_OS_Privilege_Escalation.graphml (Nodes: 21, Edges: 21)
     [+] Wrote enriched_session_113971_OS_Privilege_Escalation.graphml (Nodes: 21, Edges: 21)
     [+] Wrote enriched_session_113986_OS_Privilege_Escalation.graphml (Nodes: 20, Edges: 20)
     [+] Wrote enriched_session_114014_OS_Privilege_Escalation.graphml (Nodes: 29, Edges: 35)
     [+] Wrote enriched_session_114044_OS_Privilege_Escalation.graphml (Nodes: 61, Edges: 66)
     [+] Wrote enriched_session_114060_OS_Privilege_Escalation.graphml (Nodes: 13, Edges: 11)
     [+] Wrote enriched_session_114062_OS_Privilege_Escalation.graphml (Nodes: 13, Edges: 11)
     [+] Wrote enriched_session_114064_OS_Privilege_Escalation.graphml (Nodes: 18, Edges: 17)
     [+] Wrote enriched_session_114077_OS_Privilege_Escalation.graphml (Nodes: 22, Edges: 23)
     [+] Wrote enriched_session_114093_OS_Privilege_Escalation.graphml (Nodes: 18, Edges: 16)
     [+] Wrote enriched_session_114106_OS_Privilege_Escalation.graphml (Nodes: 13, Edges: 11)
     [+] Wrote enriched_session_114119_SQL_Injection.graphml (Nodes: 13, Edges: 11)

==================================================
Starting End-to-End Pipeline for: dataset_test_run_15
==================================================
[1/3] Running Algorithm 1 (SAC)
  wrote dataset_test_run_15_event_table.json  (2359 events, 26571 read total)
  wrote dataset_test_run_15_session_correlation.csv  (2359 correlated pairs)
[2/3] Running Algorithm 2 (Graph Construction)
     => Generated 107 base session graphs natively in RAM
[3/3] Running Algorithm 3 (Behavior Abstraction & Serialization)
     [+] Wrote enriched_session_114437_Normal.graphml (Nodes: 4, Edges: 3)
     [+] Wrote enriched_session_114439_Sabotage.graphml (Nodes: 3, Edges: 2)
     [+] Wrote enriched_session_114442_Normal.graphml (Nodes: 9, Edges: 9)
     [+] Wrote enriched_session_114453_Data_Exfiltration.graphml (Nodes: 4, Edges: 3)
     [+] Wrote enriched_session_114466_Normal.graphml (Nodes: 13, Edges: 17)
     [+] Wrote enriched_session_114449_Normal.graphml (Nodes: 13, Edges: 17)
     [+] Wrote enriched_session_114469_Normal.graphml (Nodes: 13, Edges: 17)
     [+] Wrote enriched_session_114495_Normal.graphml (Nodes: 13, Edges: 17)
     [+] Wrote enriched_session_114455_Normal.graphml (Nodes: 13, Edges: 17)
     [+] Wrote enriched_session_114470_Normal.graphml (Nodes: 13, Edges: 17)
     [+] Wrote enriched_session_114473_Normal.graphml (Nodes: 13, Edges: 17)
     [+] Wrote enriched_session_114459_Normal.graphml (Nodes: 13, Edges: 17)
     [+] Wrote enriched_session_114464_Normal.graphml (Nodes: 13, Edges: 17)
     [+] Wrote enriched_session_114504_Normal.graphml (Nodes: 13, Edges: 17)
     [+] Wrote enriched_session_114489_Normal.graphml (Nodes: 13, Edges: 17)
     [+] Wrote enriched_session_114486_Normal.graphml (Nodes: 13, Edges: 17)
     [+] Wrote enriched_session_114451_Normal.graphml (Nodes: 13, Edges: 17)
     [+] Wrote enriched_session_114465_Normal.graphml (Nodes: 13, Edges: 17)
     [+] Wrote enriched_session_114509_Normal.graphml (Nodes: 13, Edges: 17)
     [+] Wrote enriched_session_114467_Normal.graphml (Nodes: 13, Edges: 17)
     [+] Wrote enriched_session_114491_Normal.graphml (Nodes: 13, Edges: 17)
     [+] Wrote enriched_session_114482_Normal.graphml (Nodes: 13, Edges: 17)
     [+] Wrote enriched_session_114478_Normal.graphml (Nodes: 13, Edges: 17)
     [+] Wrote enriched_session_114507_Normal.graphml (Nodes: 13, Edges: 17)
     [+] Wrote enriched_session_114476_Normal.graphml (Nodes: 13, Edges: 17)
     [+] Wrote enriched_session_114472_Normal.graphml (Nodes: 13, Edges: 17)
     [+] Wrote enriched_session_114503_Normal.graphml (Nodes: 13, Edges: 17)
     [+] Wrote enriched_session_114450_Normal.graphml (Nodes: 13, Edges: 17)
     [+] Wrote enriched_session_114454_Normal.graphml (Nodes: 13, Edges: 17)
     [+] Wrote enriched_session_114510_Normal.graphml (Nodes: 13, Edges: 17)
     [+] Wrote enriched_session_114452_Normal.graphml (Nodes: 13, Edges: 17)
     [+] Wrote enriched_session_114475_Normal.graphml (Nodes: 13, Edges: 17)
     [+] Wrote enriched_session_114461_Normal.graphml (Nodes: 13, Edges: 17)
     [+] Wrote enriched_session_114457_Normal.graphml (Nodes: 13, Edges: 17)
     [+] Wrote enriched_session_114498_Normal.graphml (Nodes: 13, Edges: 17)
     [+] Wrote enriched_session_114480_Normal.graphml (Nodes: 13, Edges: 17)
     [+] Wrote enriched_session_114479_Normal.graphml (Nodes: 13, Edges: 17)
     [+] Wrote enriched_session_114468_Normal.graphml (Nodes: 13, Edges: 17)
     [+] Wrote enriched_session_114456_Normal.graphml (Nodes: 13, Edges: 17)
     [+] Wrote enriched_session_114462_Normal.graphml (Nodes: 13, Edges: 17)
     [+] Wrote enriched_session_114505_Normal.graphml (Nodes: 13, Edges: 17)
     [+] Wrote enriched_session_114493_Normal.graphml (Nodes: 13, Edges: 17)
     [+] Wrote enriched_session_114490_Normal.graphml (Nodes: 13, Edges: 17)
     [+] Wrote enriched_session_114492_Normal.graphml (Nodes: 13, Edges: 17)
     [+] Wrote enriched_session_114474_Normal.graphml (Nodes: 13, Edges: 17)
     [+] Wrote enriched_session_114494_Normal.graphml (Nodes: 13, Edges: 17)
     [+] Wrote enriched_session_114487_Normal.graphml (Nodes: 13, Edges: 17)
     [+] Wrote enriched_session_114499_Normal.graphml (Nodes: 13, Edges: 17)
     [+] Wrote enriched_session_114488_Normal.graphml (Nodes: 13, Edges: 17)
     [+] Wrote enriched_session_114497_Normal.graphml (Nodes: 13, Edges: 17)
     [+] Wrote enriched_session_114508_Normal.graphml (Nodes: 13, Edges: 17)
     [+] Wrote enriched_session_114471_Normal.graphml (Nodes: 13, Edges: 17)
     [+] Wrote enriched_session_114502_Normal.graphml (Nodes: 13, Edges: 17)
     [+] Wrote enriched_session_114506_Normal.graphml (Nodes: 13, Edges: 17)
     [+] Wrote enriched_session_114512_Normal.graphml (Nodes: 4, Edges: 3)
     [+] Wrote enriched_session_114515_Normal.graphml (Nodes: 4, Edges: 3)
     [+] Wrote enriched_session_114519_Normal.graphml (Nodes: 4, Edges: 3)
     [+] Wrote enriched_session_114523_Normal.graphml (Nodes: 4, Edges: 3)
     [+] Wrote enriched_session_114526_Normal.graphml (Nodes: 2, Edges: 1)
     [+] Wrote enriched_session_114528_Normal.graphml (Nodes: 4, Edges: 4)
     [+] Wrote enriched_session_114529_Normal.graphml (Nodes: 4, Edges: 4)
     [+] Wrote enriched_session_114530_Normal.graphml (Nodes: 4, Edges: 4)
     [+] Wrote enriched_session_114531_Normal.graphml (Nodes: 3, Edges: 2)
     [+] Wrote enriched_session_114535_Normal.graphml (Nodes: 17, Edges: 15)
     [+] Wrote enriched_session_114541_Unauthorized_DB_Read.graphml (Nodes: 10, Edges: 9)
     [+] Wrote enriched_session_114544_Unauthorized_DB_Read.graphml (Nodes: 19, Edges: 18)
     [+] Wrote enriched_session_114545_Unauthorized_DB_Read.graphml (Nodes: 19, Edges: 18)
     [+] Wrote enriched_session_114546_Data_Exfiltration.graphml (Nodes: 12, Edges: 10)
     [+] Wrote enriched_session_114559_Data_Exfiltration.graphml (Nodes: 61, Edges: 64)
     [+] Wrote enriched_session_114575_Data_Exfiltration.graphml (Nodes: 35, Edges: 38)
     [+] Wrote enriched_session_114591_Data_Exfiltration.graphml (Nodes: 22, Edges: 22)
     [+] Wrote enriched_session_114606_Data_Exfiltration.graphml (Nodes: 22, Edges: 22)
     [+] Wrote enriched_session_114621_Data_Exfiltration.graphml (Nodes: 26, Edges: 30)
     [+] Wrote enriched_session_114638_Data_Exfiltration.graphml (Nodes: 26, Edges: 31)
     [+] Wrote enriched_session_114655_Data_Exfiltration.graphml (Nodes: 26, Edges: 31)
     [+] Wrote enriched_session_114672_Data_Exfiltration.graphml (Nodes: 26, Edges: 30)
     [+] Wrote enriched_session_114689_Data_Exfiltration.graphml (Nodes: 19, Edges: 17)
     [+] Wrote enriched_session_114703_Data_Exfiltration.graphml (Nodes: 19, Edges: 17)
     [+] Wrote enriched_session_114717_Data_Exfiltration.graphml (Nodes: 19, Edges: 17)
     [+] Wrote enriched_session_114731_Data_Exfiltration.graphml (Nodes: 19, Edges: 17)
     [+] Wrote enriched_session_114745_Data_Exfiltration.graphml (Nodes: 22, Edges: 22)
     [+] Wrote enriched_session_114760_Data_Exfiltration.graphml (Nodes: 22, Edges: 22)
     [+] Wrote enriched_session_114775_Data_Exfiltration.graphml (Nodes: 62, Edges: 65)
     [+] Wrote enriched_session_114791_Data_Exfiltration.graphml (Nodes: 36, Edges: 39)
     [+] Wrote enriched_session_114807_Data_Exfiltration.graphml (Nodes: 23, Edges: 23)
     [+] Wrote enriched_session_114822_Data_Exfiltration.graphml (Nodes: 23, Edges: 23)
     [+] Wrote enriched_session_114837_Data_Exfiltration.graphml (Nodes: 61, Edges: 65)
     [+] Wrote enriched_session_114854_Data_Exfiltration.graphml (Nodes: 35, Edges: 39)
     [+] Wrote enriched_session_114870_Normal.graphml (Nodes: 127, Edges: 127)
     [+] Wrote enriched_session_114885_Data_Exfiltration.graphml (Nodes: 62, Edges: 67)
     [+] Wrote enriched_session_114902_Data_Exfiltration.graphml (Nodes: 62, Edges: 67)
     [+] Wrote enriched_session_114919_Normal.graphml (Nodes: 18, Edges: 17)
     [+] Wrote enriched_session_114923_Normal.graphml (Nodes: 13, Edges: 11)
     [+] Wrote enriched_session_114926_Normal.graphml (Nodes: 59, Edges: 59)
     [+] Wrote enriched_session_114934_Normal.graphml (Nodes: 72, Edges: 73)
     [+] Wrote enriched_session_114966_OS_Privilege_Escalation.graphml (Nodes: 21, Edges: 21)
     [+] Wrote enriched_session_114981_OS_Privilege_Escalation.graphml (Nodes: 21, Edges: 22)
     [+] Wrote enriched_session_114996_OS_Privilege_Escalation.graphml (Nodes: 20, Edges: 21)
     [+] Wrote enriched_session_115024_Attack.graphml (Nodes: 29, Edges: 35)
     [+] Wrote enriched_session_115054_Attack.graphml (Nodes: 61, Edges: 65)
     [+] Wrote enriched_session_115070_Attack.graphml (Nodes: 13, Edges: 11)
     [+] Wrote enriched_session_115072_Attack.graphml (Nodes: 13, Edges: 11)
     [+] Wrote enriched_session_115075_Attack.graphml (Nodes: 18, Edges: 17)
     [+] Wrote enriched_session_115088_Attack.graphml (Nodes: 22, Edges: 22)
     [+] Wrote enriched_session_115104_Attack.graphml (Nodes: 18, Edges: 16)
     [+] Wrote enriched_session_115117_Attack.graphml (Nodes: 13, Edges: 11)
     [+] Wrote enriched_session_115130_Attack.graphml (Nodes: 13, Edges: 11)

==================================================
Starting End-to-End Pipeline for: dataset_test_run_16
==================================================
[1/3] Running Algorithm 1 (SAC)
  wrote dataset_test_run_16_event_table.json  (2302 events, 29148 read total)
  wrote dataset_test_run_16_session_correlation.csv  (2302 correlated pairs)
[2/3] Running Algorithm 2 (Graph Construction)
     => Generated 107 base session graphs natively in RAM
[3/3] Running Algorithm 3 (Behavior Abstraction & Serialization)
     [+] Wrote enriched_session_115448_Normal.graphml (Nodes: 4, Edges: 3)
     [+] Wrote enriched_session_115450_Sabotage.graphml (Nodes: 3, Edges: 2)
     [+] Wrote enriched_session_115451_Normal.graphml (Nodes: 9, Edges: 9)
     [+] Wrote enriched_session_115464_Data_Exfiltration.graphml (Nodes: 4, Edges: 3)
     [+] Wrote enriched_session_115552_Data_Exfiltration.graphml (Nodes: 25, Edges: 23)
     [+] Wrote enriched_session_115471_Normal.graphml (Nodes: 13, Edges: 17)
     [+] Wrote enriched_session_115517_Normal.graphml (Nodes: 13, Edges: 17)
     [+] Wrote enriched_session_115461_Normal.graphml (Nodes: 13, Edges: 17)
     [+] Wrote enriched_session_115466_Normal.graphml (Nodes: 13, Edges: 17)
     [+] Wrote enriched_session_115478_Normal.graphml (Nodes: 13, Edges: 17)
     [+] Wrote enriched_session_115476_Normal.graphml (Nodes: 13, Edges: 17)
     [+] Wrote enriched_session_115488_Normal.graphml (Nodes: 13, Edges: 17)
     [+] Wrote enriched_session_115482_Normal.graphml (Nodes: 13, Edges: 17)
     [+] Wrote enriched_session_115520_Normal.graphml (Nodes: 13, Edges: 17)
     [+] Wrote enriched_session_115510_Normal.graphml (Nodes: 13, Edges: 17)
     [+] Wrote enriched_session_115512_Normal.graphml (Nodes: 13, Edges: 17)
     [+] Wrote enriched_session_115470_Normal.graphml (Nodes: 13, Edges: 17)
     [+] Wrote enriched_session_115480_Normal.graphml (Nodes: 13, Edges: 17)
     [+] Wrote enriched_session_115460_Normal.graphml (Nodes: 13, Edges: 17)
     [+] Wrote enriched_session_115501_Normal.graphml (Nodes: 13, Edges: 17)
     [+] Wrote enriched_session_115467_Normal.graphml (Nodes: 13, Edges: 17)
     [+] Wrote enriched_session_115497_Normal.graphml (Nodes: 13, Edges: 17)
     [+] Wrote enriched_session_115507_Normal.graphml (Nodes: 13, Edges: 17)
     [+] Wrote enriched_session_115473_Normal.graphml (Nodes: 13, Edges: 17)
     [+] Wrote enriched_session_115468_Normal.graphml (Nodes: 13, Edges: 17)
     [+] Wrote enriched_session_115505_Normal.graphml (Nodes: 13, Edges: 17)
     [+] Wrote enriched_session_115465_Normal.graphml (Nodes: 13, Edges: 17)
     [+] Wrote enriched_session_115481_Normal.graphml (Nodes: 13, Edges: 17)
     [+] Wrote enriched_session_115474_Normal.graphml (Nodes: 13, Edges: 17)
     [+] Wrote enriched_session_115509_Normal.graphml (Nodes: 13, Edges: 17)
     [+] Wrote enriched_session_115496_Normal.graphml (Nodes: 13, Edges: 17)
     [+] Wrote enriched_session_115483_Normal.graphml (Nodes: 13, Edges: 17)
     [+] Wrote enriched_session_115477_Normal.graphml (Nodes: 13, Edges: 17)
     [+] Wrote enriched_session_115487_Normal.graphml (Nodes: 13, Edges: 17)
     [+] Wrote enriched_session_115485_Normal.graphml (Nodes: 13, Edges: 17)
     [+] Wrote enriched_session_115515_Normal.graphml (Nodes: 13, Edges: 17)
     [+] Wrote enriched_session_115491_Normal.graphml (Nodes: 13, Edges: 17)
     [+] Wrote enriched_session_115462_Normal.graphml (Nodes: 13, Edges: 17)
     [+] Wrote enriched_session_115518_Normal.graphml (Nodes: 13, Edges: 17)
     [+] Wrote enriched_session_115463_Normal.graphml (Nodes: 13, Edges: 17)
     [+] Wrote enriched_session_115479_Normal.graphml (Nodes: 13, Edges: 17)
     [+] Wrote enriched_session_115499_Normal.graphml (Nodes: 13, Edges: 17)
     [+] Wrote enriched_session_115490_Normal.graphml (Nodes: 13, Edges: 17)
     [+] Wrote enriched_session_115508_Normal.graphml (Nodes: 13, Edges: 17)
     [+] Wrote enriched_session_115511_Normal.graphml (Nodes: 13, Edges: 17)
     [+] Wrote enriched_session_115514_Normal.graphml (Nodes: 13, Edges: 17)
     [+] Wrote enriched_session_115516_Normal.graphml (Nodes: 13, Edges: 17)
     [+] Wrote enriched_session_115495_Normal.graphml (Nodes: 13, Edges: 17)
     [+] Wrote enriched_session_115504_Normal.graphml (Nodes: 13, Edges: 17)
     [+] Wrote enriched_session_115506_Normal.graphml (Nodes: 13, Edges: 17)
     [+] Wrote enriched_session_115498_Normal.graphml (Nodes: 13, Edges: 17)
     [+] Wrote enriched_session_115519_Normal.graphml (Nodes: 13, Edges: 17)
     [+] Wrote enriched_session_115521_Normal.graphml (Nodes: 13, Edges: 17)
     [+] Wrote enriched_session_115484_Normal.graphml (Nodes: 13, Edges: 17)
     [+] Wrote enriched_session_115513_Normal.graphml (Nodes: 13, Edges: 17)
     [+] Wrote enriched_session_115522_Data_Exfiltration.graphml (Nodes: 4, Edges: 3)
     [+] Wrote enriched_session_115526_Data_Exfiltration.graphml (Nodes: 4, Edges: 3)
     [+] Wrote enriched_session_115532_Data_Exfiltration.graphml (Nodes: 4, Edges: 3)
     [+] Wrote enriched_session_115533_Data_Exfiltration.graphml (Nodes: 4, Edges: 4)
     [+] Wrote enriched_session_115536_Data_Exfiltration.graphml (Nodes: 4, Edges: 4)
     [+] Wrote enriched_session_115537_Data_Exfiltration.graphml (Nodes: 4, Edges: 4)
     [+] Wrote enriched_session_115538_Data_Exfiltration.graphml (Nodes: 4, Edges: 3)
     [+] Wrote enriched_session_115540_Data_Exfiltration.graphml (Nodes: 2, Edges: 1)
     [+] Wrote enriched_session_115549_Data_Exfiltration.graphml (Nodes: 3, Edges: 2)
     [+] Wrote enriched_session_115551_Unauthorized_DB_Read.graphml (Nodes: 4, Edges: 4)
     [+] Wrote enriched_session_115553_Unauthorized_DB_Read.graphml (Nodes: 4, Edges: 4)
     [+] Wrote enriched_session_115554_Unauthorized_DB_Read.graphml (Nodes: 4, Edges: 4)
     [+] Wrote enriched_session_115567_Data_Exfiltration.graphml (Nodes: 53, Edges: 57)
     [+] Wrote enriched_session_115585_Data_Exfiltration.graphml (Nodes: 12, Edges: 10)
     [+] Wrote enriched_session_115586_Data_Exfiltration.graphml (Nodes: 35, Edges: 38)
     [+] Wrote enriched_session_115602_Data_Exfiltration.graphml (Nodes: 22, Edges: 22)
     [+] Wrote enriched_session_115617_Data_Exfiltration.graphml (Nodes: 22, Edges: 22)
     [+] Wrote enriched_session_115632_Data_Exfiltration.graphml (Nodes: 26, Edges: 30)
     [+] Wrote enriched_session_115649_Data_Exfiltration.graphml (Nodes: 26, Edges: 30)
     [+] Wrote enriched_session_115666_Data_Exfiltration.graphml (Nodes: 26, Edges: 30)
     [+] Wrote enriched_session_115683_Data_Exfiltration.graphml (Nodes: 26, Edges: 31)
     [+] Wrote enriched_session_115700_Data_Exfiltration.graphml (Nodes: 19, Edges: 18)
     [+] Wrote enriched_session_115714_Data_Exfiltration.graphml (Nodes: 19, Edges: 18)
     [+] Wrote enriched_session_115728_Data_Exfiltration.graphml (Nodes: 19, Edges: 17)
     [+] Wrote enriched_session_115742_Data_Exfiltration.graphml (Nodes: 19, Edges: 17)
     [+] Wrote enriched_session_115756_Data_Exfiltration.graphml (Nodes: 22, Edges: 22)
     [+] Wrote enriched_session_115771_Data_Exfiltration.graphml (Nodes: 22, Edges: 22)
     [+] Wrote enriched_session_115786_Data_Exfiltration.graphml (Nodes: 62, Edges: 65)
     [+] Wrote enriched_session_115802_Data_Exfiltration.graphml (Nodes: 36, Edges: 39)
     [+] Wrote enriched_session_115818_Data_Exfiltration.graphml (Nodes: 23, Edges: 23)
     [+] Wrote enriched_session_115833_Data_Exfiltration.graphml (Nodes: 23, Edges: 23)
     [+] Wrote enriched_session_115848_Data_Exfiltration.graphml (Nodes: 61, Edges: 64)
     [+] Wrote enriched_session_115864_Data_Exfiltration.graphml (Nodes: 35, Edges: 38)
     [+] Wrote enriched_session_115880_Data_Exfiltration.graphml (Nodes: 127, Edges: 128)
     [+] Wrote enriched_session_115895_Data_Exfiltration.graphml (Nodes: 62, Edges: 67)
     [+] Wrote enriched_session_115912_Data_Exfiltration.graphml (Nodes: 62, Edges: 67)
     [+] Wrote enriched_session_115928_Normal.graphml (Nodes: 18, Edges: 17)
     [+] Wrote enriched_session_115931_Normal.graphml (Nodes: 13, Edges: 11)
     [+] Wrote enriched_session_115934_Normal.graphml (Nodes: 59, Edges: 59)
     [+] Wrote enriched_session_115942_Normal.graphml (Nodes: 72, Edges: 73)
     [+] Wrote enriched_session_115974_OS_Privilege_Escalation.graphml (Nodes: 21, Edges: 21)
     [+] Wrote enriched_session_115989_OS_Privilege_Escalation.graphml (Nodes: 21, Edges: 21)
     [+] Wrote enriched_session_116004_OS_Privilege_Escalation.graphml (Nodes: 20, Edges: 20)
     [+] Wrote enriched_session_116032_OS_Privilege_Escalation.graphml (Nodes: 29, Edges: 36)
     [+] Wrote enriched_session_116062_OS_Privilege_Escalation.graphml (Nodes: 61, Edges: 66)
     [+] Wrote enriched_session_116078_Privilege_Abuse.graphml (Nodes: 13, Edges: 11)
     [+] Wrote enriched_session_116080_Privilege_Abuse.graphml (Nodes: 13, Edges: 11)
     [+] Wrote enriched_session_116082_Privilege_Abuse.graphml (Nodes: 18, Edges: 17)
     [+] Wrote enriched_session_116095_SQL_Injection.graphml (Nodes: 22, Edges: 22)
     [+] Wrote enriched_session_116111_SQL_Injection.graphml (Nodes: 18, Edges: 16)
     [+] Wrote enriched_session_116124_SQL_Injection.graphml (Nodes: 13, Edges: 11)
     [+] Wrote enriched_session_116137_SQL_Injection.graphml (Nodes: 13, Edges: 11)

==================================================
Starting End-to-End Pipeline for: dataset_test_run_17
==================================================
[1/3] Running Algorithm 1 (SAC)
  wrote dataset_test_run_17_event_table.json  (2387 events, 28606 read total)
  wrote dataset_test_run_17_session_correlation.csv  (2387 correlated pairs)
[2/3] Running Algorithm 2 (Graph Construction)
     => Generated 107 base session graphs natively in RAM
[3/3] Running Algorithm 3 (Behavior Abstraction & Serialization)
     [+] Wrote enriched_session_116455_Normal.graphml (Nodes: 9, Edges: 9)
     [+] Wrote enriched_session_116459_Sabotage.graphml (Nodes: 3, Edges: 2)
     [+] Wrote enriched_session_116471_Normal.graphml (Nodes: 4, Edges: 3)
     [+] Wrote enriched_session_116479_Data_Exfiltration.graphml (Nodes: 4, Edges: 3)
     [+] Wrote enriched_session_116462_Normal.graphml (Nodes: 13, Edges: 17)
     [+] Wrote enriched_session_116482_Normal.graphml (Nodes: 13, Edges: 17)
     [+] Wrote enriched_session_116466_Normal.graphml (Nodes: 13, Edges: 17)
     [+] Wrote enriched_session_116467_Normal.graphml (Nodes: 13, Edges: 17)
     [+] Wrote enriched_session_116475_Normal.graphml (Nodes: 13, Edges: 17)
     [+] Wrote enriched_session_116487_Normal.graphml (Nodes: 13, Edges: 17)
     [+] Wrote enriched_session_116460_Normal.graphml (Nodes: 13, Edges: 17)
     [+] Wrote enriched_session_116465_Normal.graphml (Nodes: 13, Edges: 17)
     [+] Wrote enriched_session_116484_Normal.graphml (Nodes: 13, Edges: 17)
     [+] Wrote enriched_session_116506_Normal.graphml (Nodes: 13, Edges: 17)
     [+] Wrote enriched_session_116464_Normal.graphml (Nodes: 13, Edges: 17)
     [+] Wrote enriched_session_116498_Normal.graphml (Nodes: 13, Edges: 17)
     [+] Wrote enriched_session_116489_Normal.graphml (Nodes: 13, Edges: 17)
     [+] Wrote enriched_session_116483_Normal.graphml (Nodes: 13, Edges: 17)
     [+] Wrote enriched_session_116463_Normal.graphml (Nodes: 13, Edges: 17)
     [+] Wrote enriched_session_116515_Normal.graphml (Nodes: 13, Edges: 17)
     [+] Wrote enriched_session_116521_Normal.graphml (Nodes: 13, Edges: 17)
     [+] Wrote enriched_session_116473_Normal.graphml (Nodes: 13, Edges: 17)
     [+] Wrote enriched_session_116492_Normal.graphml (Nodes: 13, Edges: 17)
     [+] Wrote enriched_session_116461_Normal.graphml (Nodes: 13, Edges: 17)
     [+] Wrote enriched_session_116505_Normal.graphml (Nodes: 13, Edges: 17)
     [+] Wrote enriched_session_116491_Normal.graphml (Nodes: 13, Edges: 17)
     [+] Wrote enriched_session_116508_Normal.graphml (Nodes: 13, Edges: 17)
     [+] Wrote enriched_session_116528_Normal.graphml (Nodes: 13, Edges: 17)
     [+] Wrote enriched_session_116514_Normal.graphml (Nodes: 13, Edges: 17)
     [+] Wrote enriched_session_116518_Normal.graphml (Nodes: 13, Edges: 17)
     [+] Wrote enriched_session_116520_Normal.graphml (Nodes: 13, Edges: 17)
     [+] Wrote enriched_session_116519_Normal.graphml (Nodes: 13, Edges: 17)
     [+] Wrote enriched_session_116470_Normal.graphml (Nodes: 13, Edges: 17)
     [+] Wrote enriched_session_116469_Normal.graphml (Nodes: 13, Edges: 17)
     [+] Wrote enriched_session_116527_Normal.graphml (Nodes: 13, Edges: 17)
     [+] Wrote enriched_session_116526_Normal.graphml (Nodes: 13, Edges: 17)
     [+] Wrote enriched_session_116525_Normal.graphml (Nodes: 13, Edges: 17)
     [+] Wrote enriched_session_116486_Normal.graphml (Nodes: 13, Edges: 17)
     [+] Wrote enriched_session_116474_Normal.graphml (Nodes: 13, Edges: 17)
     [+] Wrote enriched_session_116480_Normal.graphml (Nodes: 13, Edges: 17)
     [+] Wrote enriched_session_116495_Normal.graphml (Nodes: 13, Edges: 17)
     [+] Wrote enriched_session_116524_Normal.graphml (Nodes: 13, Edges: 17)
     [+] Wrote enriched_session_116493_Normal.graphml (Nodes: 13, Edges: 17)
     [+] Wrote enriched_session_116499_Normal.graphml (Nodes: 13, Edges: 17)
     [+] Wrote enriched_session_116513_Normal.graphml (Nodes: 13, Edges: 17)
     [+] Wrote enriched_session_116517_Normal.graphml (Nodes: 13, Edges: 17)
     [+] Wrote enriched_session_116523_Normal.graphml (Nodes: 13, Edges: 17)
     [+] Wrote enriched_session_116501_Normal.graphml (Nodes: 13, Edges: 17)
     [+] Wrote enriched_session_116510_Normal.graphml (Nodes: 13, Edges: 17)
     [+] Wrote enriched_session_116516_Normal.graphml (Nodes: 13, Edges: 17)
     [+] Wrote enriched_session_116522_Normal.graphml (Nodes: 13, Edges: 17)
     [+] Wrote enriched_session_116494_Normal.graphml (Nodes: 13, Edges: 17)
     [+] Wrote enriched_session_116497_Normal.graphml (Nodes: 13, Edges: 17)
     [+] Wrote enriched_session_116507_Normal.graphml (Nodes: 13, Edges: 17)
     [+] Wrote enriched_session_116529_Normal.graphml (Nodes: 4, Edges: 3)
     [+] Wrote enriched_session_116533_Normal.graphml (Nodes: 4, Edges: 3)
     [+] Wrote enriched_session_116539_Normal.graphml (Nodes: 4, Edges: 3)
     [+] Wrote enriched_session_116540_Normal.graphml (Nodes: 4, Edges: 3)
     [+] Wrote enriched_session_116544_Normal.graphml (Nodes: 4, Edges: 4)
     [+] Wrote enriched_session_116546_Normal.graphml (Nodes: 4, Edges: 4)
     [+] Wrote enriched_session_116545_Normal.graphml (Nodes: 4, Edges: 4)
     [+] Wrote enriched_session_116547_Normal.graphml (Nodes: 2, Edges: 1)
     [+] Wrote enriched_session_116549_Normal.graphml (Nodes: 3, Edges: 2)
     [+] Wrote enriched_session_116558_Normal.graphml (Nodes: 26, Edges: 24)
     [+] Wrote enriched_session_116559_Unauthorized_DB_Read.graphml (Nodes: 10, Edges: 9)
     [+] Wrote enriched_session_116563_Unauthorized_DB_Read.graphml (Nodes: 19, Edges: 18)
     [+] Wrote enriched_session_116562_Unauthorized_DB_Read.graphml (Nodes: 19, Edges: 18)
     [+] Wrote enriched_session_116564_Data_Exfiltration.graphml (Nodes: 12, Edges: 10)
     [+] Wrote enriched_session_116577_Data_Exfiltration.graphml (Nodes: 61, Edges: 65)
     [+] Wrote enriched_session_116593_Data_Exfiltration.graphml (Nodes: 35, Edges: 39)
     [+] Wrote enriched_session_116609_Data_Exfiltration.graphml (Nodes: 22, Edges: 23)
     [+] Wrote enriched_session_116624_Data_Exfiltration.graphml (Nodes: 22, Edges: 22)
     [+] Wrote enriched_session_116639_Data_Exfiltration.graphml (Nodes: 26, Edges: 30)
     [+] Wrote enriched_session_116656_Data_Exfiltration.graphml (Nodes: 26, Edges: 30)
     [+] Wrote enriched_session_116673_Data_Exfiltration.graphml (Nodes: 26, Edges: 30)
     [+] Wrote enriched_session_116690_Data_Exfiltration.graphml (Nodes: 26, Edges: 30)
     [+] Wrote enriched_session_116707_Data_Exfiltration.graphml (Nodes: 19, Edges: 17)
     [+] Wrote enriched_session_116721_Data_Exfiltration.graphml (Nodes: 19, Edges: 18)
     [+] Wrote enriched_session_116735_Data_Exfiltration.graphml (Nodes: 19, Edges: 18)
     [+] Wrote enriched_session_116749_Data_Exfiltration.graphml (Nodes: 19, Edges: 18)
     [+] Wrote enriched_session_116763_Data_Exfiltration.graphml (Nodes: 22, Edges: 23)
     [+] Wrote enriched_session_116778_Data_Exfiltration.graphml (Nodes: 22, Edges: 23)
     [+] Wrote enriched_session_116793_Data_Exfiltration.graphml (Nodes: 62, Edges: 66)
     [+] Wrote enriched_session_116809_Data_Exfiltration.graphml (Nodes: 36, Edges: 40)
     [+] Wrote enriched_session_116825_Data_Exfiltration.graphml (Nodes: 23, Edges: 23)
     [+] Wrote enriched_session_116840_Data_Exfiltration.graphml (Nodes: 23, Edges: 23)
     [+] Wrote enriched_session_116855_Data_Exfiltration.graphml (Nodes: 61, Edges: 64)
     [+] Wrote enriched_session_116871_Data_Exfiltration.graphml (Nodes: 35, Edges: 38)
     [+] Wrote enriched_session_116887_Data_Exfiltration.graphml (Nodes: 127, Edges: 127)
     [+] Wrote enriched_session_116902_Data_Exfiltration.graphml (Nodes: 62, Edges: 67)
     [+] Wrote enriched_session_116920_Data_Exfiltration.graphml (Nodes: 71, Edges: 77)
     [+] Wrote enriched_session_116949_Normal.graphml (Nodes: 18, Edges: 17)
     [+] Wrote enriched_session_116952_Normal.graphml (Nodes: 13, Edges: 11)
     [+] Wrote enriched_session_116955_Normal.graphml (Nodes: 59, Edges: 60)
     [+] Wrote enriched_session_116963_Normal.graphml (Nodes: 72, Edges: 74)
     [+] Wrote enriched_session_116995_OS_Privilege_Escalation.graphml (Nodes: 21, Edges: 22)
     [+] Wrote enriched_session_117010_Attack.graphml (Nodes: 21, Edges: 21)
     [+] Wrote enriched_session_117025_Attack.graphml (Nodes: 20, Edges: 20)
     [+] Wrote enriched_session_117053_Attack.graphml (Nodes: 29, Edges: 35)
     [+] Wrote enriched_session_117083_Attack.graphml (Nodes: 61, Edges: 65)
     [+] Wrote enriched_session_117099_Attack.graphml (Nodes: 13, Edges: 11)
     [+] Wrote enriched_session_117101_Attack.graphml (Nodes: 13, Edges: 11)
     [+] Wrote enriched_session_117103_Attack.graphml (Nodes: 18, Edges: 17)
     [+] Wrote enriched_session_117116_Attack.graphml (Nodes: 24, Edges: 25)
     [+] Wrote enriched_session_117132_Attack.graphml (Nodes: 18, Edges: 16)
     [+] Wrote enriched_session_117145_Attack.graphml (Nodes: 13, Edges: 11)
     [+] Wrote enriched_session_117158_Attack.graphml (Nodes: 13, Edges: 11)

==================================================
Starting End-to-End Pipeline for: dataset_test_run_18
==================================================
[1/3] Running Algorithm 1 (SAC)
  wrote dataset_test_run_18_event_table.json  (2401 events, 27870 read total)
  wrote dataset_test_run_18_session_correlation.csv  (2401 correlated pairs)
[2/3] Running Algorithm 2 (Graph Construction)
     => Generated 107 base session graphs natively in RAM
[3/3] Running Algorithm 3 (Behavior Abstraction & Serialization)
     [+] Wrote enriched_session_117480_Data_Exfiltration.graphml (Nodes: 4, Edges: 3)
     [+] Wrote enriched_session_117485_Normal.graphml (Nodes: 4, Edges: 3)
     [+] Wrote enriched_session_117487_Normal.graphml (Nodes: 9, Edges: 9)
     [+] Wrote enriched_session_117492_Sabotage.graphml (Nodes: 3, Edges: 2)
     [+] Wrote enriched_session_117526_Normal.graphml (Nodes: 13, Edges: 17)
     [+] Wrote enriched_session_117509_Normal.graphml (Nodes: 13, Edges: 17)
     [+] Wrote enriched_session_117504_Normal.graphml (Nodes: 13, Edges: 17)
     [+] Wrote enriched_session_117500_Normal.graphml (Nodes: 13, Edges: 17)
     [+] Wrote enriched_session_117499_Normal.graphml (Nodes: 13, Edges: 17)
     [+] Wrote enriched_session_117498_Normal.graphml (Nodes: 13, Edges: 17)
     [+] Wrote enriched_session_117530_Normal.graphml (Nodes: 13, Edges: 17)
     [+] Wrote enriched_session_117502_Normal.graphml (Nodes: 13, Edges: 17)
     [+] Wrote enriched_session_117501_Normal.graphml (Nodes: 13, Edges: 17)
     [+] Wrote enriched_session_117523_Normal.graphml (Nodes: 13, Edges: 17)
     [+] Wrote enriched_session_117507_Normal.graphml (Nodes: 13, Edges: 17)
     [+] Wrote enriched_session_117508_Normal.graphml (Nodes: 13, Edges: 17)
     [+] Wrote enriched_session_117527_Normal.graphml (Nodes: 13, Edges: 17)
     [+] Wrote enriched_session_117533_Normal.graphml (Nodes: 13, Edges: 17)
     [+] Wrote enriched_session_117518_Normal.graphml (Nodes: 13, Edges: 17)
     [+] Wrote enriched_session_117516_Normal.graphml (Nodes: 13, Edges: 17)
     [+] Wrote enriched_session_117536_Normal.graphml (Nodes: 13, Edges: 17)
     [+] Wrote enriched_session_117522_Normal.graphml (Nodes: 13, Edges: 17)
     [+] Wrote enriched_session_117521_Normal.graphml (Nodes: 13, Edges: 17)
     [+] Wrote enriched_session_117544_Normal.graphml (Nodes: 13, Edges: 17)
     [+] Wrote enriched_session_117541_Normal.graphml (Nodes: 13, Edges: 17)
     [+] Wrote enriched_session_117496_Normal.graphml (Nodes: 13, Edges: 17)
     [+] Wrote enriched_session_117525_Normal.graphml (Nodes: 13, Edges: 17)
     [+] Wrote enriched_session_117506_Normal.graphml (Nodes: 13, Edges: 17)
     [+] Wrote enriched_session_117552_Normal.graphml (Nodes: 13, Edges: 17)
     [+] Wrote enriched_session_117531_Normal.graphml (Nodes: 13, Edges: 17)
     [+] Wrote enriched_session_117528_Normal.graphml (Nodes: 13, Edges: 17)
     [+] Wrote enriched_session_117538_Normal.graphml (Nodes: 13, Edges: 17)
     [+] Wrote enriched_session_117534_Normal.graphml (Nodes: 13, Edges: 17)
     [+] Wrote enriched_session_117553_Normal.graphml (Nodes: 13, Edges: 17)
     [+] Wrote enriched_session_117545_Normal.graphml (Nodes: 13, Edges: 17)
     [+] Wrote enriched_session_117497_Normal.graphml (Nodes: 13, Edges: 17)
     [+] Wrote enriched_session_117515_Normal.graphml (Nodes: 13, Edges: 17)
     [+] Wrote enriched_session_117540_Normal.graphml (Nodes: 13, Edges: 17)
     [+] Wrote enriched_session_117548_Normal.graphml (Nodes: 13, Edges: 17)
     [+] Wrote enriched_session_117524_Normal.graphml (Nodes: 13, Edges: 17)
     [+] Wrote enriched_session_117535_Normal.graphml (Nodes: 13, Edges: 17)
     [+] Wrote enriched_session_117513_Normal.graphml (Nodes: 13, Edges: 17)
     [+] Wrote enriched_session_117520_Normal.graphml (Nodes: 13, Edges: 17)
     [+] Wrote enriched_session_117551_Normal.graphml (Nodes: 13, Edges: 17)
     [+] Wrote enriched_session_117539_Normal.graphml (Nodes: 13, Edges: 17)
     [+] Wrote enriched_session_117543_Normal.graphml (Nodes: 13, Edges: 17)
     [+] Wrote enriched_session_117547_Normal.graphml (Nodes: 13, Edges: 17)
     [+] Wrote enriched_session_117549_Normal.graphml (Nodes: 13, Edges: 17)
     [+] Wrote enriched_session_117554_Normal.graphml (Nodes: 4, Edges: 3)
     [+] Wrote enriched_session_117532_Normal.graphml (Nodes: 13, Edges: 17)
     [+] Wrote enriched_session_117529_Normal.graphml (Nodes: 13, Edges: 17)
     [+] Wrote enriched_session_117546_Normal.graphml (Nodes: 13, Edges: 17)
     [+] Wrote enriched_session_117537_Normal.graphml (Nodes: 13, Edges: 17)
     [+] Wrote enriched_session_117542_Normal.graphml (Nodes: 13, Edges: 17)
     [+] Wrote enriched_session_117550_Normal.graphml (Nodes: 13, Edges: 17)
     [+] Wrote enriched_session_117556_Normal.graphml (Nodes: 4, Edges: 3)
     [+] Wrote enriched_session_117564_Normal.graphml (Nodes: 4, Edges: 3)
     [+] Wrote enriched_session_117567_Normal.graphml (Nodes: 4, Edges: 4)
     [+] Wrote enriched_session_117569_Normal.graphml (Nodes: 4, Edges: 4)
     [+] Wrote enriched_session_117568_Normal.graphml (Nodes: 4, Edges: 4)
     [+] Wrote enriched_session_117570_Normal.graphml (Nodes: 4, Edges: 3)
     [+] Wrote enriched_session_117572_Normal.graphml (Nodes: 2, Edges: 1)
     [+] Wrote enriched_session_117577_Normal.graphml (Nodes: 3, Edges: 2)
     [+] Wrote enriched_session_117583_Normal.graphml (Nodes: 27, Edges: 25)
     [+] Wrote enriched_session_117584_Unauthorized_DB_Read.graphml (Nodes: 10, Edges: 9)
     [+] Wrote enriched_session_117587_Unauthorized_DB_Read.graphml (Nodes: 19, Edges: 18)
     [+] Wrote enriched_session_117588_Unauthorized_DB_Read.graphml (Nodes: 19, Edges: 18)
     [+] Wrote enriched_session_117589_Data_Exfiltration.graphml (Nodes: 12, Edges: 10)
     [+] Wrote enriched_session_117602_Data_Exfiltration.graphml (Nodes: 61, Edges: 65)
     [+] Wrote enriched_session_117618_Data_Exfiltration.graphml (Nodes: 35, Edges: 39)
     [+] Wrote enriched_session_117634_Data_Exfiltration.graphml (Nodes: 22, Edges: 22)
     [+] Wrote enriched_session_117649_Data_Exfiltration.graphml (Nodes: 22, Edges: 22)
     [+] Wrote enriched_session_117664_Data_Exfiltration.graphml (Nodes: 26, Edges: 30)
     [+] Wrote enriched_session_117681_Data_Exfiltration.graphml (Nodes: 26, Edges: 30)
     [+] Wrote enriched_session_117698_Data_Exfiltration.graphml (Nodes: 26, Edges: 30)
     [+] Wrote enriched_session_117715_Data_Exfiltration.graphml (Nodes: 26, Edges: 30)
     [+] Wrote enriched_session_117732_Data_Exfiltration.graphml (Nodes: 19, Edges: 17)
     [+] Wrote enriched_session_117746_Data_Exfiltration.graphml (Nodes: 19, Edges: 18)
     [+] Wrote enriched_session_117760_Data_Exfiltration.graphml (Nodes: 19, Edges: 18)
     [+] Wrote enriched_session_117774_Data_Exfiltration.graphml (Nodes: 19, Edges: 18)
     [+] Wrote enriched_session_117788_Data_Exfiltration.graphml (Nodes: 22, Edges: 23)
     [+] Wrote enriched_session_117803_Data_Exfiltration.graphml (Nodes: 22, Edges: 23)
     [+] Wrote enriched_session_117818_Data_Exfiltration.graphml (Nodes: 62, Edges: 66)
     [+] Wrote enriched_session_117834_Data_Exfiltration.graphml (Nodes: 36, Edges: 40)
     [+] Wrote enriched_session_117850_Data_Exfiltration.graphml (Nodes: 23, Edges: 23)
     [+] Wrote enriched_session_117865_Data_Exfiltration.graphml (Nodes: 23, Edges: 23)
     [+] Wrote enriched_session_117880_Data_Exfiltration.graphml (Nodes: 61, Edges: 64)
     [+] Wrote enriched_session_117896_Data_Exfiltration.graphml (Nodes: 35, Edges: 38)
     [+] Wrote enriched_session_117912_Data_Exfiltration.graphml (Nodes: 127, Edges: 127)
     [+] Wrote enriched_session_117927_Data_Exfiltration.graphml (Nodes: 62, Edges: 67)
     [+] Wrote enriched_session_117944_Data_Exfiltration.graphml (Nodes: 62, Edges: 68)
     [+] Wrote enriched_session_117958_Normal.graphml (Nodes: 26, Edges: 25)
     [+] Wrote enriched_session_117962_Normal.graphml (Nodes: 13, Edges: 11)
     [+] Wrote enriched_session_117965_Normal.graphml (Nodes: 59, Edges: 60)
     [+] Wrote enriched_session_117973_Normal.graphml (Nodes: 72, Edges: 74)
     [+] Wrote enriched_session_118005_Attack.graphml (Nodes: 21, Edges: 21)
     [+] Wrote enriched_session_118020_Attack.graphml (Nodes: 21, Edges: 21)
     [+] Wrote enriched_session_118035_Attack.graphml (Nodes: 20, Edges: 20)
     [+] Wrote enriched_session_118063_Attack.graphml (Nodes: 29, Edges: 35)
     [+] Wrote enriched_session_118093_Attack.graphml (Nodes: 61, Edges: 65)
     [+] Wrote enriched_session_118109_Attack.graphml (Nodes: 13, Edges: 11)
     [+] Wrote enriched_session_118111_Attack.graphml (Nodes: 13, Edges: 11)
     [+] Wrote enriched_session_118113_Attack.graphml (Nodes: 18, Edges: 17)
     [+] Wrote enriched_session_118126_Attack.graphml (Nodes: 24, Edges: 25)
     [+] Wrote enriched_session_118142_Attack.graphml (Nodes: 18, Edges: 16)
     [+] Wrote enriched_session_118155_Attack.graphml (Nodes: 13, Edges: 11)
     [+] Wrote enriched_session_118168_Attack.graphml (Nodes: 13, Edges: 11)

==================================================
Starting End-to-End Pipeline for: dataset_test_run_19
==================================================
[1/3] Running Algorithm 1 (SAC)
  wrote dataset_test_run_19_event_table.json  (2375 events, 27086 read total)
  wrote dataset_test_run_19_session_correlation.csv  (2375 correlated pairs)
[2/3] Running Algorithm 2 (Graph Construction)
     => Generated 107 base session graphs natively in RAM
[3/3] Running Algorithm 3 (Behavior Abstraction & Serialization)
     [+] Wrote enriched_session_118487_Normal.graphml (Nodes: 9, Edges: 9)
     [+] Wrote enriched_session_118488_Sabotage.graphml (Nodes: 3, Edges: 2)
     [+] Wrote enriched_session_118505_Data_Exfiltration.graphml (Nodes: 4, Edges: 3)
     [+] Wrote enriched_session_118497_Normal.graphml (Nodes: 4, Edges: 3)
     [+] Wrote enriched_session_118591_Normal.graphml (Nodes: 27, Edges: 25)
     [+] Wrote enriched_session_118492_Normal.graphml (Nodes: 13, Edges: 17)
     [+] Wrote enriched_session_118507_Normal.graphml (Nodes: 13, Edges: 17)
     [+] Wrote enriched_session_118493_Normal.graphml (Nodes: 13, Edges: 17)
     [+] Wrote enriched_session_118495_Normal.graphml (Nodes: 13, Edges: 17)
     [+] Wrote enriched_session_118502_Normal.graphml (Nodes: 13, Edges: 17)
     [+] Wrote enriched_session_118516_Normal.graphml (Nodes: 13, Edges: 17)
     [+] Wrote enriched_session_118500_Normal.graphml (Nodes: 13, Edges: 17)
     [+] Wrote enriched_session_118496_Normal.graphml (Nodes: 13, Edges: 17)
     [+] Wrote enriched_session_118556_Normal.graphml (Nodes: 13, Edges: 17)
     [+] Wrote enriched_session_118532_Normal.graphml (Nodes: 13, Edges: 17)
     [+] Wrote enriched_session_118524_Normal.graphml (Nodes: 13, Edges: 17)
     [+] Wrote enriched_session_118527_Normal.graphml (Nodes: 13, Edges: 17)
     [+] Wrote enriched_session_118519_Normal.graphml (Nodes: 13, Edges: 17)
     [+] Wrote enriched_session_118538_Normal.graphml (Nodes: 13, Edges: 17)
     [+] Wrote enriched_session_118551_Normal.graphml (Nodes: 13, Edges: 17)
     [+] Wrote enriched_session_118501_Normal.graphml (Nodes: 13, Edges: 17)
     [+] Wrote enriched_session_118543_Normal.graphml (Nodes: 13, Edges: 17)
     [+] Wrote enriched_session_118545_Normal.graphml (Nodes: 13, Edges: 17)
     [+] Wrote enriched_session_118559_Normal.graphml (Nodes: 13, Edges: 17)
     [+] Wrote enriched_session_118494_Normal.graphml (Nodes: 13, Edges: 17)
     [+] Wrote enriched_session_118526_Normal.graphml (Nodes: 13, Edges: 17)
     [+] Wrote enriched_session_118504_Normal.graphml (Nodes: 13, Edges: 17)
     [+] Wrote enriched_session_118520_Normal.graphml (Nodes: 13, Edges: 17)
     [+] Wrote enriched_session_118536_Normal.graphml (Nodes: 13, Edges: 17)
     [+] Wrote enriched_session_118529_Normal.graphml (Nodes: 13, Edges: 17)
     [+] Wrote enriched_session_118521_Normal.graphml (Nodes: 13, Edges: 17)
     [+] Wrote enriched_session_118560_Normal.graphml (Nodes: 13, Edges: 17)
     [+] Wrote enriched_session_118535_Normal.graphml (Nodes: 13, Edges: 17)
     [+] Wrote enriched_session_118542_Normal.graphml (Nodes: 13, Edges: 17)
     [+] Wrote enriched_session_118550_Normal.graphml (Nodes: 13, Edges: 17)
     [+] Wrote enriched_session_118522_Normal.graphml (Nodes: 13, Edges: 17)
     [+] Wrote enriched_session_118525_Normal.graphml (Nodes: 13, Edges: 17)
     [+] Wrote enriched_session_118554_Normal.graphml (Nodes: 13, Edges: 17)
     [+] Wrote enriched_session_118558_Normal.graphml (Nodes: 13, Edges: 17)
     [+] Wrote enriched_session_118557_Normal.graphml (Nodes: 13, Edges: 17)
     [+] Wrote enriched_session_118528_Normal.graphml (Nodes: 13, Edges: 17)
     [+] Wrote enriched_session_118549_Normal.graphml (Nodes: 13, Edges: 17)
     [+] Wrote enriched_session_118553_Normal.graphml (Nodes: 13, Edges: 17)
     [+] Wrote enriched_session_118523_Normal.graphml (Nodes: 13, Edges: 17)
     [+] Wrote enriched_session_118555_Normal.graphml (Nodes: 13, Edges: 17)
     [+] Wrote enriched_session_118533_Normal.graphml (Nodes: 13, Edges: 17)
     [+] Wrote enriched_session_118541_Normal.graphml (Nodes: 13, Edges: 17)
     [+] Wrote enriched_session_118548_Normal.graphml (Nodes: 13, Edges: 17)
     [+] Wrote enriched_session_118552_Normal.graphml (Nodes: 13, Edges: 17)
     [+] Wrote enriched_session_118499_Normal.graphml (Nodes: 13, Edges: 17)
     [+] Wrote enriched_session_118503_Normal.graphml (Nodes: 13, Edges: 17)
     [+] Wrote enriched_session_118508_Normal.graphml (Nodes: 13, Edges: 17)
     [+] Wrote enriched_session_118518_Normal.graphml (Nodes: 13, Edges: 17)
     [+] Wrote enriched_session_118531_Normal.graphml (Nodes: 13, Edges: 17)
     [+] Wrote enriched_session_118517_Normal.graphml (Nodes: 13, Edges: 17)
     [+] Wrote enriched_session_118561_Normal.graphml (Nodes: 4, Edges: 3)
     [+] Wrote enriched_session_118564_Normal.graphml (Nodes: 4, Edges: 3)
     [+] Wrote enriched_session_118571_Normal.graphml (Nodes: 4, Edges: 4)
     [+] Wrote enriched_session_118572_Normal.graphml (Nodes: 4, Edges: 3)
     [+] Wrote enriched_session_118574_Normal.graphml (Nodes: 4, Edges: 4)
     [+] Wrote enriched_session_118573_Normal.graphml (Nodes: 4, Edges: 4)
     [+] Wrote enriched_session_118576_Normal.graphml (Nodes: 4, Edges: 3)
     [+] Wrote enriched_session_118579_Normal.graphml (Nodes: 2, Edges: 1)
     [+] Wrote enriched_session_118585_Normal.graphml (Nodes: 3, Edges: 2)
     [+] Wrote enriched_session_118590_Unauthorized_DB_Read.graphml (Nodes: 10, Edges: 9)
     [+] Wrote enriched_session_118594_Unauthorized_DB_Read.graphml (Nodes: 19, Edges: 18)
     [+] Wrote enriched_session_118595_Unauthorized_DB_Read.graphml (Nodes: 19, Edges: 18)
     [+] Wrote enriched_session_118596_Data_Exfiltration.graphml (Nodes: 12, Edges: 10)
     [+] Wrote enriched_session_118609_Data_Exfiltration.graphml (Nodes: 61, Edges: 65)
     [+] Wrote enriched_session_118625_Data_Exfiltration.graphml (Nodes: 35, Edges: 39)
     [+] Wrote enriched_session_118641_Data_Exfiltration.graphml (Nodes: 22, Edges: 23)
     [+] Wrote enriched_session_118656_Data_Exfiltration.graphml (Nodes: 22, Edges: 22)
     [+] Wrote enriched_session_118671_Data_Exfiltration.graphml (Nodes: 26, Edges: 30)
     [+] Wrote enriched_session_118688_Data_Exfiltration.graphml (Nodes: 26, Edges: 30)
     [+] Wrote enriched_session_118705_Data_Exfiltration.graphml (Nodes: 26, Edges: 30)
     [+] Wrote enriched_session_118722_Data_Exfiltration.graphml (Nodes: 26, Edges: 30)
     [+] Wrote enriched_session_118739_Data_Exfiltration.graphml (Nodes: 19, Edges: 17)
     [+] Wrote enriched_session_118753_Data_Exfiltration.graphml (Nodes: 19, Edges: 18)
     [+] Wrote enriched_session_118767_Data_Exfiltration.graphml (Nodes: 19, Edges: 18)
     [+] Wrote enriched_session_118781_Data_Exfiltration.graphml (Nodes: 19, Edges: 18)
     [+] Wrote enriched_session_118795_Data_Exfiltration.graphml (Nodes: 22, Edges: 23)
     [+] Wrote enriched_session_118810_Data_Exfiltration.graphml (Nodes: 22, Edges: 23)
     [+] Wrote enriched_session_118825_Data_Exfiltration.graphml (Nodes: 62, Edges: 66)
     [+] Wrote enriched_session_118841_Data_Exfiltration.graphml (Nodes: 36, Edges: 40)
     [+] Wrote enriched_session_118857_Data_Exfiltration.graphml (Nodes: 23, Edges: 23)
     [+] Wrote enriched_session_118872_Data_Exfiltration.graphml (Nodes: 23, Edges: 23)
     [+] Wrote enriched_session_118887_Data_Exfiltration.graphml (Nodes: 61, Edges: 64)
     [+] Wrote enriched_session_118903_Data_Exfiltration.graphml (Nodes: 35, Edges: 38)
     [+] Wrote enriched_session_118919_Data_Exfiltration.graphml (Nodes: 127, Edges: 127)
     [+] Wrote enriched_session_118934_Data_Exfiltration.graphml (Nodes: 62, Edges: 68)
     [+] Wrote enriched_session_118951_Data_Exfiltration.graphml (Nodes: 62, Edges: 68)
     [+] Wrote enriched_session_118971_Normal.graphml (Nodes: 18, Edges: 17)
     [+] Wrote enriched_session_118974_Normal.graphml (Nodes: 13, Edges: 11)
     [+] Wrote enriched_session_118977_Normal.graphml (Nodes: 59, Edges: 60)
     [+] Wrote enriched_session_118985_Normal.graphml (Nodes: 72, Edges: 74)
     [+] Wrote enriched_session_119017_Attack.graphml (Nodes: 21, Edges: 21)
     [+] Wrote enriched_session_119032_Attack.graphml (Nodes: 21, Edges: 21)
     [+] Wrote enriched_session_119047_Attack.graphml (Nodes: 20, Edges: 20)
     [+] Wrote enriched_session_119075_Attack.graphml (Nodes: 29, Edges: 35)
     [+] Wrote enriched_session_119105_Attack.graphml (Nodes: 61, Edges: 65)
     [+] Wrote enriched_session_119121_Attack.graphml (Nodes: 13, Edges: 11)
     [+] Wrote enriched_session_119123_Attack.graphml (Nodes: 13, Edges: 11)
     [+] Wrote enriched_session_119125_Attack.graphml (Nodes: 18, Edges: 17)
     [+] Wrote enriched_session_119138_Attack.graphml (Nodes: 24, Edges: 25)
     [+] Wrote enriched_session_119154_Attack.graphml (Nodes: 18, Edges: 16)
     [+] Wrote enriched_session_119167_Attack.graphml (Nodes: 13, Edges: 11)
     [+] Wrote enriched_session_119180_Attack.graphml (Nodes: 13, Edges: 11)

==================================================
Starting End-to-End Pipeline for: dataset_test_run_2
==================================================
[1/3] Running Algorithm 1 (SAC)
  wrote dataset_test_run_2_event_table.json  (2372 events, 28348 read total)
  wrote dataset_test_run_2_session_correlation.csv  (2372 correlated pairs)
[2/3] Running Algorithm 2 (Graph Construction)
     => Generated 107 base session graphs natively in RAM
[3/3] Running Algorithm 3 (Behavior Abstraction & Serialization)
     [+] Wrote enriched_session_101081_Sabotage.graphml (Nodes: 3, Edges: 2)
     [+] Wrote enriched_session_101084_Normal.graphml (Nodes: 9, Edges: 9)
     [+] Wrote enriched_session_101088_Normal.graphml (Nodes: 4, Edges: 3)
     [+] Wrote enriched_session_101090_Data_Exfiltration.graphml (Nodes: 4, Edges: 3)
     [+] Wrote enriched_session_101129_Normal.graphml (Nodes: 13, Edges: 17)
     [+] Wrote enriched_session_101097_Normal.graphml (Nodes: 13, Edges: 17)
     [+] Wrote enriched_session_101104_Normal.graphml (Nodes: 13, Edges: 17)
     [+] Wrote enriched_session_101115_Normal.graphml (Nodes: 13, Edges: 17)
     [+] Wrote enriched_session_101095_Normal.graphml (Nodes: 13, Edges: 17)
     [+] Wrote enriched_session_101094_Normal.graphml (Nodes: 13, Edges: 17)
     [+] Wrote enriched_session_101101_Normal.graphml (Nodes: 13, Edges: 17)
     [+] Wrote enriched_session_101099_Normal.graphml (Nodes: 13, Edges: 17)
     [+] Wrote enriched_session_101135_Normal.graphml (Nodes: 13, Edges: 17)
     [+] Wrote enriched_session_101111_Normal.graphml (Nodes: 13, Edges: 17)
     [+] Wrote enriched_session_101127_Normal.graphml (Nodes: 13, Edges: 17)
     [+] Wrote enriched_session_101103_Normal.graphml (Nodes: 13, Edges: 17)
     [+] Wrote enriched_session_101133_Normal.graphml (Nodes: 13, Edges: 17)
     [+] Wrote enriched_session_101108_Normal.graphml (Nodes: 13, Edges: 17)
     [+] Wrote enriched_session_101143_Normal.graphml (Nodes: 13, Edges: 17)
     [+] Wrote enriched_session_101150_Normal.graphml (Nodes: 13, Edges: 17)
     [+] Wrote enriched_session_101107_Normal.graphml (Nodes: 13, Edges: 17)
     [+] Wrote enriched_session_101137_Normal.graphml (Nodes: 13, Edges: 17)
     [+] Wrote enriched_session_101096_Normal.graphml (Nodes: 13, Edges: 17)
     [+] Wrote enriched_session_101139_Normal.graphml (Nodes: 13, Edges: 17)
     [+] Wrote enriched_session_101112_Normal.graphml (Nodes: 13, Edges: 17)
     [+] Wrote enriched_session_101116_Normal.graphml (Nodes: 13, Edges: 17)
     [+] Wrote enriched_session_101123_Normal.graphml (Nodes: 13, Edges: 17)
     [+] Wrote enriched_session_101134_Normal.graphml (Nodes: 13, Edges: 17)
     [+] Wrote enriched_session_101105_Normal.graphml (Nodes: 13, Edges: 17)
     [+] Wrote enriched_session_101124_Normal.graphml (Nodes: 13, Edges: 17)
     [+] Wrote enriched_session_101138_Normal.graphml (Nodes: 13, Edges: 17)
     [+] Wrote enriched_session_101146_Normal.graphml (Nodes: 13, Edges: 17)
     [+] Wrote enriched_session_101142_Normal.graphml (Nodes: 13, Edges: 17)
     [+] Wrote enriched_session_101120_Normal.graphml (Nodes: 13, Edges: 17)
     [+] Wrote enriched_session_101151_Normal.graphml (Nodes: 13, Edges: 17)
     [+] Wrote enriched_session_101145_Normal.graphml (Nodes: 13, Edges: 17)
     [+] Wrote enriched_session_101153_Normal.graphml (Nodes: 13, Edges: 17)
     [+] Wrote enriched_session_101110_Normal.graphml (Nodes: 13, Edges: 17)
     [+] Wrote enriched_session_101128_Normal.graphml (Nodes: 13, Edges: 17)
     [+] Wrote enriched_session_101147_Normal.graphml (Nodes: 13, Edges: 17)
     [+] Wrote enriched_session_101154_Normal.graphml (Nodes: 13, Edges: 17)
     [+] Wrote enriched_session_101136_Normal.graphml (Nodes: 13, Edges: 17)
     [+] Wrote enriched_session_101141_Normal.graphml (Nodes: 13, Edges: 17)
     [+] Wrote enriched_session_101149_Normal.graphml (Nodes: 13, Edges: 17)
     [+] Wrote enriched_session_101106_Normal.graphml (Nodes: 13, Edges: 17)
     [+] Wrote enriched_session_101140_Normal.graphml (Nodes: 13, Edges: 17)
     [+] Wrote enriched_session_101132_Normal.graphml (Nodes: 13, Edges: 17)
     [+] Wrote enriched_session_101152_Normal.graphml (Nodes: 13, Edges: 17)
     [+] Wrote enriched_session_101109_Normal.graphml (Nodes: 13, Edges: 17)
     [+] Wrote enriched_session_101148_Normal.graphml (Nodes: 13, Edges: 17)
     [+] Wrote enriched_session_101118_Normal.graphml (Nodes: 13, Edges: 17)
     [+] Wrote enriched_session_101125_Normal.graphml (Nodes: 13, Edges: 17)
     [+] Wrote enriched_session_101114_Normal.graphml (Nodes: 13, Edges: 17)
     [+] Wrote enriched_session_101144_Normal.graphml (Nodes: 13, Edges: 17)
     [+] Wrote enriched_session_101156_Normal.graphml (Nodes: 4, Edges: 3)
     [+] Wrote enriched_session_101159_Normal.graphml (Nodes: 4, Edges: 3)
     [+] Wrote enriched_session_101165_Normal.graphml (Nodes: 4, Edges: 3)
     [+] Wrote enriched_session_101167_Normal.graphml (Nodes: 4, Edges: 4)
     [+] Wrote enriched_session_101168_Normal.graphml (Nodes: 4, Edges: 4)
     [+] Wrote enriched_session_101169_Normal.graphml (Nodes: 4, Edges: 4)
     [+] Wrote enriched_session_101170_Normal.graphml (Nodes: 4, Edges: 3)
     [+] Wrote enriched_session_101171_Normal.graphml (Nodes: 2, Edges: 1)
     [+] Wrote enriched_session_101175_Normal.graphml (Nodes: 3, Edges: 2)
     [+] Wrote enriched_session_101184_Normal.graphml (Nodes: 25, Edges: 23)
     [+] Wrote enriched_session_101185_Unauthorized_DB_Read.graphml (Nodes: 10, Edges: 9)
     [+] Wrote enriched_session_101189_Unauthorized_DB_Read.graphml (Nodes: 19, Edges: 18)
     [+] Wrote enriched_session_101188_Unauthorized_DB_Read.graphml (Nodes: 19, Edges: 18)
     [+] Wrote enriched_session_101190_Data_Exfiltration.graphml (Nodes: 12, Edges: 10)
     [+] Wrote enriched_session_101203_Data_Exfiltration.graphml (Nodes: 61, Edges: 64)
     [+] Wrote enriched_session_101219_Data_Exfiltration.graphml (Nodes: 35, Edges: 39)
     [+] Wrote enriched_session_101235_Data_Exfiltration.graphml (Nodes: 22, Edges: 23)
     [+] Wrote enriched_session_101250_Data_Exfiltration.graphml (Nodes: 22, Edges: 23)
     [+] Wrote enriched_session_101265_Data_Exfiltration.graphml (Nodes: 26, Edges: 31)
     [+] Wrote enriched_session_101282_Data_Exfiltration.graphml (Nodes: 26, Edges: 31)
     [+] Wrote enriched_session_101299_Data_Exfiltration.graphml (Nodes: 26, Edges: 31)
     [+] Wrote enriched_session_101316_Data_Exfiltration.graphml (Nodes: 26, Edges: 31)
     [+] Wrote enriched_session_101333_Data_Exfiltration.graphml (Nodes: 19, Edges: 17)
     [+] Wrote enriched_session_101347_Data_Exfiltration.graphml (Nodes: 19, Edges: 17)
     [+] Wrote enriched_session_101361_Data_Exfiltration.graphml (Nodes: 19, Edges: 17)
     [+] Wrote enriched_session_101375_Data_Exfiltration.graphml (Nodes: 19, Edges: 17)
     [+] Wrote enriched_session_101389_Data_Exfiltration.graphml (Nodes: 22, Edges: 22)
     [+] Wrote enriched_session_101404_Data_Exfiltration.graphml (Nodes: 22, Edges: 22)
     [+] Wrote enriched_session_101419_Data_Exfiltration.graphml (Nodes: 62, Edges: 66)
     [+] Wrote enriched_session_101435_Data_Exfiltration.graphml (Nodes: 36, Edges: 40)
     [+] Wrote enriched_session_101451_Data_Exfiltration.graphml (Nodes: 23, Edges: 24)
     [+] Wrote enriched_session_101466_Data_Exfiltration.graphml (Nodes: 23, Edges: 24)
     [+] Wrote enriched_session_101481_Data_Exfiltration.graphml (Nodes: 61, Edges: 65)
     [+] Wrote enriched_session_101497_Data_Exfiltration.graphml (Nodes: 35, Edges: 39)
     [+] Wrote enriched_session_101513_Normal.graphml (Nodes: 127, Edges: 127)
     [+] Wrote enriched_session_101528_Data_Exfiltration.graphml (Nodes: 62, Edges: 67)
     [+] Wrote enriched_session_101545_Data_Exfiltration.graphml (Nodes: 62, Edges: 67)
     [+] Wrote enriched_session_101574_Normal.graphml (Nodes: 18, Edges: 17)
     [+] Wrote enriched_session_101577_Normal.graphml (Nodes: 13, Edges: 11)
     [+] Wrote enriched_session_101580_Normal.graphml (Nodes: 59, Edges: 60)
     [+] Wrote enriched_session_101588_Normal.graphml (Nodes: 72, Edges: 74)
     [+] Wrote enriched_session_101621_OS_Privilege_Escalation.graphml (Nodes: 21, Edges: 22)
     [+] Wrote enriched_session_101636_OS_Privilege_Escalation.graphml (Nodes: 21, Edges: 22)
     [+] Wrote enriched_session_101651_OS_Privilege_Escalation.graphml (Nodes: 20, Edges: 21)
     [+] Wrote enriched_session_101679_OS_Privilege_Escalation.graphml (Nodes: 29, Edges: 36)
     [+] Wrote enriched_session_101709_Attack.graphml (Nodes: 61, Edges: 65)
     [+] Wrote enriched_session_101725_Attack.graphml (Nodes: 13, Edges: 11)
     [+] Wrote enriched_session_101727_Attack.graphml (Nodes: 13, Edges: 11)
     [+] Wrote enriched_session_101729_Attack.graphml (Nodes: 18, Edges: 17)
     [+] Wrote enriched_session_101742_Attack.graphml (Nodes: 22, Edges: 22)
     [+] Wrote enriched_session_101758_Attack.graphml (Nodes: 18, Edges: 16)
     [+] Wrote enriched_session_101771_Attack.graphml (Nodes: 13, Edges: 11)
     [+] Wrote enriched_session_101784_Attack.graphml (Nodes: 13, Edges: 11)

==================================================
Starting End-to-End Pipeline for: dataset_test_run_20
==================================================
[1/3] Running Algorithm 1 (SAC)
  wrote dataset_test_run_20_event_table.json  (2400 events, 33020 read total)
  wrote dataset_test_run_20_session_correlation.csv  (2400 correlated pairs)
[2/3] Running Algorithm 2 (Graph Construction)
     => Generated 107 base session graphs natively in RAM
[3/3] Running Algorithm 3 (Behavior Abstraction & Serialization)
     [+] Wrote enriched_session_119502_Normal.graphml (Nodes: 9, Edges: 9)
     [+] Wrote enriched_session_119503_Normal.graphml (Nodes: 4, Edges: 3)
     [+] Wrote enriched_session_119508_Sabotage.graphml (Nodes: 3, Edges: 2)
     [+] Wrote enriched_session_119513_Data_Exfiltration.graphml (Nodes: 4, Edges: 3)
     [+] Wrote enriched_session_119531_Normal.graphml (Nodes: 13, Edges: 17)
     [+] Wrote enriched_session_119511_Normal.graphml (Nodes: 13, Edges: 17)
     [+] Wrote enriched_session_119540_Normal.graphml (Nodes: 13, Edges: 17)
     [+] Wrote enriched_session_119570_Normal.graphml (Nodes: 13, Edges: 17)
     [+] Wrote enriched_session_119553_Normal.graphml (Nodes: 13, Edges: 17)
     [+] Wrote enriched_session_119509_Normal.graphml (Nodes: 13, Edges: 17)
     [+] Wrote enriched_session_119523_Normal.graphml (Nodes: 13, Edges: 17)
     [+] Wrote enriched_session_119563_Normal.graphml (Nodes: 13, Edges: 17)
     [+] Wrote enriched_session_119514_Normal.graphml (Nodes: 13, Edges: 17)
     [+] Wrote enriched_session_119565_Normal.graphml (Nodes: 13, Edges: 17)
     [+] Wrote enriched_session_119515_Normal.graphml (Nodes: 13, Edges: 17)
     [+] Wrote enriched_session_119573_Normal.graphml (Nodes: 13, Edges: 17)
     [+] Wrote enriched_session_119519_Normal.graphml (Nodes: 13, Edges: 17)
     [+] Wrote enriched_session_119516_Normal.graphml (Nodes: 13, Edges: 17)
     [+] Wrote enriched_session_119561_Normal.graphml (Nodes: 13, Edges: 17)
     [+] Wrote enriched_session_119541_Normal.graphml (Nodes: 13, Edges: 17)
     [+] Wrote enriched_session_119535_Normal.graphml (Nodes: 13, Edges: 17)
     [+] Wrote enriched_session_119512_Normal.graphml (Nodes: 13, Edges: 17)
     [+] Wrote enriched_session_119559_Normal.graphml (Nodes: 13, Edges: 17)
     [+] Wrote enriched_session_119534_Normal.graphml (Nodes: 13, Edges: 17)
     [+] Wrote enriched_session_119549_Normal.graphml (Nodes: 13, Edges: 17)
     [+] Wrote enriched_session_119550_Normal.graphml (Nodes: 13, Edges: 17)
     [+] Wrote enriched_session_119517_Normal.graphml (Nodes: 13, Edges: 17)
     [+] Wrote enriched_session_119528_Normal.graphml (Nodes: 13, Edges: 17)
     [+] Wrote enriched_session_119537_Normal.graphml (Nodes: 13, Edges: 17)
     [+] Wrote enriched_session_119510_Normal.graphml (Nodes: 13, Edges: 17)
     [+] Wrote enriched_session_119521_Normal.graphml (Nodes: 13, Edges: 17)
     [+] Wrote enriched_session_119554_Normal.graphml (Nodes: 13, Edges: 17)
     [+] Wrote enriched_session_119568_Normal.graphml (Nodes: 13, Edges: 17)
     [+] Wrote enriched_session_119556_Normal.graphml (Nodes: 13, Edges: 17)
     [+] Wrote enriched_session_119538_Normal.graphml (Nodes: 13, Edges: 17)
     [+] Wrote enriched_session_119560_Normal.graphml (Nodes: 13, Edges: 17)
     [+] Wrote enriched_session_119564_Normal.graphml (Nodes: 13, Edges: 17)
     [+] Wrote enriched_session_119567_Normal.graphml (Nodes: 13, Edges: 17)
     [+] Wrote enriched_session_119530_Normal.graphml (Nodes: 13, Edges: 17)
     [+] Wrote enriched_session_119562_Normal.graphml (Nodes: 13, Edges: 17)
     [+] Wrote enriched_session_119544_Normal.graphml (Nodes: 13, Edges: 17)
     [+] Wrote enriched_session_119574_Normal.graphml (Nodes: 13, Edges: 17)
     [+] Wrote enriched_session_119548_Normal.graphml (Nodes: 13, Edges: 17)
     [+] Wrote enriched_session_119551_Normal.graphml (Nodes: 13, Edges: 17)
     [+] Wrote enriched_session_119575_Normal.graphml (Nodes: 13, Edges: 17)
     [+] Wrote enriched_session_119542_Normal.graphml (Nodes: 13, Edges: 17)
     [+] Wrote enriched_session_119566_Normal.graphml (Nodes: 13, Edges: 17)
     [+] Wrote enriched_session_119569_Normal.graphml (Nodes: 13, Edges: 17)
     [+] Wrote enriched_session_119532_Normal.graphml (Nodes: 13, Edges: 17)
     [+] Wrote enriched_session_119572_Normal.graphml (Nodes: 13, Edges: 17)
     [+] Wrote enriched_session_119558_Normal.graphml (Nodes: 13, Edges: 17)
     [+] Wrote enriched_session_119571_Normal.graphml (Nodes: 13, Edges: 17)
     [+] Wrote enriched_session_119533_Normal.graphml (Nodes: 13, Edges: 17)
     [+] Wrote enriched_session_119536_Normal.graphml (Nodes: 13, Edges: 17)
     [+] Wrote enriched_session_119576_Normal.graphml (Nodes: 4, Edges: 3)
     [+] Wrote enriched_session_119580_Normal.graphml (Nodes: 4, Edges: 3)
     [+] Wrote enriched_session_119586_Normal.graphml (Nodes: 4, Edges: 3)
     [+] Wrote enriched_session_119588_Normal.graphml (Nodes: 4, Edges: 3)
     [+] Wrote enriched_session_119591_Normal.graphml (Nodes: 2, Edges: 1)
     [+] Wrote enriched_session_119593_Normal.graphml (Nodes: 4, Edges: 4)
     [+] Wrote enriched_session_119594_Normal.graphml (Nodes: 4, Edges: 4)
     [+] Wrote enriched_session_119595_Normal.graphml (Nodes: 4, Edges: 4)
     [+] Wrote enriched_session_119601_Normal.graphml (Nodes: 27, Edges: 25)
     [+] Wrote enriched_session_119596_Normal.graphml (Nodes: 3, Edges: 2)
     [+] Wrote enriched_session_119606_Unauthorized_DB_Read.graphml (Nodes: 10, Edges: 9)
     [+] Wrote enriched_session_119609_Unauthorized_DB_Read.graphml (Nodes: 19, Edges: 18)
     [+] Wrote enriched_session_119610_Unauthorized_DB_Read.graphml (Nodes: 19, Edges: 18)
     [+] Wrote enriched_session_119611_Data_Exfiltration.graphml (Nodes: 12, Edges: 10)
     [+] Wrote enriched_session_119624_Data_Exfiltration.graphml (Nodes: 61, Edges: 65)
     [+] Wrote enriched_session_119640_Data_Exfiltration.graphml (Nodes: 35, Edges: 38)
     [+] Wrote enriched_session_119656_Data_Exfiltration.graphml (Nodes: 22, Edges: 22)
     [+] Wrote enriched_session_119671_Data_Exfiltration.graphml (Nodes: 22, Edges: 22)
     [+] Wrote enriched_session_119686_Data_Exfiltration.graphml (Nodes: 26, Edges: 30)
     [+] Wrote enriched_session_119703_Data_Exfiltration.graphml (Nodes: 26, Edges: 30)
     [+] Wrote enriched_session_119720_Data_Exfiltration.graphml (Nodes: 26, Edges: 30)
     [+] Wrote enriched_session_119737_Data_Exfiltration.graphml (Nodes: 26, Edges: 30)
     [+] Wrote enriched_session_119754_Data_Exfiltration.graphml (Nodes: 19, Edges: 17)
     [+] Wrote enriched_session_119768_Data_Exfiltration.graphml (Nodes: 19, Edges: 17)
     [+] Wrote enriched_session_119782_Data_Exfiltration.graphml (Nodes: 19, Edges: 17)
     [+] Wrote enriched_session_119796_Data_Exfiltration.graphml (Nodes: 19, Edges: 17)
     [+] Wrote enriched_session_119810_Data_Exfiltration.graphml (Nodes: 22, Edges: 23)
     [+] Wrote enriched_session_119825_Data_Exfiltration.graphml (Nodes: 22, Edges: 23)
     [+] Wrote enriched_session_119840_Data_Exfiltration.graphml (Nodes: 62, Edges: 65)
     [+] Wrote enriched_session_119856_Data_Exfiltration.graphml (Nodes: 36, Edges: 39)
     [+] Wrote enriched_session_119872_Data_Exfiltration.graphml (Nodes: 23, Edges: 23)
     [+] Wrote enriched_session_119887_Data_Exfiltration.graphml (Nodes: 23, Edges: 23)
     [+] Wrote enriched_session_119902_Data_Exfiltration.graphml (Nodes: 61, Edges: 64)
     [+] Wrote enriched_session_119918_Data_Exfiltration.graphml (Nodes: 35, Edges: 38)
     [+] Wrote enriched_session_119934_Data_Exfiltration.graphml (Nodes: 127, Edges: 127)
     [+] Wrote enriched_session_119949_Data_Exfiltration.graphml (Nodes: 62, Edges: 67)
     [+] Wrote enriched_session_119966_Data_Exfiltration.graphml (Nodes: 62, Edges: 67)
     [+] Wrote enriched_session_119984_Normal.graphml (Nodes: 26, Edges: 25)
     [+] Wrote enriched_session_119987_Normal.graphml (Nodes: 13, Edges: 11)
     [+] Wrote enriched_session_119992_Normal.graphml (Nodes: 59, Edges: 59)
     [+] Wrote enriched_session_120000_Normal.graphml (Nodes: 72, Edges: 73)
     [+] Wrote enriched_session_120032_OS_Privilege_Escalation.graphml (Nodes: 21, Edges: 21)
     [+] Wrote enriched_session_120047_OS_Privilege_Escalation.graphml (Nodes: 21, Edges: 21)
     [+] Wrote enriched_session_120062_OS_Privilege_Escalation.graphml (Nodes: 20, Edges: 20)
     [+] Wrote enriched_session_120090_OS_Privilege_Escalation.graphml (Nodes: 29, Edges: 35)
     [+] Wrote enriched_session_120120_OS_Privilege_Escalation.graphml (Nodes: 61, Edges: 65)
     [+] Wrote enriched_session_120136_OS_Privilege_Escalation.graphml (Nodes: 13, Edges: 11)
     [+] Wrote enriched_session_120142_OS_Privilege_Escalation.graphml (Nodes: 13, Edges: 11)
     [+] Wrote enriched_session_120144_OS_Privilege_Escalation.graphml (Nodes: 18, Edges: 17)
     [+] Wrote enriched_session_120157_SQL_Injection.graphml (Nodes: 22, Edges: 22)
     [+] Wrote enriched_session_120174_SQL_Injection.graphml (Nodes: 18, Edges: 16)
     [+] Wrote enriched_session_120187_SQL_Injection.graphml (Nodes: 13, Edges: 11)
     [+] Wrote enriched_session_120200_SQL_Injection.graphml (Nodes: 13, Edges: 11)

==================================================
Starting End-to-End Pipeline for: dataset_test_run_21
==================================================
[1/3] Running Algorithm 1 (SAC)
  wrote dataset_test_run_21_event_table.json  (2386 events, 32493 read total)
  wrote dataset_test_run_21_session_correlation.csv  (2386 correlated pairs)
[2/3] Running Algorithm 2 (Graph Construction)
     => Generated 107 base session graphs natively in RAM
[3/3] Running Algorithm 3 (Behavior Abstraction & Serialization)
     [+] Wrote enriched_session_120522_Normal.graphml (Nodes: 4, Edges: 3)
     [+] Wrote enriched_session_120524_Normal.graphml (Nodes: 9, Edges: 9)
     [+] Wrote enriched_session_120525_Sabotage.graphml (Nodes: 3, Edges: 2)
     [+] Wrote enriched_session_120538_Data_Exfiltration.graphml (Nodes: 4, Edges: 3)
     [+] Wrote enriched_session_120532_Normal.graphml (Nodes: 13, Edges: 17)
     [+] Wrote enriched_session_120569_Normal.graphml (Nodes: 13, Edges: 17)
     [+] Wrote enriched_session_120529_Normal.graphml (Nodes: 13, Edges: 17)
     [+] Wrote enriched_session_120558_Normal.graphml (Nodes: 13, Edges: 17)
     [+] Wrote enriched_session_120531_Normal.graphml (Nodes: 13, Edges: 17)
     [+] Wrote enriched_session_120537_Normal.graphml (Nodes: 13, Edges: 17)
     [+] Wrote enriched_session_120545_Normal.graphml (Nodes: 13, Edges: 17)
     [+] Wrote enriched_session_120534_Normal.graphml (Nodes: 13, Edges: 17)
     [+] Wrote enriched_session_120584_Normal.graphml (Nodes: 13, Edges: 17)
     [+] Wrote enriched_session_120554_Normal.graphml (Nodes: 13, Edges: 17)
     [+] Wrote enriched_session_120541_Normal.graphml (Nodes: 13, Edges: 17)
     [+] Wrote enriched_session_120566_Normal.graphml (Nodes: 13, Edges: 17)
     [+] Wrote enriched_session_120589_Normal.graphml (Nodes: 13, Edges: 17)
     [+] Wrote enriched_session_120577_Normal.graphml (Nodes: 13, Edges: 17)
     [+] Wrote enriched_session_120540_Normal.graphml (Nodes: 13, Edges: 17)
     [+] Wrote enriched_session_120560_Normal.graphml (Nodes: 13, Edges: 17)
     [+] Wrote enriched_session_120549_Normal.graphml (Nodes: 13, Edges: 17)
     [+] Wrote enriched_session_120595_Normal.graphml (Nodes: 13, Edges: 17)
     [+] Wrote enriched_session_120559_Normal.graphml (Nodes: 13, Edges: 17)
     [+] Wrote enriched_session_120530_Normal.graphml (Nodes: 13, Edges: 17)
     [+] Wrote enriched_session_120546_Normal.graphml (Nodes: 13, Edges: 17)
     [+] Wrote enriched_session_120548_Normal.graphml (Nodes: 13, Edges: 17)
     [+] Wrote enriched_session_120572_Normal.graphml (Nodes: 13, Edges: 17)
     [+] Wrote enriched_session_120564_Normal.graphml (Nodes: 13, Edges: 17)
     [+] Wrote enriched_session_120580_Normal.graphml (Nodes: 13, Edges: 17)
     [+] Wrote enriched_session_120562_Normal.graphml (Nodes: 13, Edges: 17)
     [+] Wrote enriched_session_120581_Normal.graphml (Nodes: 13, Edges: 17)
     [+] Wrote enriched_session_120591_Normal.graphml (Nodes: 13, Edges: 17)
     [+] Wrote enriched_session_120565_Normal.graphml (Nodes: 13, Edges: 17)
     [+] Wrote enriched_session_120536_Normal.graphml (Nodes: 13, Edges: 17)
     [+] Wrote enriched_session_120590_Normal.graphml (Nodes: 13, Edges: 17)
     [+] Wrote enriched_session_120583_Normal.graphml (Nodes: 13, Edges: 17)
     [+] Wrote enriched_session_120578_Normal.graphml (Nodes: 13, Edges: 17)
     [+] Wrote enriched_session_120579_Normal.graphml (Nodes: 13, Edges: 17)
     [+] Wrote enriched_session_120594_Normal.graphml (Nodes: 13, Edges: 17)
     [+] Wrote enriched_session_120592_Normal.graphml (Nodes: 13, Edges: 17)
     [+] Wrote enriched_session_120550_Normal.graphml (Nodes: 13, Edges: 17)
     [+] Wrote enriched_session_120555_Normal.graphml (Nodes: 13, Edges: 17)
     [+] Wrote enriched_session_120587_Normal.graphml (Nodes: 13, Edges: 17)
     [+] Wrote enriched_session_120553_Normal.graphml (Nodes: 13, Edges: 17)
     [+] Wrote enriched_session_120557_Normal.graphml (Nodes: 13, Edges: 17)
     [+] Wrote enriched_session_120561_Normal.graphml (Nodes: 13, Edges: 17)
     [+] Wrote enriched_session_120567_Normal.graphml (Nodes: 13, Edges: 17)
     [+] Wrote enriched_session_120588_Normal.graphml (Nodes: 13, Edges: 17)
     [+] Wrote enriched_session_120593_Normal.graphml (Nodes: 13, Edges: 17)
     [+] Wrote enriched_session_120570_Normal.graphml (Nodes: 13, Edges: 17)
     [+] Wrote enriched_session_120542_Normal.graphml (Nodes: 13, Edges: 17)
     [+] Wrote enriched_session_120563_Normal.graphml (Nodes: 13, Edges: 17)
     [+] Wrote enriched_session_120552_Normal.graphml (Nodes: 13, Edges: 17)
     [+] Wrote enriched_session_120573_Normal.graphml (Nodes: 13, Edges: 17)
     [+] Wrote enriched_session_120596_Normal.graphml (Nodes: 4, Edges: 3)
     [+] Wrote enriched_session_120598_Normal.graphml (Nodes: 4, Edges: 3)
     [+] Wrote enriched_session_120606_Normal.graphml (Nodes: 4, Edges: 3)
     [+] Wrote enriched_session_120610_Normal.graphml (Nodes: 2, Edges: 1)
     [+] Wrote enriched_session_120608_Normal.graphml (Nodes: 4, Edges: 3)
     [+] Wrote enriched_session_120609_Normal.graphml (Nodes: 4, Edges: 4)
     [+] Wrote enriched_session_120614_Normal.graphml (Nodes: 4, Edges: 4)
     [+] Wrote enriched_session_120613_Normal.graphml (Nodes: 4, Edges: 4)
     [+] Wrote enriched_session_120616_Normal.graphml (Nodes: 3, Edges: 2)
     [+] Wrote enriched_session_120625_Normal.graphml (Nodes: 27, Edges: 25)
     [+] Wrote enriched_session_120626_Unauthorized_DB_Read.graphml (Nodes: 10, Edges: 9)
     [+] Wrote enriched_session_120629_Unauthorized_DB_Read.graphml (Nodes: 19, Edges: 18)
     [+] Wrote enriched_session_120630_Unauthorized_DB_Read.graphml (Nodes: 19, Edges: 18)
     [+] Wrote enriched_session_120631_Data_Exfiltration.graphml (Nodes: 12, Edges: 10)
     [+] Wrote enriched_session_120644_Data_Exfiltration.graphml (Nodes: 61, Edges: 65)
     [+] Wrote enriched_session_120660_Data_Exfiltration.graphml (Nodes: 35, Edges: 39)
     [+] Wrote enriched_session_120676_Data_Exfiltration.graphml (Nodes: 22, Edges: 23)
     [+] Wrote enriched_session_120691_Data_Exfiltration.graphml (Nodes: 22, Edges: 23)
     [+] Wrote enriched_session_120706_Data_Exfiltration.graphml (Nodes: 26, Edges: 31)
     [+] Wrote enriched_session_120723_Data_Exfiltration.graphml (Nodes: 26, Edges: 30)
     [+] Wrote enriched_session_120740_Data_Exfiltration.graphml (Nodes: 26, Edges: 30)
     [+] Wrote enriched_session_120757_Data_Exfiltration.graphml (Nodes: 26, Edges: 31)
     [+] Wrote enriched_session_120774_Data_Exfiltration.graphml (Nodes: 19, Edges: 18)
     [+] Wrote enriched_session_120788_Data_Exfiltration.graphml (Nodes: 19, Edges: 18)
     [+] Wrote enriched_session_120802_Data_Exfiltration.graphml (Nodes: 19, Edges: 18)
     [+] Wrote enriched_session_120816_Data_Exfiltration.graphml (Nodes: 19, Edges: 18)
     [+] Wrote enriched_session_120830_Data_Exfiltration.graphml (Nodes: 22, Edges: 22)
     [+] Wrote enriched_session_120845_Data_Exfiltration.graphml (Nodes: 22, Edges: 22)
     [+] Wrote enriched_session_120860_Data_Exfiltration.graphml (Nodes: 62, Edges: 65)
     [+] Wrote enriched_session_120876_Data_Exfiltration.graphml (Nodes: 36, Edges: 39)
     [+] Wrote enriched_session_120892_Data_Exfiltration.graphml (Nodes: 23, Edges: 24)
     [+] Wrote enriched_session_120907_Data_Exfiltration.graphml (Nodes: 23, Edges: 24)
     [+] Wrote enriched_session_120922_Data_Exfiltration.graphml (Nodes: 61, Edges: 65)
     [+] Wrote enriched_session_120938_Data_Exfiltration.graphml (Nodes: 35, Edges: 39)
     [+] Wrote enriched_session_120954_Data_Exfiltration.graphml (Nodes: 127, Edges: 128)
     [+] Wrote enriched_session_120969_Data_Exfiltration.graphml (Nodes: 62, Edges: 67)
     [+] Wrote enriched_session_120987_Data_Exfiltration.graphml (Nodes: 62, Edges: 67)
     [+] Wrote enriched_session_121000_Normal.graphml (Nodes: 18, Edges: 17)
     [+] Wrote enriched_session_121004_Normal.graphml (Nodes: 13, Edges: 11)
     [+] Wrote enriched_session_121007_Normal.graphml (Nodes: 59, Edges: 59)
     [+] Wrote enriched_session_121015_Normal.graphml (Nodes: 72, Edges: 73)
     [+] Wrote enriched_session_121047_OS_Privilege_Escalation.graphml (Nodes: 21, Edges: 22)
     [+] Wrote enriched_session_121062_OS_Privilege_Escalation.graphml (Nodes: 21, Edges: 22)
     [+] Wrote enriched_session_121077_OS_Privilege_Escalation.graphml (Nodes: 20, Edges: 21)
     [+] Wrote enriched_session_121105_OS_Privilege_Escalation.graphml (Nodes: 29, Edges: 36)
     [+] Wrote enriched_session_121135_OS_Privilege_Escalation.graphml (Nodes: 61, Edges: 66)
     [+] Wrote enriched_session_121151_Privilege_Abuse.graphml (Nodes: 13, Edges: 11)
     [+] Wrote enriched_session_121153_Privilege_Abuse.graphml (Nodes: 13, Edges: 11)
     [+] Wrote enriched_session_121155_Privilege_Abuse.graphml (Nodes: 18, Edges: 17)
     [+] Wrote enriched_session_121168_SQL_Injection.graphml (Nodes: 22, Edges: 22)
     [+] Wrote enriched_session_121184_SQL_Injection.graphml (Nodes: 18, Edges: 16)
     [+] Wrote enriched_session_121197_SQL_Injection.graphml (Nodes: 13, Edges: 11)
     [+] Wrote enriched_session_121211_SQL_Injection.graphml (Nodes: 22, Edges: 20)

==================================================
Starting End-to-End Pipeline for: dataset_test_run_22
==================================================
[1/3] Running Algorithm 1 (SAC)
  wrote dataset_test_run_22_event_table.json  (2316 events, 26128 read total)
  wrote dataset_test_run_22_session_correlation.csv  (2316 correlated pairs)
[2/3] Running Algorithm 2 (Graph Construction)
     => Generated 107 base session graphs natively in RAM
[3/3] Running Algorithm 3 (Behavior Abstraction & Serialization)
     [+] Wrote enriched_session_121531_Normal.graphml (Nodes: 9, Edges: 9)
     [+] Wrote enriched_session_121546_Normal.graphml (Nodes: 4, Edges: 3)
     [+] Wrote enriched_session_121548_Sabotage.graphml (Nodes: 3, Edges: 2)
     [+] Wrote enriched_session_121547_Data_Exfiltration.graphml (Nodes: 4, Edges: 3)
     [+] Wrote enriched_session_121551_Normal.graphml (Nodes: 13, Edges: 17)
     [+] Wrote enriched_session_121552_Normal.graphml (Nodes: 13, Edges: 17)
     [+] Wrote enriched_session_121564_Normal.graphml (Nodes: 13, Edges: 17)
     [+] Wrote enriched_session_121544_Normal.graphml (Nodes: 13, Edges: 17)
     [+] Wrote enriched_session_121589_Normal.graphml (Nodes: 13, Edges: 17)
     [+] Wrote enriched_session_121535_Normal.graphml (Nodes: 13, Edges: 17)
     [+] Wrote enriched_session_121566_Normal.graphml (Nodes: 13, Edges: 17)
     [+] Wrote enriched_session_121536_Normal.graphml (Nodes: 13, Edges: 17)
     [+] Wrote enriched_session_121545_Normal.graphml (Nodes: 13, Edges: 17)
     [+] Wrote enriched_session_121598_Normal.graphml (Nodes: 13, Edges: 17)
     [+] Wrote enriched_session_121584_Normal.graphml (Nodes: 13, Edges: 17)
     [+] Wrote enriched_session_121574_Normal.graphml (Nodes: 13, Edges: 17)
     [+] Wrote enriched_session_121539_Normal.graphml (Nodes: 13, Edges: 17)
     [+] Wrote enriched_session_121561_Normal.graphml (Nodes: 13, Edges: 17)
     [+] Wrote enriched_session_121579_Normal.graphml (Nodes: 13, Edges: 17)
     [+] Wrote enriched_session_121572_Normal.graphml (Nodes: 13, Edges: 17)
     [+] Wrote enriched_session_121591_Normal.graphml (Nodes: 13, Edges: 17)
     [+] Wrote enriched_session_121581_Normal.graphml (Nodes: 13, Edges: 17)
     [+] Wrote enriched_session_121543_Normal.graphml (Nodes: 13, Edges: 17)
     [+] Wrote enriched_session_121595_Normal.graphml (Nodes: 13, Edges: 17)
     [+] Wrote enriched_session_121601_Normal.graphml (Nodes: 13, Edges: 17)
     [+] Wrote enriched_session_121604_Normal.graphml (Nodes: 13, Edges: 17)
     [+] Wrote enriched_session_121570_Normal.graphml (Nodes: 13, Edges: 17)
     [+] Wrote enriched_session_121550_Normal.graphml (Nodes: 13, Edges: 17)
     [+] Wrote enriched_session_121549_Normal.graphml (Nodes: 13, Edges: 17)
     [+] Wrote enriched_session_121565_Normal.graphml (Nodes: 13, Edges: 17)
     [+] Wrote enriched_session_121541_Normal.graphml (Nodes: 13, Edges: 17)
     [+] Wrote enriched_session_121602_Normal.graphml (Nodes: 13, Edges: 17)
     [+] Wrote enriched_session_121586_Normal.graphml (Nodes: 13, Edges: 17)
     [+] Wrote enriched_session_121592_Normal.graphml (Nodes: 13, Edges: 17)
     [+] Wrote enriched_session_121575_Normal.graphml (Nodes: 13, Edges: 17)
     [+] Wrote enriched_session_121600_Normal.graphml (Nodes: 13, Edges: 17)
     [+] Wrote enriched_session_121538_Normal.graphml (Nodes: 13, Edges: 17)
     [+] Wrote enriched_session_121555_Normal.graphml (Nodes: 13, Edges: 17)
     [+] Wrote enriched_session_121603_Normal.graphml (Nodes: 13, Edges: 17)
     [+] Wrote enriched_session_121587_Normal.graphml (Nodes: 13, Edges: 17)
     [+] Wrote enriched_session_121542_Normal.graphml (Nodes: 13, Edges: 17)
     [+] Wrote enriched_session_121556_Normal.graphml (Nodes: 13, Edges: 17)
     [+] Wrote enriched_session_121576_Normal.graphml (Nodes: 13, Edges: 17)
     [+] Wrote enriched_session_121540_Normal.graphml (Nodes: 13, Edges: 17)
     [+] Wrote enriched_session_121599_Normal.graphml (Nodes: 13, Edges: 17)
     [+] Wrote enriched_session_121596_Normal.graphml (Nodes: 13, Edges: 17)
     [+] Wrote enriched_session_121563_Normal.graphml (Nodes: 13, Edges: 17)
     [+] Wrote enriched_session_121573_Normal.graphml (Nodes: 13, Edges: 17)
     [+] Wrote enriched_session_121558_Normal.graphml (Nodes: 13, Edges: 17)
     [+] Wrote enriched_session_121571_Normal.graphml (Nodes: 13, Edges: 17)
     [+] Wrote enriched_session_121537_Normal.graphml (Nodes: 13, Edges: 17)
     [+] Wrote enriched_session_121588_Normal.graphml (Nodes: 13, Edges: 17)
     [+] Wrote enriched_session_121597_Normal.graphml (Nodes: 13, Edges: 17)
     [+] Wrote enriched_session_121580_Normal.graphml (Nodes: 13, Edges: 17)
     [+] Wrote enriched_session_121606_Normal.graphml (Nodes: 4, Edges: 3)
     [+] Wrote enriched_session_121608_Normal.graphml (Nodes: 4, Edges: 3)
     [+] Wrote enriched_session_121615_Normal.graphml (Nodes: 4, Edges: 3)
     [+] Wrote enriched_session_121618_Normal.graphml (Nodes: 4, Edges: 3)
     [+] Wrote enriched_session_121620_Normal.graphml (Nodes: 4, Edges: 4)
     [+] Wrote enriched_session_121621_Normal.graphml (Nodes: 4, Edges: 4)
     [+] Wrote enriched_session_121622_Normal.graphml (Nodes: 4, Edges: 4)
     [+] Wrote enriched_session_121623_Normal.graphml (Nodes: 2, Edges: 1)
     [+] Wrote enriched_session_121632_Normal.graphml (Nodes: 3, Edges: 2)
     [+] Wrote enriched_session_121634_Unauthorized_DB_Read.graphml (Nodes: 4, Edges: 4)
     [+] Wrote enriched_session_121636_Unauthorized_DB_Read.graphml (Nodes: 4, Edges: 4)
     [+] Wrote enriched_session_121635_Unauthorized_DB_Read.graphml (Nodes: 4, Edges: 4)
     [+] Wrote enriched_session_121637_Data_Exfiltration.graphml (Nodes: 28, Edges: 26)
     [+] Wrote enriched_session_121650_Data_Exfiltration.graphml (Nodes: 53, Edges: 57)
     [+] Wrote enriched_session_121668_Data_Exfiltration.graphml (Nodes: 12, Edges: 10)
     [+] Wrote enriched_session_121669_Data_Exfiltration.graphml (Nodes: 35, Edges: 38)
     [+] Wrote enriched_session_121685_Data_Exfiltration.graphml (Nodes: 22, Edges: 22)
     [+] Wrote enriched_session_121700_Data_Exfiltration.graphml (Nodes: 22, Edges: 22)
     [+] Wrote enriched_session_121715_Data_Exfiltration.graphml (Nodes: 26, Edges: 30)
     [+] Wrote enriched_session_121732_Data_Exfiltration.graphml (Nodes: 26, Edges: 30)
     [+] Wrote enriched_session_121749_Data_Exfiltration.graphml (Nodes: 26, Edges: 31)
     [+] Wrote enriched_session_121766_Data_Exfiltration.graphml (Nodes: 26, Edges: 31)
     [+] Wrote enriched_session_121783_Data_Exfiltration.graphml (Nodes: 19, Edges: 18)
     [+] Wrote enriched_session_121797_Data_Exfiltration.graphml (Nodes: 19, Edges: 18)
     [+] Wrote enriched_session_121811_Data_Exfiltration.graphml (Nodes: 19, Edges: 18)
     [+] Wrote enriched_session_121825_Data_Exfiltration.graphml (Nodes: 19, Edges: 18)
     [+] Wrote enriched_session_121839_Data_Exfiltration.graphml (Nodes: 22, Edges: 23)
     [+] Wrote enriched_session_121854_Data_Exfiltration.graphml (Nodes: 22, Edges: 22)
     [+] Wrote enriched_session_121869_Data_Exfiltration.graphml (Nodes: 62, Edges: 65)
     [+] Wrote enriched_session_121885_Data_Exfiltration.graphml (Nodes: 36, Edges: 39)
     [+] Wrote enriched_session_121901_Data_Exfiltration.graphml (Nodes: 23, Edges: 23)
     [+] Wrote enriched_session_121916_Data_Exfiltration.graphml (Nodes: 23, Edges: 23)
     [+] Wrote enriched_session_121931_Data_Exfiltration.graphml (Nodes: 61, Edges: 64)
     [+] Wrote enriched_session_121947_Data_Exfiltration.graphml (Nodes: 35, Edges: 38)
     [+] Wrote enriched_session_121963_Data_Exfiltration.graphml (Nodes: 127, Edges: 128)
     [+] Wrote enriched_session_121978_Data_Exfiltration.graphml (Nodes: 62, Edges: 68)
     [+] Wrote enriched_session_121995_Data_Exfiltration.graphml (Nodes: 62, Edges: 68)
     [+] Wrote enriched_session_122012_Normal.graphml (Nodes: 18, Edges: 17)
     [+] Wrote enriched_session_122015_Normal.graphml (Nodes: 13, Edges: 11)
     [+] Wrote enriched_session_122018_Normal.graphml (Nodes: 59, Edges: 59)
     [+] Wrote enriched_session_122026_Normal.graphml (Nodes: 72, Edges: 73)
     [+] Wrote enriched_session_122058_OS_Privilege_Escalation.graphml (Nodes: 21, Edges: 21)
     [+] Wrote enriched_session_122073_OS_Privilege_Escalation.graphml (Nodes: 21, Edges: 21)
     [+] Wrote enriched_session_122088_OS_Privilege_Escalation.graphml (Nodes: 20, Edges: 20)
     [+] Wrote enriched_session_122116_OS_Privilege_Escalation.graphml (Nodes: 29, Edges: 36)
     [+] Wrote enriched_session_122146_OS_Privilege_Escalation.graphml (Nodes: 61, Edges: 66)
     [+] Wrote enriched_session_122162_OS_Privilege_Escalation.graphml (Nodes: 13, Edges: 11)
     [+] Wrote enriched_session_122164_OS_Privilege_Escalation.graphml (Nodes: 13, Edges: 11)
     [+] Wrote enriched_session_122166_OS_Privilege_Escalation.graphml (Nodes: 18, Edges: 17)
     [+] Wrote enriched_session_122179_OS_Privilege_Escalation.graphml (Nodes: 22, Edges: 23)
     [+] Wrote enriched_session_122195_SQL_Injection.graphml (Nodes: 18, Edges: 16)
     [+] Wrote enriched_session_122208_SQL_Injection.graphml (Nodes: 13, Edges: 11)
     [+] Wrote enriched_session_122221_SQL_Injection.graphml (Nodes: 13, Edges: 11)

==================================================
Starting End-to-End Pipeline for: dataset_test_run_23
==================================================
[1/3] Running Algorithm 1 (SAC)
  wrote dataset_test_run_23_event_table.json  (2372 events, 28125 read total)
  wrote dataset_test_run_23_session_correlation.csv  (2372 correlated pairs)
[2/3] Running Algorithm 2 (Graph Construction)
     => Generated 107 base session graphs natively in RAM
[3/3] Running Algorithm 3 (Behavior Abstraction & Serialization)
     [+] Wrote enriched_session_122540_Normal.graphml (Nodes: 9, Edges: 9)
     [+] Wrote enriched_session_122561_Normal.graphml (Nodes: 4, Edges: 3)
     [+] Wrote enriched_session_122560_Sabotage.graphml (Nodes: 3, Edges: 2)
     [+] Wrote enriched_session_122567_Data_Exfiltration.graphml (Nodes: 4, Edges: 3)
     [+] Wrote enriched_session_122556_Normal.graphml (Nodes: 13, Edges: 17)
     [+] Wrote enriched_session_122546_Normal.graphml (Nodes: 13, Edges: 17)
     [+] Wrote enriched_session_122547_Normal.graphml (Nodes: 13, Edges: 17)
     [+] Wrote enriched_session_122594_Normal.graphml (Nodes: 13, Edges: 17)
     [+] Wrote enriched_session_122544_Normal.graphml (Nodes: 13, Edges: 17)
     [+] Wrote enriched_session_122568_Normal.graphml (Nodes: 13, Edges: 17)
     [+] Wrote enriched_session_122550_Normal.graphml (Nodes: 13, Edges: 17)
     [+] Wrote enriched_session_122549_Normal.graphml (Nodes: 13, Edges: 17)
     [+] Wrote enriched_session_122554_Normal.graphml (Nodes: 13, Edges: 17)
     [+] Wrote enriched_session_122557_Normal.graphml (Nodes: 13, Edges: 17)
     [+] Wrote enriched_session_122553_Normal.graphml (Nodes: 13, Edges: 17)
     [+] Wrote enriched_session_122598_Normal.graphml (Nodes: 13, Edges: 17)
     [+] Wrote enriched_session_122584_Normal.graphml (Nodes: 13, Edges: 17)
     [+] Wrote enriched_session_122585_Normal.graphml (Nodes: 13, Edges: 17)
     [+] Wrote enriched_session_122571_Normal.graphml (Nodes: 13, Edges: 17)
     [+] Wrote enriched_session_122595_Normal.graphml (Nodes: 13, Edges: 17)
     [+] Wrote enriched_session_122576_Normal.graphml (Nodes: 13, Edges: 17)
     [+] Wrote enriched_session_122563_Normal.graphml (Nodes: 13, Edges: 17)
     [+] Wrote enriched_session_122569_Normal.graphml (Nodes: 13, Edges: 17)
     [+] Wrote enriched_session_122610_Normal.graphml (Nodes: 13, Edges: 17)
     [+] Wrote enriched_session_122555_Normal.graphml (Nodes: 13, Edges: 17)
     [+] Wrote enriched_session_122572_Normal.graphml (Nodes: 13, Edges: 17)
     [+] Wrote enriched_session_122592_Normal.graphml (Nodes: 13, Edges: 17)
     [+] Wrote enriched_session_122559_Normal.graphml (Nodes: 13, Edges: 17)
     [+] Wrote enriched_session_122599_Normal.graphml (Nodes: 13, Edges: 17)
     [+] Wrote enriched_session_122551_Normal.graphml (Nodes: 13, Edges: 17)
     [+] Wrote enriched_session_122574_Normal.graphml (Nodes: 13, Edges: 17)
     [+] Wrote enriched_session_122591_Normal.graphml (Nodes: 13, Edges: 17)
     [+] Wrote enriched_session_122558_Normal.graphml (Nodes: 13, Edges: 17)
     [+] Wrote enriched_session_122593_Normal.graphml (Nodes: 13, Edges: 17)
     [+] Wrote enriched_session_122545_Normal.graphml (Nodes: 13, Edges: 17)
     [+] Wrote enriched_session_122597_Normal.graphml (Nodes: 13, Edges: 17)
     [+] Wrote enriched_session_122548_Normal.graphml (Nodes: 13, Edges: 17)
     [+] Wrote enriched_session_122570_Normal.graphml (Nodes: 13, Edges: 17)
     [+] Wrote enriched_session_122582_Normal.graphml (Nodes: 13, Edges: 17)
     [+] Wrote enriched_session_122604_Normal.graphml (Nodes: 13, Edges: 17)
     [+] Wrote enriched_session_122589_Normal.graphml (Nodes: 13, Edges: 17)
     [+] Wrote enriched_session_122605_Normal.graphml (Nodes: 13, Edges: 17)
     [+] Wrote enriched_session_122552_Normal.graphml (Nodes: 13, Edges: 17)
     [+] Wrote enriched_session_122590_Normal.graphml (Nodes: 13, Edges: 17)
     [+] Wrote enriched_session_122565_Normal.graphml (Nodes: 13, Edges: 17)
     [+] Wrote enriched_session_122602_Normal.graphml (Nodes: 13, Edges: 17)
     [+] Wrote enriched_session_122609_Normal.graphml (Nodes: 13, Edges: 17)
     [+] Wrote enriched_session_122562_Normal.graphml (Nodes: 13, Edges: 17)
     [+] Wrote enriched_session_122566_Normal.graphml (Nodes: 13, Edges: 17)
     [+] Wrote enriched_session_122579_Normal.graphml (Nodes: 13, Edges: 17)
     [+] Wrote enriched_session_122588_Normal.graphml (Nodes: 13, Edges: 17)
     [+] Wrote enriched_session_122575_Normal.graphml (Nodes: 13, Edges: 17)
     [+] Wrote enriched_session_122596_Normal.graphml (Nodes: 13, Edges: 17)
     [+] Wrote enriched_session_122601_Normal.graphml (Nodes: 13, Edges: 17)
     [+] Wrote enriched_session_122615_Normal.graphml (Nodes: 4, Edges: 3)
     [+] Wrote enriched_session_122616_Normal.graphml (Nodes: 4, Edges: 3)
     [+] Wrote enriched_session_122621_Normal.graphml (Nodes: 4, Edges: 3)
     [+] Wrote enriched_session_122626_Normal.graphml (Nodes: 2, Edges: 1)
     [+] Wrote enriched_session_122628_Normal.graphml (Nodes: 4, Edges: 4)
     [+] Wrote enriched_session_122629_Normal.graphml (Nodes: 4, Edges: 3)
     [+] Wrote enriched_session_122630_Normal.graphml (Nodes: 4, Edges: 4)
     [+] Wrote enriched_session_122631_Normal.graphml (Nodes: 4, Edges: 4)
     [+] Wrote enriched_session_122634_Normal.graphml (Nodes: 3, Edges: 2)
     [+] Wrote enriched_session_122643_Normal.graphml (Nodes: 25, Edges: 23)
     [+] Wrote enriched_session_122644_Unauthorized_DB_Read.graphml (Nodes: 10, Edges: 9)
     [+] Wrote enriched_session_122647_Unauthorized_DB_Read.graphml (Nodes: 19, Edges: 18)
     [+] Wrote enriched_session_122648_Unauthorized_DB_Read.graphml (Nodes: 19, Edges: 18)
     [+] Wrote enriched_session_122649_Data_Exfiltration.graphml (Nodes: 12, Edges: 10)
     [+] Wrote enriched_session_122662_Data_Exfiltration.graphml (Nodes: 61, Edges: 64)
     [+] Wrote enriched_session_122678_Data_Exfiltration.graphml (Nodes: 35, Edges: 39)
     [+] Wrote enriched_session_122694_Data_Exfiltration.graphml (Nodes: 22, Edges: 23)
     [+] Wrote enriched_session_122709_Data_Exfiltration.graphml (Nodes: 22, Edges: 23)
     [+] Wrote enriched_session_122724_Data_Exfiltration.graphml (Nodes: 26, Edges: 31)
     [+] Wrote enriched_session_122741_Data_Exfiltration.graphml (Nodes: 26, Edges: 31)
     [+] Wrote enriched_session_122758_Data_Exfiltration.graphml (Nodes: 26, Edges: 31)
     [+] Wrote enriched_session_122775_Data_Exfiltration.graphml (Nodes: 26, Edges: 30)
     [+] Wrote enriched_session_122792_Data_Exfiltration.graphml (Nodes: 19, Edges: 17)
     [+] Wrote enriched_session_122806_Data_Exfiltration.graphml (Nodes: 19, Edges: 17)
     [+] Wrote enriched_session_122820_Data_Exfiltration.graphml (Nodes: 19, Edges: 17)
     [+] Wrote enriched_session_122834_Data_Exfiltration.graphml (Nodes: 19, Edges: 17)
     [+] Wrote enriched_session_122848_Data_Exfiltration.graphml (Nodes: 22, Edges: 22)
     [+] Wrote enriched_session_122863_Data_Exfiltration.graphml (Nodes: 22, Edges: 22)
     [+] Wrote enriched_session_122878_Data_Exfiltration.graphml (Nodes: 62, Edges: 66)
     [+] Wrote enriched_session_122894_Data_Exfiltration.graphml (Nodes: 36, Edges: 40)
     [+] Wrote enriched_session_122910_Data_Exfiltration.graphml (Nodes: 23, Edges: 24)
     [+] Wrote enriched_session_122925_Data_Exfiltration.graphml (Nodes: 23, Edges: 24)
     [+] Wrote enriched_session_122940_Data_Exfiltration.graphml (Nodes: 61, Edges: 65)
     [+] Wrote enriched_session_122956_Data_Exfiltration.graphml (Nodes: 35, Edges: 39)
     [+] Wrote enriched_session_122972_Data_Exfiltration.graphml (Nodes: 127, Edges: 128)
     [+] Wrote enriched_session_122987_Data_Exfiltration.graphml (Nodes: 62, Edges: 67)
     [+] Wrote enriched_session_123004_Data_Exfiltration.graphml (Nodes: 62, Edges: 67)
     [+] Wrote enriched_session_123030_Normal.graphml (Nodes: 18, Edges: 17)
     [+] Wrote enriched_session_123033_Normal.graphml (Nodes: 13, Edges: 11)
     [+] Wrote enriched_session_123038_Normal.graphml (Nodes: 59, Edges: 59)
     [+] Wrote enriched_session_123046_Normal.graphml (Nodes: 72, Edges: 74)
     [+] Wrote enriched_session_123078_OS_Privilege_Escalation.graphml (Nodes: 21, Edges: 22)
     [+] Wrote enriched_session_123093_OS_Privilege_Escalation.graphml (Nodes: 21, Edges: 22)
     [+] Wrote enriched_session_123108_OS_Privilege_Escalation.graphml (Nodes: 20, Edges: 21)
     [+] Wrote enriched_session_123136_OS_Privilege_Escalation.graphml (Nodes: 29, Edges: 36)
     [+] Wrote enriched_session_123166_Attack.graphml (Nodes: 61, Edges: 65)
     [+] Wrote enriched_session_123182_Attack.graphml (Nodes: 13, Edges: 11)
     [+] Wrote enriched_session_123184_Attack.graphml (Nodes: 13, Edges: 11)
     [+] Wrote enriched_session_123186_Attack.graphml (Nodes: 18, Edges: 17)
     [+] Wrote enriched_session_123199_Attack.graphml (Nodes: 22, Edges: 22)
     [+] Wrote enriched_session_123215_Attack.graphml (Nodes: 18, Edges: 16)
     [+] Wrote enriched_session_123228_Attack.graphml (Nodes: 13, Edges: 11)
     [+] Wrote enriched_session_123241_Attack.graphml (Nodes: 13, Edges: 11)

==================================================
Starting End-to-End Pipeline for: dataset_test_run_24
==================================================
[1/3] Running Algorithm 1 (SAC)
  wrote dataset_test_run_24_event_table.json  (2399 events, 29865 read total)
  wrote dataset_test_run_24_session_correlation.csv  (2399 correlated pairs)
[2/3] Running Algorithm 2 (Graph Construction)
     => Generated 107 base session graphs natively in RAM
[3/3] Running Algorithm 3 (Behavior Abstraction & Serialization)
     [+] Wrote enriched_session_123558_Normal.graphml (Nodes: 4, Edges: 3)
     [+] Wrote enriched_session_123560_Normal.graphml (Nodes: 9, Edges: 9)
     [+] Wrote enriched_session_123561_Data_Exfiltration.graphml (Nodes: 4, Edges: 3)
     [+] Wrote enriched_session_123562_Sabotage.graphml (Nodes: 3, Edges: 2)
     [+] Wrote enriched_session_123572_Normal.graphml (Nodes: 13, Edges: 17)
     [+] Wrote enriched_session_123613_Normal.graphml (Nodes: 13, Edges: 17)
     [+] Wrote enriched_session_123630_Normal.graphml (Nodes: 13, Edges: 17)
     [+] Wrote enriched_session_123594_Normal.graphml (Nodes: 13, Edges: 17)
     [+] Wrote enriched_session_123599_Normal.graphml (Nodes: 13, Edges: 17)
     [+] Wrote enriched_session_123596_Normal.graphml (Nodes: 13, Edges: 17)
     [+] Wrote enriched_session_123571_Normal.graphml (Nodes: 13, Edges: 17)
     [+] Wrote enriched_session_123574_Normal.graphml (Nodes: 13, Edges: 17)
     [+] Wrote enriched_session_123615_Normal.graphml (Nodes: 13, Edges: 17)
     [+] Wrote enriched_session_123577_Normal.graphml (Nodes: 13, Edges: 17)
     [+] Wrote enriched_session_123611_Normal.graphml (Nodes: 13, Edges: 17)
     [+] Wrote enriched_session_123608_Normal.graphml (Nodes: 13, Edges: 17)
     [+] Wrote enriched_session_123619_Normal.graphml (Nodes: 13, Edges: 17)
     [+] Wrote enriched_session_123576_Normal.graphml (Nodes: 13, Edges: 17)
     [+] Wrote enriched_session_123590_Normal.graphml (Nodes: 13, Edges: 17)
     [+] Wrote enriched_session_123582_Normal.graphml (Nodes: 13, Edges: 17)
     [+] Wrote enriched_session_123601_Normal.graphml (Nodes: 13, Edges: 17)
     [+] Wrote enriched_session_123584_Normal.graphml (Nodes: 13, Edges: 17)
     [+] Wrote enriched_session_123570_Normal.graphml (Nodes: 13, Edges: 17)
     [+] Wrote enriched_session_123607_Normal.graphml (Nodes: 13, Edges: 17)
     [+] Wrote enriched_session_123573_Normal.graphml (Nodes: 13, Edges: 17)
     [+] Wrote enriched_session_123614_Normal.graphml (Nodes: 13, Edges: 17)
     [+] Wrote enriched_session_123628_Normal.graphml (Nodes: 13, Edges: 17)
     [+] Wrote enriched_session_123606_Normal.graphml (Nodes: 13, Edges: 17)
     [+] Wrote enriched_session_123569_Normal.graphml (Nodes: 13, Edges: 17)
     [+] Wrote enriched_session_123610_Normal.graphml (Nodes: 13, Edges: 17)
     [+] Wrote enriched_session_123580_Normal.graphml (Nodes: 13, Edges: 17)
     [+] Wrote enriched_session_123622_Normal.graphml (Nodes: 13, Edges: 17)
     [+] Wrote enriched_session_123626_Normal.graphml (Nodes: 13, Edges: 17)
     [+] Wrote enriched_session_123620_Normal.graphml (Nodes: 13, Edges: 17)
     [+] Wrote enriched_session_123597_Normal.graphml (Nodes: 13, Edges: 17)
     [+] Wrote enriched_session_123612_Normal.graphml (Nodes: 13, Edges: 17)
     [+] Wrote enriched_session_123617_Normal.graphml (Nodes: 13, Edges: 17)
     [+] Wrote enriched_session_123623_Normal.graphml (Nodes: 13, Edges: 17)
     [+] Wrote enriched_session_123589_Normal.graphml (Nodes: 13, Edges: 17)
     [+] Wrote enriched_session_123575_Normal.graphml (Nodes: 13, Edges: 17)
     [+] Wrote enriched_session_123578_Normal.graphml (Nodes: 13, Edges: 17)
     [+] Wrote enriched_session_123631_Normal.graphml (Nodes: 13, Edges: 17)
     [+] Wrote enriched_session_123595_Normal.graphml (Nodes: 13, Edges: 17)
     [+] Wrote enriched_session_123598_Normal.graphml (Nodes: 13, Edges: 17)
     [+] Wrote enriched_session_123605_Normal.graphml (Nodes: 13, Edges: 17)
     [+] Wrote enriched_session_123609_Normal.graphml (Nodes: 13, Edges: 17)
     [+] Wrote enriched_session_123618_Normal.graphml (Nodes: 13, Edges: 17)
     [+] Wrote enriched_session_123603_Normal.graphml (Nodes: 13, Edges: 17)
     [+] Wrote enriched_session_123616_Normal.graphml (Nodes: 13, Edges: 17)
     [+] Wrote enriched_session_123625_Normal.graphml (Nodes: 13, Edges: 17)
     [+] Wrote enriched_session_123629_Normal.graphml (Nodes: 13, Edges: 17)
     [+] Wrote enriched_session_123627_Normal.graphml (Nodes: 13, Edges: 17)
     [+] Wrote enriched_session_123621_Normal.graphml (Nodes: 13, Edges: 17)
     [+] Wrote enriched_session_123624_Normal.graphml (Nodes: 13, Edges: 17)
     [+] Wrote enriched_session_123632_Normal.graphml (Nodes: 4, Edges: 3)
     [+] Wrote enriched_session_123635_Normal.graphml (Nodes: 4, Edges: 3)
     [+] Wrote enriched_session_123642_Normal.graphml (Nodes: 4, Edges: 3)
     [+] Wrote enriched_session_123643_Normal.graphml (Nodes: 4, Edges: 3)
     [+] Wrote enriched_session_123647_Normal.graphml (Nodes: 4, Edges: 4)
     [+] Wrote enriched_session_123648_Normal.graphml (Nodes: 4, Edges: 4)
     [+] Wrote enriched_session_123649_Normal.graphml (Nodes: 4, Edges: 4)
     [+] Wrote enriched_session_123650_Normal.graphml (Nodes: 2, Edges: 1)
     [+] Wrote enriched_session_123652_Normal.graphml (Nodes: 3, Edges: 2)
     [+] Wrote enriched_session_123661_Normal.graphml (Nodes: 29, Edges: 27)
     [+] Wrote enriched_session_123662_Unauthorized_DB_Read.graphml (Nodes: 10, Edges: 9)
     [+] Wrote enriched_session_123665_Unauthorized_DB_Read.graphml (Nodes: 19, Edges: 18)
     [+] Wrote enriched_session_123666_Unauthorized_DB_Read.graphml (Nodes: 19, Edges: 18)
     [+] Wrote enriched_session_123667_Data_Exfiltration.graphml (Nodes: 12, Edges: 10)
     [+] Wrote enriched_session_123680_Data_Exfiltration.graphml (Nodes: 61, Edges: 64)
     [+] Wrote enriched_session_123696_Data_Exfiltration.graphml (Nodes: 35, Edges: 38)
     [+] Wrote enriched_session_123712_Data_Exfiltration.graphml (Nodes: 22, Edges: 22)
     [+] Wrote enriched_session_123727_Data_Exfiltration.graphml (Nodes: 22, Edges: 23)
     [+] Wrote enriched_session_123742_Data_Exfiltration.graphml (Nodes: 26, Edges: 31)
     [+] Wrote enriched_session_123759_Data_Exfiltration.graphml (Nodes: 26, Edges: 31)
     [+] Wrote enriched_session_123776_Data_Exfiltration.graphml (Nodes: 26, Edges: 31)
     [+] Wrote enriched_session_123793_Data_Exfiltration.graphml (Nodes: 26, Edges: 31)
     [+] Wrote enriched_session_123810_Data_Exfiltration.graphml (Nodes: 19, Edges: 18)
     [+] Wrote enriched_session_123824_Data_Exfiltration.graphml (Nodes: 19, Edges: 17)
     [+] Wrote enriched_session_123838_Data_Exfiltration.graphml (Nodes: 19, Edges: 17)
     [+] Wrote enriched_session_123852_Data_Exfiltration.graphml (Nodes: 19, Edges: 17)
     [+] Wrote enriched_session_123866_Data_Exfiltration.graphml (Nodes: 22, Edges: 22)
     [+] Wrote enriched_session_123881_Data_Exfiltration.graphml (Nodes: 22, Edges: 22)
     [+] Wrote enriched_session_123896_Data_Exfiltration.graphml (Nodes: 62, Edges: 65)
     [+] Wrote enriched_session_123912_Data_Exfiltration.graphml (Nodes: 36, Edges: 39)
     [+] Wrote enriched_session_123928_Data_Exfiltration.graphml (Nodes: 23, Edges: 24)
     [+] Wrote enriched_session_123943_Data_Exfiltration.graphml (Nodes: 23, Edges: 24)
     [+] Wrote enriched_session_123958_Data_Exfiltration.graphml (Nodes: 61, Edges: 65)
     [+] Wrote enriched_session_123974_Data_Exfiltration.graphml (Nodes: 35, Edges: 39)
     [+] Wrote enriched_session_123990_Data_Exfiltration.graphml (Nodes: 127, Edges: 128)
     [+] Wrote enriched_session_124005_Data_Exfiltration.graphml (Nodes: 62, Edges: 67)
     [+] Wrote enriched_session_124022_Data_Exfiltration.graphml (Nodes: 62, Edges: 67)
     [+] Wrote enriched_session_124051_Normal.graphml (Nodes: 24, Edges: 23)
     [+] Wrote enriched_session_124054_Normal.graphml (Nodes: 13, Edges: 11)
     [+] Wrote enriched_session_124057_Normal.graphml (Nodes: 59, Edges: 59)
     [+] Wrote enriched_session_124065_Normal.graphml (Nodes: 72, Edges: 73)
     [+] Wrote enriched_session_124097_OS_Privilege_Escalation.graphml (Nodes: 21, Edges: 22)
     [+] Wrote enriched_session_124112_OS_Privilege_Escalation.graphml (Nodes: 21, Edges: 22)
     [+] Wrote enriched_session_124127_OS_Privilege_Escalation.graphml (Nodes: 20, Edges: 21)
     [+] Wrote enriched_session_124155_OS_Privilege_Escalation.graphml (Nodes: 29, Edges: 36)
     [+] Wrote enriched_session_124185_Attack.graphml (Nodes: 61, Edges: 65)
     [+] Wrote enriched_session_124201_Attack.graphml (Nodes: 13, Edges: 11)
     [+] Wrote enriched_session_124203_Attack.graphml (Nodes: 13, Edges: 11)
     [+] Wrote enriched_session_124205_Attack.graphml (Nodes: 18, Edges: 17)
     [+] Wrote enriched_session_124218_Attack.graphml (Nodes: 22, Edges: 22)
     [+] Wrote enriched_session_124234_Attack.graphml (Nodes: 18, Edges: 16)
     [+] Wrote enriched_session_124247_Attack.graphml (Nodes: 13, Edges: 11)
     [+] Wrote enriched_session_124260_Attack.graphml (Nodes: 13, Edges: 11)

==================================================
Starting End-to-End Pipeline for: dataset_test_run_3
==================================================
[1/3] Running Algorithm 1 (SAC)
  wrote dataset_test_run_3_event_table.json  (2311 events, 26654 read total)
  wrote dataset_test_run_3_session_correlation.csv  (2311 correlated pairs)
[2/3] Running Algorithm 2 (Graph Construction)
     => Generated 107 base session graphs natively in RAM
[3/3] Running Algorithm 3 (Behavior Abstraction & Serialization)
     [+] Wrote enriched_session_102098_Data_Exfiltration.graphml (Nodes: 4, Edges: 3)
     [+] Wrote enriched_session_102103_Sabotage.graphml (Nodes: 3, Edges: 2)
     [+] Wrote enriched_session_102102_Normal.graphml (Nodes: 9, Edges: 9)
     [+] Wrote enriched_session_102104_Normal.graphml (Nodes: 4, Edges: 3)
     [+] Wrote enriched_session_102204_Data_Exfiltration.graphml (Nodes: 25, Edges: 23)
     [+] Wrote enriched_session_102163_Data_Exfiltration.graphml (Nodes: 4, Edges: 3)
     [+] Wrote enriched_session_102168_Data_Exfiltration.graphml (Nodes: 4, Edges: 3)
     [+] Wrote enriched_session_102122_Normal.graphml (Nodes: 13, Edges: 17)
     [+] Wrote enriched_session_102148_Normal.graphml (Nodes: 13, Edges: 17)
     [+] Wrote enriched_session_102138_Normal.graphml (Nodes: 13, Edges: 17)
     [+] Wrote enriched_session_102117_Normal.graphml (Nodes: 13, Edges: 17)
     [+] Wrote enriched_session_102127_Normal.graphml (Nodes: 13, Edges: 17)
     [+] Wrote enriched_session_102167_Normal.graphml (Nodes: 13, Edges: 17)
     [+] Wrote enriched_session_102130_Normal.graphml (Nodes: 13, Edges: 17)
     [+] Wrote enriched_session_102147_Normal.graphml (Nodes: 13, Edges: 17)
     [+] Wrote enriched_session_102143_Normal.graphml (Nodes: 13, Edges: 17)
     [+] Wrote enriched_session_102134_Normal.graphml (Nodes: 13, Edges: 17)
     [+] Wrote enriched_session_102144_Normal.graphml (Nodes: 13, Edges: 17)
     [+] Wrote enriched_session_102152_Normal.graphml (Nodes: 13, Edges: 17)
     [+] Wrote enriched_session_102157_Normal.graphml (Nodes: 13, Edges: 17)
     [+] Wrote enriched_session_102156_Normal.graphml (Nodes: 13, Edges: 17)
     [+] Wrote enriched_session_102162_Normal.graphml (Nodes: 13, Edges: 17)
     [+] Wrote enriched_session_102153_Normal.graphml (Nodes: 13, Edges: 17)
     [+] Wrote enriched_session_102139_Normal.graphml (Nodes: 13, Edges: 17)
     [+] Wrote enriched_session_102161_Normal.graphml (Nodes: 13, Edges: 17)
     [+] Wrote enriched_session_102165_Normal.graphml (Nodes: 13, Edges: 17)
     [+] Wrote enriched_session_102177_Normal.graphml (Nodes: 13, Edges: 17)
     [+] Wrote enriched_session_102132_Normal.graphml (Nodes: 13, Edges: 17)
     [+] Wrote enriched_session_102142_Normal.graphml (Nodes: 13, Edges: 17)
     [+] Wrote enriched_session_102141_Normal.graphml (Nodes: 13, Edges: 17)
     [+] Wrote enriched_session_102146_Normal.graphml (Nodes: 13, Edges: 17)
     [+] Wrote enriched_session_102171_Normal.graphml (Nodes: 13, Edges: 17)
     [+] Wrote enriched_session_102137_Normal.graphml (Nodes: 13, Edges: 17)
     [+] Wrote enriched_session_102123_Normal.graphml (Nodes: 13, Edges: 17)
     [+] Wrote enriched_session_102115_Normal.graphml (Nodes: 13, Edges: 17)
     [+] Wrote enriched_session_102133_Normal.graphml (Nodes: 13, Edges: 17)
     [+] Wrote enriched_session_102135_Normal.graphml (Nodes: 13, Edges: 17)
     [+] Wrote enriched_session_102154_Normal.graphml (Nodes: 13, Edges: 17)
     [+] Wrote enriched_session_102164_Normal.graphml (Nodes: 13, Edges: 17)
     [+] Wrote enriched_session_102131_Normal.graphml (Nodes: 13, Edges: 17)
     [+] Wrote enriched_session_102158_Normal.graphml (Nodes: 13, Edges: 17)
     [+] Wrote enriched_session_102140_Normal.graphml (Nodes: 13, Edges: 17)
     [+] Wrote enriched_session_102160_Normal.graphml (Nodes: 13, Edges: 17)
     [+] Wrote enriched_session_102166_Normal.graphml (Nodes: 13, Edges: 17)
     [+] Wrote enriched_session_102159_Normal.graphml (Nodes: 13, Edges: 17)
     [+] Wrote enriched_session_102176_Normal.graphml (Nodes: 13, Edges: 17)
     [+] Wrote enriched_session_102126_Normal.graphml (Nodes: 13, Edges: 17)
     [+] Wrote enriched_session_102150_Normal.graphml (Nodes: 13, Edges: 17)
     [+] Wrote enriched_session_102118_Normal.graphml (Nodes: 13, Edges: 17)
     [+] Wrote enriched_session_102174_Normal.graphml (Nodes: 13, Edges: 17)
     [+] Wrote enriched_session_102136_Normal.graphml (Nodes: 13, Edges: 17)
     [+] Wrote enriched_session_102172_Normal.graphml (Nodes: 13, Edges: 17)
     [+] Wrote enriched_session_102145_Normal.graphml (Nodes: 13, Edges: 17)
     [+] Wrote enriched_session_102151_Normal.graphml (Nodes: 13, Edges: 17)
     [+] Wrote enriched_session_102125_Normal.graphml (Nodes: 13, Edges: 17)
     [+] Wrote enriched_session_102155_Normal.graphml (Nodes: 13, Edges: 17)
     [+] Wrote enriched_session_102149_Normal.graphml (Nodes: 13, Edges: 17)
     [+] Wrote enriched_session_102181_Data_Exfiltration.graphml (Nodes: 4, Edges: 3)
     [+] Wrote enriched_session_102185_Data_Exfiltration.graphml (Nodes: 4, Edges: 4)
     [+] Wrote enriched_session_102187_Data_Exfiltration.graphml (Nodes: 4, Edges: 4)
     [+] Wrote enriched_session_102186_Data_Exfiltration.graphml (Nodes: 4, Edges: 4)
     [+] Wrote enriched_session_102188_Data_Exfiltration.graphml (Nodes: 4, Edges: 3)
     [+] Wrote enriched_session_102191_Data_Exfiltration.graphml (Nodes: 2, Edges: 1)
     [+] Wrote enriched_session_102199_Data_Exfiltration.graphml (Nodes: 3, Edges: 2)
     [+] Wrote enriched_session_102200_Unauthorized_DB_Read.graphml (Nodes: 4, Edges: 4)
     [+] Wrote enriched_session_102201_Unauthorized_DB_Read.graphml (Nodes: 4, Edges: 4)
     [+] Wrote enriched_session_102203_Unauthorized_DB_Read.graphml (Nodes: 4, Edges: 4)
     [+] Wrote enriched_session_102217_Data_Exfiltration.graphml (Nodes: 53, Edges: 57)
     [+] Wrote enriched_session_102235_Data_Exfiltration.graphml (Nodes: 12, Edges: 10)
     [+] Wrote enriched_session_102236_Data_Exfiltration.graphml (Nodes: 35, Edges: 38)
     [+] Wrote enriched_session_102252_Data_Exfiltration.graphml (Nodes: 22, Edges: 22)
     [+] Wrote enriched_session_102267_Data_Exfiltration.graphml (Nodes: 22, Edges: 22)
     [+] Wrote enriched_session_102282_Data_Exfiltration.graphml (Nodes: 26, Edges: 30)
     [+] Wrote enriched_session_102299_Data_Exfiltration.graphml (Nodes: 26, Edges: 30)
     [+] Wrote enriched_session_102316_Data_Exfiltration.graphml (Nodes: 26, Edges: 31)
     [+] Wrote enriched_session_102333_Data_Exfiltration.graphml (Nodes: 26, Edges: 31)
     [+] Wrote enriched_session_102350_Data_Exfiltration.graphml (Nodes: 19, Edges: 17)
     [+] Wrote enriched_session_102364_Data_Exfiltration.graphml (Nodes: 19, Edges: 17)
     [+] Wrote enriched_session_102378_Data_Exfiltration.graphml (Nodes: 19, Edges: 17)
     [+] Wrote enriched_session_102392_Data_Exfiltration.graphml (Nodes: 19, Edges: 17)
     [+] Wrote enriched_session_102406_Data_Exfiltration.graphml (Nodes: 22, Edges: 22)
     [+] Wrote enriched_session_102421_Data_Exfiltration.graphml (Nodes: 22, Edges: 22)
     [+] Wrote enriched_session_102436_Data_Exfiltration.graphml (Nodes: 62, Edges: 65)
     [+] Wrote enriched_session_102452_Data_Exfiltration.graphml (Nodes: 36, Edges: 39)
     [+] Wrote enriched_session_102468_Data_Exfiltration.graphml (Nodes: 23, Edges: 23)
     [+] Wrote enriched_session_102483_Data_Exfiltration.graphml (Nodes: 23, Edges: 24)
     [+] Wrote enriched_session_102498_Data_Exfiltration.graphml (Nodes: 61, Edges: 65)
     [+] Wrote enriched_session_102514_Data_Exfiltration.graphml (Nodes: 35, Edges: 38)
     [+] Wrote enriched_session_102530_Data_Exfiltration.graphml (Nodes: 127, Edges: 127)
     [+] Wrote enriched_session_102545_Data_Exfiltration.graphml (Nodes: 62, Edges: 67)
     [+] Wrote enriched_session_102562_Data_Exfiltration.graphml (Nodes: 62, Edges: 67)
     [+] Wrote enriched_session_102585_Normal.graphml (Nodes: 18, Edges: 17)
     [+] Wrote enriched_session_102588_Normal.graphml (Nodes: 13, Edges: 11)
     [+] Wrote enriched_session_102591_Normal.graphml (Nodes: 59, Edges: 59)
     [+] Wrote enriched_session_102600_Normal.graphml (Nodes: 80, Edges: 81)
     [+] Wrote enriched_session_102632_OS_Privilege_Escalation.graphml (Nodes: 21, Edges: 22)
     [+] Wrote enriched_session_102647_OS_Privilege_Escalation.graphml (Nodes: 21, Edges: 22)
     [+] Wrote enriched_session_102662_Attack.graphml (Nodes: 20, Edges: 20)
     [+] Wrote enriched_session_102690_Attack.graphml (Nodes: 29, Edges: 35)
     [+] Wrote enriched_session_102720_Attack.graphml (Nodes: 61, Edges: 65)
     [+] Wrote enriched_session_102736_Attack.graphml (Nodes: 13, Edges: 11)
     [+] Wrote enriched_session_102738_Attack.graphml (Nodes: 13, Edges: 11)
     [+] Wrote enriched_session_102740_Attack.graphml (Nodes: 18, Edges: 17)
     [+] Wrote enriched_session_102753_Attack.graphml (Nodes: 22, Edges: 22)
     [+] Wrote enriched_session_102769_Attack.graphml (Nodes: 18, Edges: 16)
     [+] Wrote enriched_session_102782_Attack.graphml (Nodes: 13, Edges: 11)
     [+] Wrote enriched_session_102795_Attack.graphml (Nodes: 13, Edges: 11)

==================================================
Starting End-to-End Pipeline for: dataset_test_run_4
==================================================
[1/3] Running Algorithm 1 (SAC)
  wrote dataset_test_run_4_event_table.json  (2323 events, 21141 read total)
  wrote dataset_test_run_4_session_correlation.csv  (2323 correlated pairs)
[2/3] Running Algorithm 2 (Graph Construction)
     => Generated 107 base session graphs natively in RAM
[3/3] Running Algorithm 3 (Behavior Abstraction & Serialization)
     [+] Wrote enriched_session_103114_Data_Exfiltration.graphml (Nodes: 9, Edges: 9)
     [+] Wrote enriched_session_103115_Data_Exfiltration.graphml (Nodes: 4, Edges: 3)
     [+] Wrote enriched_session_103132_Sabotage.graphml (Nodes: 3, Edges: 2)
     [+] Wrote enriched_session_103133_Data_Exfiltration.graphml (Nodes: 4, Edges: 3)
     [+] Wrote enriched_session_103121_Normal.graphml (Nodes: 13, Edges: 17)
     [+] Wrote enriched_session_103120_Normal.graphml (Nodes: 13, Edges: 17)
     [+] Wrote enriched_session_103125_Normal.graphml (Nodes: 13, Edges: 17)
     [+] Wrote enriched_session_103126_Normal.graphml (Nodes: 13, Edges: 17)
     [+] Wrote enriched_session_103130_Normal.graphml (Nodes: 13, Edges: 17)
     [+] Wrote enriched_session_103122_Normal.graphml (Nodes: 13, Edges: 17)
     [+] Wrote enriched_session_103162_Normal.graphml (Nodes: 13, Edges: 17)
     [+] Wrote enriched_session_103142_Normal.graphml (Nodes: 13, Edges: 17)
     [+] Wrote enriched_session_103129_Normal.graphml (Nodes: 13, Edges: 17)
     [+] Wrote enriched_session_103136_Normal.graphml (Nodes: 13, Edges: 17)
     [+] Wrote enriched_session_103134_Normal.graphml (Nodes: 13, Edges: 17)
     [+] Wrote enriched_session_103172_Normal.graphml (Nodes: 13, Edges: 17)
     [+] Wrote enriched_session_103145_Normal.graphml (Nodes: 13, Edges: 17)
     [+] Wrote enriched_session_103150_Normal.graphml (Nodes: 13, Edges: 17)
     [+] Wrote enriched_session_103139_Normal.graphml (Nodes: 13, Edges: 17)
     [+] Wrote enriched_session_103165_Normal.graphml (Nodes: 13, Edges: 17)
     [+] Wrote enriched_session_103155_Normal.graphml (Nodes: 13, Edges: 17)
     [+] Wrote enriched_session_103152_Normal.graphml (Nodes: 13, Edges: 17)
     [+] Wrote enriched_session_103128_Normal.graphml (Nodes: 13, Edges: 17)
     [+] Wrote enriched_session_103144_Normal.graphml (Nodes: 13, Edges: 17)
     [+] Wrote enriched_session_103124_Normal.graphml (Nodes: 13, Edges: 17)
     [+] Wrote enriched_session_103183_Normal.graphml (Nodes: 13, Edges: 17)
     [+] Wrote enriched_session_103187_Normal.graphml (Nodes: 13, Edges: 17)
     [+] Wrote enriched_session_103175_Normal.graphml (Nodes: 13, Edges: 17)
     [+] Wrote enriched_session_103141_Normal.graphml (Nodes: 13, Edges: 17)
     [+] Wrote enriched_session_103157_Normal.graphml (Nodes: 13, Edges: 17)
     [+] Wrote enriched_session_103163_Normal.graphml (Nodes: 13, Edges: 17)
     [+] Wrote enriched_session_103123_Normal.graphml (Nodes: 13, Edges: 17)
     [+] Wrote enriched_session_103179_Normal.graphml (Nodes: 13, Edges: 17)
     [+] Wrote enriched_session_103135_Normal.graphml (Nodes: 13, Edges: 17)
     [+] Wrote enriched_session_103182_Normal.graphml (Nodes: 13, Edges: 17)
     [+] Wrote enriched_session_103180_Normal.graphml (Nodes: 13, Edges: 17)
     [+] Wrote enriched_session_103184_Normal.graphml (Nodes: 13, Edges: 17)
     [+] Wrote enriched_session_103149_Normal.graphml (Nodes: 13, Edges: 17)
     [+] Wrote enriched_session_103185_Normal.graphml (Nodes: 13, Edges: 17)
     [+] Wrote enriched_session_103186_Normal.graphml (Nodes: 13, Edges: 17)
     [+] Wrote enriched_session_103169_Normal.graphml (Nodes: 13, Edges: 17)
     [+] Wrote enriched_session_103137_Normal.graphml (Nodes: 13, Edges: 17)
     [+] Wrote enriched_session_103171_Normal.graphml (Nodes: 13, Edges: 17)
     [+] Wrote enriched_session_103127_Normal.graphml (Nodes: 13, Edges: 17)
     [+] Wrote enriched_session_103161_Normal.graphml (Nodes: 13, Edges: 17)
     [+] Wrote enriched_session_103158_Normal.graphml (Nodes: 13, Edges: 17)
     [+] Wrote enriched_session_103131_Normal.graphml (Nodes: 13, Edges: 17)
     [+] Wrote enriched_session_103166_Normal.graphml (Nodes: 13, Edges: 17)
     [+] Wrote enriched_session_103146_Normal.graphml (Nodes: 13, Edges: 17)
     [+] Wrote enriched_session_103173_Normal.graphml (Nodes: 13, Edges: 17)
     [+] Wrote enriched_session_103156_Normal.graphml (Nodes: 13, Edges: 17)
     [+] Wrote enriched_session_103176_Normal.graphml (Nodes: 13, Edges: 17)
     [+] Wrote enriched_session_103181_Normal.graphml (Nodes: 13, Edges: 17)
     [+] Wrote enriched_session_103159_Normal.graphml (Nodes: 13, Edges: 17)
     [+] Wrote enriched_session_103190_Data_Exfiltration.graphml (Nodes: 4, Edges: 3)
     [+] Wrote enriched_session_103189_Data_Exfiltration.graphml (Nodes: 4, Edges: 3)
     [+] Wrote enriched_session_103198_Data_Exfiltration.graphml (Nodes: 4, Edges: 3)
     [+] Wrote enriched_session_103200_Data_Exfiltration.graphml (Nodes: 4, Edges: 3)
     [+] Wrote enriched_session_103203_Data_Exfiltration.graphml (Nodes: 4, Edges: 4)
     [+] Wrote enriched_session_103205_Data_Exfiltration.graphml (Nodes: 4, Edges: 4)
     [+] Wrote enriched_session_103204_Data_Exfiltration.graphml (Nodes: 4, Edges: 4)
     [+] Wrote enriched_session_103206_Data_Exfiltration.graphml (Nodes: 2, Edges: 1)
     [+] Wrote enriched_session_103215_Data_Exfiltration.graphml (Nodes: 3, Edges: 2)
     [+] Wrote enriched_session_103217_Unauthorized_DB_Read.graphml (Nodes: 4, Edges: 4)
     [+] Wrote enriched_session_103219_Unauthorized_DB_Read.graphml (Nodes: 4, Edges: 4)
     [+] Wrote enriched_session_103218_Unauthorized_DB_Read.graphml (Nodes: 4, Edges: 4)
     [+] Wrote enriched_session_103220_Data_Exfiltration.graphml (Nodes: 30, Edges: 28)
     [+] Wrote enriched_session_103233_Data_Exfiltration.graphml (Nodes: 61, Edges: 65)
     [+] Wrote enriched_session_103251_Data_Exfiltration.graphml (Nodes: 12, Edges: 10)
     [+] Wrote enriched_session_103252_Data_Exfiltration.graphml (Nodes: 35, Edges: 38)
     [+] Wrote enriched_session_103268_Data_Exfiltration.graphml (Nodes: 22, Edges: 23)
     [+] Wrote enriched_session_103283_Data_Exfiltration.graphml (Nodes: 22, Edges: 23)
     [+] Wrote enriched_session_103298_Data_Exfiltration.graphml (Nodes: 26, Edges: 31)
     [+] Wrote enriched_session_103315_Data_Exfiltration.graphml (Nodes: 26, Edges: 31)
     [+] Wrote enriched_session_103332_Data_Exfiltration.graphml (Nodes: 26, Edges: 31)
     [+] Wrote enriched_session_103349_Data_Exfiltration.graphml (Nodes: 26, Edges: 31)
     [+] Wrote enriched_session_103366_Data_Exfiltration.graphml (Nodes: 19, Edges: 18)
     [+] Wrote enriched_session_103380_Data_Exfiltration.graphml (Nodes: 19, Edges: 18)
     [+] Wrote enriched_session_103394_Data_Exfiltration.graphml (Nodes: 19, Edges: 17)
     [+] Wrote enriched_session_103408_Data_Exfiltration.graphml (Nodes: 19, Edges: 17)
     [+] Wrote enriched_session_103422_Data_Exfiltration.graphml (Nodes: 22, Edges: 22)
     [+] Wrote enriched_session_103437_Data_Exfiltration.graphml (Nodes: 22, Edges: 22)
     [+] Wrote enriched_session_103452_Data_Exfiltration.graphml (Nodes: 62, Edges: 65)
     [+] Wrote enriched_session_103468_Data_Exfiltration.graphml (Nodes: 36, Edges: 39)
     [+] Wrote enriched_session_103484_Data_Exfiltration.graphml (Nodes: 23, Edges: 24)
     [+] Wrote enriched_session_103499_Data_Exfiltration.graphml (Nodes: 23, Edges: 24)
     [+] Wrote enriched_session_103514_Data_Exfiltration.graphml (Nodes: 61, Edges: 65)
     [+] Wrote enriched_session_103530_Data_Exfiltration.graphml (Nodes: 35, Edges: 39)
     [+] Wrote enriched_session_103546_Data_Exfiltration.graphml (Nodes: 127, Edges: 128)
     [+] Wrote enriched_session_103561_Data_Exfiltration.graphml (Nodes: 62, Edges: 68)
     [+] Wrote enriched_session_103578_Data_Exfiltration.graphml (Nodes: 62, Edges: 67)
     [+] Wrote enriched_session_103592_Normal.graphml (Nodes: 18, Edges: 17)
     [+] Wrote enriched_session_103595_Normal.graphml (Nodes: 13, Edges: 11)
     [+] Wrote enriched_session_103598_Normal.graphml (Nodes: 59, Edges: 59)
     [+] Wrote enriched_session_103606_Normal.graphml (Nodes: 72, Edges: 73)
     [+] Wrote enriched_session_103639_OS_Privilege_Escalation.graphml (Nodes: 21, Edges: 22)
     [+] Wrote enriched_session_103654_OS_Privilege_Escalation.graphml (Nodes: 21, Edges: 22)
     [+] Wrote enriched_session_103669_OS_Privilege_Escalation.graphml (Nodes: 20, Edges: 21)
     [+] Wrote enriched_session_103697_OS_Privilege_Escalation.graphml (Nodes: 29, Edges: 36)
     [+] Wrote enriched_session_103727_OS_Privilege_Escalation.graphml (Nodes: 61, Edges: 66)
     [+] Wrote enriched_session_103743_OS_Privilege_Escalation.graphml (Nodes: 13, Edges: 11)
     [+] Wrote enriched_session_103745_Privilege_Abuse.graphml (Nodes: 13, Edges: 11)
     [+] Wrote enriched_session_103747_Privilege_Abuse.graphml (Nodes: 18, Edges: 17)
     [+] Wrote enriched_session_103760_SQL_Injection.graphml (Nodes: 22, Edges: 22)
     [+] Wrote enriched_session_103776_SQL_Injection.graphml (Nodes: 18, Edges: 16)
     [+] Wrote enriched_session_103789_SQL_Injection.graphml (Nodes: 13, Edges: 11)
     [+] Wrote enriched_session_103802_SQL_Injection.graphml (Nodes: 13, Edges: 11)

==================================================
Starting End-to-End Pipeline for: dataset_test_run_5
==================================================
[1/3] Running Algorithm 1 (SAC)
  wrote dataset_test_run_5_event_table.json  (2374 events, 21037 read total)
  wrote dataset_test_run_5_session_correlation.csv  (2374 correlated pairs)
[2/3] Running Algorithm 2 (Graph Construction)
     => Generated 107 base session graphs natively in RAM
[3/3] Running Algorithm 3 (Behavior Abstraction & Serialization)
     [+] Wrote enriched_session_104116_Sabotage.graphml (Nodes: 3, Edges: 2)
     [+] Wrote enriched_session_104117_Normal.graphml (Nodes: 9, Edges: 9)
     [+] Wrote enriched_session_104119_Data_Exfiltration.graphml (Nodes: 4, Edges: 3)
     [+] Wrote enriched_session_104120_Normal.graphml (Nodes: 4, Edges: 3)
     [+] Wrote enriched_session_104160_Normal.graphml (Nodes: 13, Edges: 17)
     [+] Wrote enriched_session_104146_Normal.graphml (Nodes: 13, Edges: 17)
     [+] Wrote enriched_session_104185_Normal.graphml (Nodes: 13, Edges: 17)
     [+] Wrote enriched_session_104133_Normal.graphml (Nodes: 13, Edges: 17)
     [+] Wrote enriched_session_104164_Normal.graphml (Nodes: 13, Edges: 17)
     [+] Wrote enriched_session_104149_Normal.graphml (Nodes: 13, Edges: 17)
     [+] Wrote enriched_session_104144_Normal.graphml (Nodes: 13, Edges: 17)
     [+] Wrote enriched_session_104155_Normal.graphml (Nodes: 13, Edges: 17)
     [+] Wrote enriched_session_104157_Normal.graphml (Nodes: 13, Edges: 17)
     [+] Wrote enriched_session_104154_Normal.graphml (Nodes: 13, Edges: 17)
     [+] Wrote enriched_session_104165_Normal.graphml (Nodes: 13, Edges: 17)
     [+] Wrote enriched_session_104166_Normal.graphml (Nodes: 13, Edges: 17)
     [+] Wrote enriched_session_104134_Normal.graphml (Nodes: 13, Edges: 17)
     [+] Wrote enriched_session_104170_Normal.graphml (Nodes: 13, Edges: 17)
     [+] Wrote enriched_session_104143_Normal.graphml (Nodes: 13, Edges: 17)
     [+] Wrote enriched_session_104169_Normal.graphml (Nodes: 13, Edges: 17)
     [+] Wrote enriched_session_104175_Normal.graphml (Nodes: 13, Edges: 17)
     [+] Wrote enriched_session_104172_Normal.graphml (Nodes: 13, Edges: 17)
     [+] Wrote enriched_session_104179_Normal.graphml (Nodes: 13, Edges: 17)
     [+] Wrote enriched_session_104161_Normal.graphml (Nodes: 13, Edges: 17)
     [+] Wrote enriched_session_104139_Normal.graphml (Nodes: 13, Edges: 17)
     [+] Wrote enriched_session_104182_Normal.graphml (Nodes: 13, Edges: 17)
     [+] Wrote enriched_session_104136_Normal.graphml (Nodes: 13, Edges: 17)
     [+] Wrote enriched_session_104183_Normal.graphml (Nodes: 13, Edges: 17)
     [+] Wrote enriched_session_104168_Normal.graphml (Nodes: 13, Edges: 17)
     [+] Wrote enriched_session_104163_Normal.graphml (Nodes: 13, Edges: 17)
     [+] Wrote enriched_session_104152_Normal.graphml (Nodes: 13, Edges: 17)
     [+] Wrote enriched_session_104176_Normal.graphml (Nodes: 13, Edges: 17)
     [+] Wrote enriched_session_104140_Normal.graphml (Nodes: 13, Edges: 17)
     [+] Wrote enriched_session_104181_Normal.graphml (Nodes: 13, Edges: 17)
     [+] Wrote enriched_session_104173_Normal.graphml (Nodes: 13, Edges: 17)
     [+] Wrote enriched_session_104147_Normal.graphml (Nodes: 13, Edges: 17)
     [+] Wrote enriched_session_104162_Normal.graphml (Nodes: 13, Edges: 17)
     [+] Wrote enriched_session_104167_Normal.graphml (Nodes: 13, Edges: 17)
     [+] Wrote enriched_session_104171_Normal.graphml (Nodes: 13, Edges: 17)
     [+] Wrote enriched_session_104138_Normal.graphml (Nodes: 13, Edges: 17)
     [+] Wrote enriched_session_104135_Normal.graphml (Nodes: 13, Edges: 17)
     [+] Wrote enriched_session_104187_Normal.graphml (Nodes: 13, Edges: 17)
     [+] Wrote enriched_session_104177_Normal.graphml (Nodes: 13, Edges: 17)
     [+] Wrote enriched_session_104180_Normal.graphml (Nodes: 13, Edges: 17)
     [+] Wrote enriched_session_104188_Normal.graphml (Nodes: 13, Edges: 17)
     [+] Wrote enriched_session_104137_Normal.graphml (Nodes: 13, Edges: 17)
     [+] Wrote enriched_session_104153_Normal.graphml (Nodes: 13, Edges: 17)
     [+] Wrote enriched_session_104142_Normal.graphml (Nodes: 13, Edges: 17)
     [+] Wrote enriched_session_104132_Normal.graphml (Nodes: 13, Edges: 17)
     [+] Wrote enriched_session_104178_Normal.graphml (Nodes: 13, Edges: 17)
     [+] Wrote enriched_session_104189_Normal.graphml (Nodes: 13, Edges: 17)
     [+] Wrote enriched_session_104174_Normal.graphml (Nodes: 13, Edges: 17)
     [+] Wrote enriched_session_104184_Normal.graphml (Nodes: 13, Edges: 17)
     [+] Wrote enriched_session_104186_Normal.graphml (Nodes: 13, Edges: 17)
     [+] Wrote enriched_session_104190_Normal.graphml (Nodes: 4, Edges: 3)
     [+] Wrote enriched_session_104191_Normal.graphml (Nodes: 4, Edges: 3)
     [+] Wrote enriched_session_104200_Normal.graphml (Nodes: 4, Edges: 3)
     [+] Wrote enriched_session_104201_Normal.graphml (Nodes: 4, Edges: 3)
     [+] Wrote enriched_session_104205_Normal.graphml (Nodes: 4, Edges: 4)
     [+] Wrote enriched_session_104207_Normal.graphml (Nodes: 4, Edges: 4)
     [+] Wrote enriched_session_104206_Normal.graphml (Nodes: 4, Edges: 4)
     [+] Wrote enriched_session_104208_Normal.graphml (Nodes: 2, Edges: 1)
     [+] Wrote enriched_session_104210_Normal.graphml (Nodes: 3, Edges: 2)
     [+] Wrote enriched_session_104219_Normal.graphml (Nodes: 27, Edges: 25)
     [+] Wrote enriched_session_104220_Unauthorized_DB_Read.graphml (Nodes: 10, Edges: 9)
     [+] Wrote enriched_session_104223_Unauthorized_DB_Read.graphml (Nodes: 19, Edges: 18)
     [+] Wrote enriched_session_104224_Unauthorized_DB_Read.graphml (Nodes: 19, Edges: 18)
     [+] Wrote enriched_session_104225_Data_Exfiltration.graphml (Nodes: 12, Edges: 10)
     [+] Wrote enriched_session_104238_Data_Exfiltration.graphml (Nodes: 61, Edges: 65)
     [+] Wrote enriched_session_104254_Data_Exfiltration.graphml (Nodes: 35, Edges: 39)
     [+] Wrote enriched_session_104270_Data_Exfiltration.graphml (Nodes: 22, Edges: 23)
     [+] Wrote enriched_session_104285_Data_Exfiltration.graphml (Nodes: 22, Edges: 22)
     [+] Wrote enriched_session_104300_Data_Exfiltration.graphml (Nodes: 26, Edges: 30)
     [+] Wrote enriched_session_104317_Data_Exfiltration.graphml (Nodes: 26, Edges: 30)
     [+] Wrote enriched_session_104334_Data_Exfiltration.graphml (Nodes: 26, Edges: 30)
     [+] Wrote enriched_session_104351_Data_Exfiltration.graphml (Nodes: 26, Edges: 30)
     [+] Wrote enriched_session_104368_Data_Exfiltration.graphml (Nodes: 19, Edges: 18)
     [+] Wrote enriched_session_104382_Data_Exfiltration.graphml (Nodes: 19, Edges: 18)
     [+] Wrote enriched_session_104396_Data_Exfiltration.graphml (Nodes: 19, Edges: 18)
     [+] Wrote enriched_session_104410_Data_Exfiltration.graphml (Nodes: 19, Edges: 18)
     [+] Wrote enriched_session_104424_Data_Exfiltration.graphml (Nodes: 22, Edges: 23)
     [+] Wrote enriched_session_104439_Data_Exfiltration.graphml (Nodes: 22, Edges: 23)
     [+] Wrote enriched_session_104454_Data_Exfiltration.graphml (Nodes: 62, Edges: 66)
     [+] Wrote enriched_session_104470_Data_Exfiltration.graphml (Nodes: 36, Edges: 40)
     [+] Wrote enriched_session_104486_Data_Exfiltration.graphml (Nodes: 23, Edges: 23)
     [+] Wrote enriched_session_104501_Data_Exfiltration.graphml (Nodes: 23, Edges: 23)
     [+] Wrote enriched_session_104516_Data_Exfiltration.graphml (Nodes: 61, Edges: 64)
     [+] Wrote enriched_session_104532_Data_Exfiltration.graphml (Nodes: 35, Edges: 38)
     [+] Wrote enriched_session_104548_Data_Exfiltration.graphml (Nodes: 127, Edges: 127)
     [+] Wrote enriched_session_104563_Data_Exfiltration.graphml (Nodes: 62, Edges: 68)
     [+] Wrote enriched_session_104580_Data_Exfiltration.graphml (Nodes: 62, Edges: 68)
     [+] Wrote enriched_session_104603_Normal.graphml (Nodes: 18, Edges: 17)
     [+] Wrote enriched_session_104606_Normal.graphml (Nodes: 13, Edges: 11)
     [+] Wrote enriched_session_104609_Normal.graphml (Nodes: 59, Edges: 60)
     [+] Wrote enriched_session_104618_Normal.graphml (Nodes: 72, Edges: 74)
     [+] Wrote enriched_session_104650_OS_Privilege_Escalation.graphml (Nodes: 21, Edges: 22)
     [+] Wrote enriched_session_104665_Attack.graphml (Nodes: 21, Edges: 21)
     [+] Wrote enriched_session_104680_Attack.graphml (Nodes: 20, Edges: 20)
     [+] Wrote enriched_session_104708_Attack.graphml (Nodes: 29, Edges: 35)
     [+] Wrote enriched_session_104738_Attack.graphml (Nodes: 61, Edges: 65)
     [+] Wrote enriched_session_104754_Attack.graphml (Nodes: 13, Edges: 11)
     [+] Wrote enriched_session_104756_Attack.graphml (Nodes: 13, Edges: 11)
     [+] Wrote enriched_session_104758_Attack.graphml (Nodes: 18, Edges: 17)
     [+] Wrote enriched_session_104771_Attack.graphml (Nodes: 24, Edges: 25)
     [+] Wrote enriched_session_104787_Attack.graphml (Nodes: 18, Edges: 16)
     [+] Wrote enriched_session_104800_Attack.graphml (Nodes: 13, Edges: 11)
     [+] Wrote enriched_session_104813_Attack.graphml (Nodes: 13, Edges: 11)

==================================================
Starting End-to-End Pipeline for: dataset_test_run_6
==================================================
[1/3] Running Algorithm 1 (SAC)
  wrote dataset_test_run_6_event_table.json  (2391 events, 24868 read total)
  wrote dataset_test_run_6_session_correlation.csv  (2391 correlated pairs)
[2/3] Running Algorithm 2 (Graph Construction)
     => Generated 107 base session graphs natively in RAM
[3/3] Running Algorithm 3 (Behavior Abstraction & Serialization)
     [+] Wrote enriched_session_105126_Normal.graphml (Nodes: 4, Edges: 3)
     [+] Wrote enriched_session_105229_Normal.graphml (Nodes: 28, Edges: 26)
     [+] Wrote enriched_session_105129_Normal.graphml (Nodes: 9, Edges: 9)
     [+] Wrote enriched_session_105128_Data_Exfiltration.graphml (Nodes: 4, Edges: 3)
     [+] Wrote enriched_session_105141_Sabotage.graphml (Nodes: 3, Edges: 2)
     [+] Wrote enriched_session_105179_Normal.graphml (Nodes: 13, Edges: 17)
     [+] Wrote enriched_session_105140_Normal.graphml (Nodes: 13, Edges: 17)
     [+] Wrote enriched_session_105181_Normal.graphml (Nodes: 13, Edges: 17)
     [+] Wrote enriched_session_105170_Normal.graphml (Nodes: 13, Edges: 17)
     [+] Wrote enriched_session_105139_Normal.graphml (Nodes: 13, Edges: 17)
     [+] Wrote enriched_session_105146_Normal.graphml (Nodes: 13, Edges: 17)
     [+] Wrote enriched_session_105145_Normal.graphml (Nodes: 13, Edges: 17)
     [+] Wrote enriched_session_105153_Normal.graphml (Nodes: 13, Edges: 17)
     [+] Wrote enriched_session_105152_Normal.graphml (Nodes: 13, Edges: 17)
     [+] Wrote enriched_session_105143_Normal.graphml (Nodes: 13, Edges: 17)
     [+] Wrote enriched_session_105163_Normal.graphml (Nodes: 13, Edges: 17)
     [+] Wrote enriched_session_105158_Normal.graphml (Nodes: 13, Edges: 17)
     [+] Wrote enriched_session_105192_Normal.graphml (Nodes: 13, Edges: 17)
     [+] Wrote enriched_session_105162_Normal.graphml (Nodes: 13, Edges: 17)
     [+] Wrote enriched_session_105137_Normal.graphml (Nodes: 13, Edges: 17)
     [+] Wrote enriched_session_105136_Normal.graphml (Nodes: 13, Edges: 17)
     [+] Wrote enriched_session_105166_Normal.graphml (Nodes: 13, Edges: 17)
     [+] Wrote enriched_session_105196_Normal.graphml (Nodes: 13, Edges: 17)
     [+] Wrote enriched_session_105155_Normal.graphml (Nodes: 13, Edges: 17)
     [+] Wrote enriched_session_105144_Normal.graphml (Nodes: 13, Edges: 17)
     [+] Wrote enriched_session_105184_Normal.graphml (Nodes: 13, Edges: 17)
     [+] Wrote enriched_session_105172_Normal.graphml (Nodes: 13, Edges: 17)
     [+] Wrote enriched_session_105151_Normal.graphml (Nodes: 13, Edges: 17)
     [+] Wrote enriched_session_105164_Normal.graphml (Nodes: 13, Edges: 17)
     [+] Wrote enriched_session_105150_Normal.graphml (Nodes: 13, Edges: 17)
     [+] Wrote enriched_session_105157_Normal.graphml (Nodes: 13, Edges: 17)
     [+] Wrote enriched_session_105198_Normal.graphml (Nodes: 13, Edges: 17)
     [+] Wrote enriched_session_105171_Normal.graphml (Nodes: 13, Edges: 17)
     [+] Wrote enriched_session_105173_Normal.graphml (Nodes: 13, Edges: 17)
     [+] Wrote enriched_session_105167_Normal.graphml (Nodes: 13, Edges: 17)
     [+] Wrote enriched_session_105176_Normal.graphml (Nodes: 13, Edges: 17)
     [+] Wrote enriched_session_105174_Normal.graphml (Nodes: 13, Edges: 17)
     [+] Wrote enriched_session_105180_Normal.graphml (Nodes: 13, Edges: 17)
     [+] Wrote enriched_session_105178_Normal.graphml (Nodes: 13, Edges: 17)
     [+] Wrote enriched_session_105189_Normal.graphml (Nodes: 13, Edges: 17)
     [+] Wrote enriched_session_105177_Normal.graphml (Nodes: 13, Edges: 17)
     [+] Wrote enriched_session_105195_Normal.graphml (Nodes: 13, Edges: 17)
     [+] Wrote enriched_session_105188_Normal.graphml (Nodes: 13, Edges: 17)
     [+] Wrote enriched_session_105183_Normal.graphml (Nodes: 13, Edges: 17)
     [+] Wrote enriched_session_105191_Normal.graphml (Nodes: 13, Edges: 17)
     [+] Wrote enriched_session_105186_Normal.graphml (Nodes: 13, Edges: 17)
     [+] Wrote enriched_session_105185_Normal.graphml (Nodes: 13, Edges: 17)
     [+] Wrote enriched_session_105199_Normal.graphml (Nodes: 13, Edges: 17)
     [+] Wrote enriched_session_105187_Normal.graphml (Nodes: 13, Edges: 17)
     [+] Wrote enriched_session_105182_Normal.graphml (Nodes: 13, Edges: 17)
     [+] Wrote enriched_session_105193_Normal.graphml (Nodes: 13, Edges: 17)
     [+] Wrote enriched_session_105175_Normal.graphml (Nodes: 13, Edges: 17)
     [+] Wrote enriched_session_105197_Normal.graphml (Nodes: 13, Edges: 17)
     [+] Wrote enriched_session_105194_Normal.graphml (Nodes: 13, Edges: 17)
     [+] Wrote enriched_session_105190_Normal.graphml (Nodes: 13, Edges: 17)
     [+] Wrote enriched_session_105200_Normal.graphml (Nodes: 4, Edges: 3)
     [+] Wrote enriched_session_105203_Normal.graphml (Nodes: 4, Edges: 3)
     [+] Wrote enriched_session_105210_Normal.graphml (Nodes: 4, Edges: 3)
     [+] Wrote enriched_session_105212_Normal.graphml (Nodes: 4, Edges: 4)
     [+] Wrote enriched_session_105213_Normal.graphml (Nodes: 4, Edges: 3)
     [+] Wrote enriched_session_105214_Normal.graphml (Nodes: 4, Edges: 4)
     [+] Wrote enriched_session_105215_Normal.graphml (Nodes: 4, Edges: 4)
     [+] Wrote enriched_session_105218_Normal.graphml (Nodes: 2, Edges: 1)
     [+] Wrote enriched_session_105220_Normal.graphml (Nodes: 3, Edges: 2)
     [+] Wrote enriched_session_105230_Unauthorized_DB_Read.graphml (Nodes: 10, Edges: 9)
     [+] Wrote enriched_session_105233_Unauthorized_DB_Read.graphml (Nodes: 19, Edges: 18)
     [+] Wrote enriched_session_105234_Unauthorized_DB_Read.graphml (Nodes: 19, Edges: 18)
     [+] Wrote enriched_session_105235_Data_Exfiltration.graphml (Nodes: 12, Edges: 10)
     [+] Wrote enriched_session_105248_Data_Exfiltration.graphml (Nodes: 61, Edges: 64)
     [+] Wrote enriched_session_105264_Data_Exfiltration.graphml (Nodes: 35, Edges: 38)
     [+] Wrote enriched_session_105280_Data_Exfiltration.graphml (Nodes: 22, Edges: 23)
     [+] Wrote enriched_session_105295_Data_Exfiltration.graphml (Nodes: 22, Edges: 23)
     [+] Wrote enriched_session_105310_Data_Exfiltration.graphml (Nodes: 26, Edges: 31)
     [+] Wrote enriched_session_105327_Data_Exfiltration.graphml (Nodes: 26, Edges: 31)
     [+] Wrote enriched_session_105344_Data_Exfiltration.graphml (Nodes: 26, Edges: 31)
     [+] Wrote enriched_session_105361_Data_Exfiltration.graphml (Nodes: 26, Edges: 31)
     [+] Wrote enriched_session_105378_Data_Exfiltration.graphml (Nodes: 19, Edges: 18)
     [+] Wrote enriched_session_105392_Data_Exfiltration.graphml (Nodes: 19, Edges: 17)
     [+] Wrote enriched_session_105406_Data_Exfiltration.graphml (Nodes: 19, Edges: 17)
     [+] Wrote enriched_session_105420_Data_Exfiltration.graphml (Nodes: 19, Edges: 17)
     [+] Wrote enriched_session_105434_Data_Exfiltration.graphml (Nodes: 22, Edges: 22)
     [+] Wrote enriched_session_105449_Data_Exfiltration.graphml (Nodes: 22, Edges: 22)
     [+] Wrote enriched_session_105464_Data_Exfiltration.graphml (Nodes: 62, Edges: 65)
     [+] Wrote enriched_session_105480_Data_Exfiltration.graphml (Nodes: 36, Edges: 40)
     [+] Wrote enriched_session_105496_Data_Exfiltration.graphml (Nodes: 23, Edges: 24)
     [+] Wrote enriched_session_105511_Data_Exfiltration.graphml (Nodes: 23, Edges: 24)
     [+] Wrote enriched_session_105526_Data_Exfiltration.graphml (Nodes: 61, Edges: 65)
     [+] Wrote enriched_session_105542_Data_Exfiltration.graphml (Nodes: 35, Edges: 39)
     [+] Wrote enriched_session_105558_Data_Exfiltration.graphml (Nodes: 127, Edges: 128)
     [+] Wrote enriched_session_105573_Data_Exfiltration.graphml (Nodes: 62, Edges: 67)
     [+] Wrote enriched_session_105591_Data_Exfiltration.graphml (Nodes: 62, Edges: 67)
     [+] Wrote enriched_session_105619_Normal.graphml (Nodes: 24, Edges: 23)
     [+] Wrote enriched_session_105622_Normal.graphml (Nodes: 13, Edges: 11)
     [+] Wrote enriched_session_105625_Normal.graphml (Nodes: 59, Edges: 59)
     [+] Wrote enriched_session_105633_Normal.graphml (Nodes: 72, Edges: 73)
     [+] Wrote enriched_session_105665_OS_Privilege_Escalation.graphml (Nodes: 21, Edges: 22)
     [+] Wrote enriched_session_105680_OS_Privilege_Escalation.graphml (Nodes: 21, Edges: 22)
     [+] Wrote enriched_session_105695_OS_Privilege_Escalation.graphml (Nodes: 20, Edges: 21)
     [+] Wrote enriched_session_105723_OS_Privilege_Escalation.graphml (Nodes: 29, Edges: 36)
     [+] Wrote enriched_session_105753_OS_Privilege_Escalation.graphml (Nodes: 61, Edges: 66)
     [+] Wrote enriched_session_105769_Privilege_Abuse.graphml (Nodes: 13, Edges: 11)
     [+] Wrote enriched_session_105771_Privilege_Abuse.graphml (Nodes: 13, Edges: 11)
     [+] Wrote enriched_session_105783_Privilege_Abuse.graphml (Nodes: 18, Edges: 17)
     [+] Wrote enriched_session_105806_SQL_Injection.graphml (Nodes: 22, Edges: 22)
     [+] Wrote enriched_session_105822_SQL_Injection.graphml (Nodes: 18, Edges: 16)
     [+] Wrote enriched_session_105835_SQL_Injection.graphml (Nodes: 13, Edges: 11)
     [+] Wrote enriched_session_105848_SQL_Injection.graphml (Nodes: 13, Edges: 11)

==================================================
Starting End-to-End Pipeline for: dataset_test_run_7
==================================================
[1/3] Running Algorithm 1 (SAC)
  wrote dataset_test_run_7_event_table.json  (2372 events, 22797 read total)
  wrote dataset_test_run_7_session_correlation.csv  (2372 correlated pairs)
[2/3] Running Algorithm 2 (Graph Construction)
     => Generated 107 base session graphs natively in RAM
[3/3] Running Algorithm 3 (Behavior Abstraction & Serialization)
     [+] Wrote enriched_session_106169_Data_Exfiltration.graphml (Nodes: 4, Edges: 3)
     [+] Wrote enriched_session_106170_Sabotage.graphml (Nodes: 3, Edges: 2)
     [+] Wrote enriched_session_106175_Normal.graphml (Nodes: 9, Edges: 9)
     [+] Wrote enriched_session_106177_Normal.graphml (Nodes: 4, Edges: 3)
     [+] Wrote enriched_session_106240_Normal.graphml (Nodes: 4, Edges: 3)
     [+] Wrote enriched_session_106243_Normal.graphml (Nodes: 4, Edges: 3)
     [+] Wrote enriched_session_106205_Normal.graphml (Nodes: 13, Edges: 17)
     [+] Wrote enriched_session_106197_Normal.graphml (Nodes: 13, Edges: 17)
     [+] Wrote enriched_session_106192_Normal.graphml (Nodes: 13, Edges: 17)
     [+] Wrote enriched_session_106234_Normal.graphml (Nodes: 13, Edges: 17)
     [+] Wrote enriched_session_106201_Normal.graphml (Nodes: 13, Edges: 17)
     [+] Wrote enriched_session_106199_Normal.graphml (Nodes: 13, Edges: 17)
     [+] Wrote enriched_session_106209_Normal.graphml (Nodes: 13, Edges: 17)
     [+] Wrote enriched_session_106208_Normal.graphml (Nodes: 13, Edges: 17)
     [+] Wrote enriched_session_106221_Normal.graphml (Nodes: 13, Edges: 17)
     [+] Wrote enriched_session_106216_Normal.graphml (Nodes: 13, Edges: 17)
     [+] Wrote enriched_session_106223_Normal.graphml (Nodes: 13, Edges: 17)
     [+] Wrote enriched_session_106233_Normal.graphml (Nodes: 13, Edges: 17)
     [+] Wrote enriched_session_106219_Normal.graphml (Nodes: 13, Edges: 17)
     [+] Wrote enriched_session_106203_Normal.graphml (Nodes: 13, Edges: 17)
     [+] Wrote enriched_session_106212_Normal.graphml (Nodes: 13, Edges: 17)
     [+] Wrote enriched_session_106202_Normal.graphml (Nodes: 13, Edges: 17)
     [+] Wrote enriched_session_106244_Normal.graphml (Nodes: 13, Edges: 17)
     [+] Wrote enriched_session_106227_Normal.graphml (Nodes: 13, Edges: 17)
     [+] Wrote enriched_session_106207_Normal.graphml (Nodes: 13, Edges: 17)
     [+] Wrote enriched_session_106200_Normal.graphml (Nodes: 13, Edges: 17)
     [+] Wrote enriched_session_106217_Normal.graphml (Nodes: 13, Edges: 17)
     [+] Wrote enriched_session_106242_Normal.graphml (Nodes: 13, Edges: 17)
     [+] Wrote enriched_session_106231_Normal.graphml (Nodes: 13, Edges: 17)
     [+] Wrote enriched_session_106210_Normal.graphml (Nodes: 13, Edges: 17)
     [+] Wrote enriched_session_106214_Normal.graphml (Nodes: 13, Edges: 17)
     [+] Wrote enriched_session_106198_Normal.graphml (Nodes: 13, Edges: 17)
     [+] Wrote enriched_session_106239_Normal.graphml (Nodes: 13, Edges: 17)
     [+] Wrote enriched_session_106238_Normal.graphml (Nodes: 13, Edges: 17)
     [+] Wrote enriched_session_106194_Normal.graphml (Nodes: 13, Edges: 17)
     [+] Wrote enriched_session_106193_Normal.graphml (Nodes: 13, Edges: 17)
     [+] Wrote enriched_session_106190_Normal.graphml (Nodes: 13, Edges: 17)
     [+] Wrote enriched_session_106204_Normal.graphml (Nodes: 13, Edges: 17)
     [+] Wrote enriched_session_106215_Normal.graphml (Nodes: 13, Edges: 17)
     [+] Wrote enriched_session_106220_Normal.graphml (Nodes: 13, Edges: 17)
     [+] Wrote enriched_session_106206_Normal.graphml (Nodes: 13, Edges: 17)
     [+] Wrote enriched_session_106211_Normal.graphml (Nodes: 13, Edges: 17)
     [+] Wrote enriched_session_106224_Normal.graphml (Nodes: 13, Edges: 17)
     [+] Wrote enriched_session_106229_Normal.graphml (Nodes: 13, Edges: 17)
     [+] Wrote enriched_session_106218_Normal.graphml (Nodes: 13, Edges: 17)
     [+] Wrote enriched_session_106228_Normal.graphml (Nodes: 13, Edges: 17)
     [+] Wrote enriched_session_106225_Normal.graphml (Nodes: 13, Edges: 17)
     [+] Wrote enriched_session_106237_Normal.graphml (Nodes: 13, Edges: 17)
     [+] Wrote enriched_session_106213_Normal.graphml (Nodes: 13, Edges: 17)
     [+] Wrote enriched_session_106226_Normal.graphml (Nodes: 13, Edges: 17)
     [+] Wrote enriched_session_106232_Normal.graphml (Nodes: 13, Edges: 17)
     [+] Wrote enriched_session_106241_Normal.graphml (Nodes: 13, Edges: 17)
     [+] Wrote enriched_session_106230_Normal.graphml (Nodes: 13, Edges: 17)
     [+] Wrote enriched_session_106222_Normal.graphml (Nodes: 13, Edges: 17)
     [+] Wrote enriched_session_106235_Normal.graphml (Nodes: 13, Edges: 17)
     [+] Wrote enriched_session_106236_Normal.graphml (Nodes: 13, Edges: 17)
     [+] Wrote enriched_session_106253_Normal.graphml (Nodes: 4, Edges: 4)
     [+] Wrote enriched_session_106254_Normal.graphml (Nodes: 4, Edges: 4)
     [+] Wrote enriched_session_106256_Normal.graphml (Nodes: 4, Edges: 3)
     [+] Wrote enriched_session_106255_Normal.graphml (Nodes: 4, Edges: 4)
     [+] Wrote enriched_session_106257_Normal.graphml (Nodes: 4, Edges: 3)
     [+] Wrote enriched_session_106272_Normal.graphml (Nodes: 25, Edges: 23)
     [+] Wrote enriched_session_106261_Normal.graphml (Nodes: 2, Edges: 1)
     [+] Wrote enriched_session_106265_Normal.graphml (Nodes: 3, Edges: 2)
     [+] Wrote enriched_session_106273_Unauthorized_DB_Read.graphml (Nodes: 10, Edges: 9)
     [+] Wrote enriched_session_106277_Unauthorized_DB_Read.graphml (Nodes: 19, Edges: 18)
     [+] Wrote enriched_session_106276_Unauthorized_DB_Read.graphml (Nodes: 19, Edges: 18)
     [+] Wrote enriched_session_106278_Data_Exfiltration.graphml (Nodes: 12, Edges: 10)
     [+] Wrote enriched_session_106291_Data_Exfiltration.graphml (Nodes: 61, Edges: 64)
     [+] Wrote enriched_session_106307_Data_Exfiltration.graphml (Nodes: 35, Edges: 38)
     [+] Wrote enriched_session_106323_Data_Exfiltration.graphml (Nodes: 22, Edges: 22)
     [+] Wrote enriched_session_106338_Data_Exfiltration.graphml (Nodes: 22, Edges: 22)
     [+] Wrote enriched_session_106353_Data_Exfiltration.graphml (Nodes: 26, Edges: 30)
     [+] Wrote enriched_session_106370_Data_Exfiltration.graphml (Nodes: 26, Edges: 31)
     [+] Wrote enriched_session_106387_Data_Exfiltration.graphml (Nodes: 26, Edges: 31)
     [+] Wrote enriched_session_106404_Data_Exfiltration.graphml (Nodes: 26, Edges: 31)
     [+] Wrote enriched_session_106421_Data_Exfiltration.graphml (Nodes: 19, Edges: 18)
     [+] Wrote enriched_session_106435_Data_Exfiltration.graphml (Nodes: 19, Edges: 18)
     [+] Wrote enriched_session_106449_Data_Exfiltration.graphml (Nodes: 19, Edges: 18)
     [+] Wrote enriched_session_106463_Data_Exfiltration.graphml (Nodes: 19, Edges: 18)
     [+] Wrote enriched_session_106477_Data_Exfiltration.graphml (Nodes: 22, Edges: 22)
     [+] Wrote enriched_session_106493_Data_Exfiltration.graphml (Nodes: 22, Edges: 22)
     [+] Wrote enriched_session_106508_Data_Exfiltration.graphml (Nodes: 62, Edges: 65)
     [+] Wrote enriched_session_106524_Data_Exfiltration.graphml (Nodes: 36, Edges: 39)
     [+] Wrote enriched_session_106540_Data_Exfiltration.graphml (Nodes: 23, Edges: 23)
     [+] Wrote enriched_session_106555_Data_Exfiltration.graphml (Nodes: 23, Edges: 23)
     [+] Wrote enriched_session_106570_Data_Exfiltration.graphml (Nodes: 61, Edges: 64)
     [+] Wrote enriched_session_106586_Data_Exfiltration.graphml (Nodes: 35, Edges: 39)
     [+] Wrote enriched_session_106602_Data_Exfiltration.graphml (Nodes: 127, Edges: 128)
     [+] Wrote enriched_session_106617_Data_Exfiltration.graphml (Nodes: 62, Edges: 68)
     [+] Wrote enriched_session_106634_Data_Exfiltration.graphml (Nodes: 62, Edges: 68)
     [+] Wrote enriched_session_106655_Normal.graphml (Nodes: 18, Edges: 17)
     [+] Wrote enriched_session_106677_Normal.graphml (Nodes: 13, Edges: 11)
     [+] Wrote enriched_session_106680_Normal.graphml (Nodes: 59, Edges: 59)
     [+] Wrote enriched_session_106688_Normal.graphml (Nodes: 72, Edges: 73)
     [+] Wrote enriched_session_106721_OS_Privilege_Escalation.graphml (Nodes: 21, Edges: 21)
     [+] Wrote enriched_session_106736_OS_Privilege_Escalation.graphml (Nodes: 21, Edges: 21)
     [+] Wrote enriched_session_106751_OS_Privilege_Escalation.graphml (Nodes: 20, Edges: 20)
     [+] Wrote enriched_session_106779_OS_Privilege_Escalation.graphml (Nodes: 29, Edges: 36)
     [+] Wrote enriched_session_106809_OS_Privilege_Escalation.graphml (Nodes: 61, Edges: 66)
     [+] Wrote enriched_session_106825_OS_Privilege_Escalation.graphml (Nodes: 13, Edges: 11)
     [+] Wrote enriched_session_106827_OS_Privilege_Escalation.graphml (Nodes: 13, Edges: 11)
     [+] Wrote enriched_session_106829_OS_Privilege_Escalation.graphml (Nodes: 18, Edges: 17)
     [+] Wrote enriched_session_106842_OS_Privilege_Escalation.graphml (Nodes: 22, Edges: 23)
     [+] Wrote enriched_session_106858_SQL_Injection.graphml (Nodes: 18, Edges: 16)
     [+] Wrote enriched_session_106871_SQL_Injection.graphml (Nodes: 13, Edges: 11)
     [+] Wrote enriched_session_106884_SQL_Injection.graphml (Nodes: 13, Edges: 11)

==================================================
Starting End-to-End Pipeline for: dataset_test_run_8
==================================================
[1/3] Running Algorithm 1 (SAC)
  wrote dataset_test_run_8_event_table.json  (2379 events, 45798 read total)
  wrote dataset_test_run_8_session_correlation.csv  (2379 correlated pairs)
[2/3] Running Algorithm 2 (Graph Construction)
     => Generated 107 base session graphs natively in RAM
[3/3] Running Algorithm 3 (Behavior Abstraction & Serialization)
     [+] Wrote enriched_session_107201_Normal.graphml (Nodes: 4, Edges: 3)
     [+] Wrote enriched_session_107202_Data_Exfiltration.graphml (Nodes: 4, Edges: 3)
     [+] Wrote enriched_session_107207_Normal.graphml (Nodes: 9, Edges: 9)
     [+] Wrote enriched_session_107213_Sabotage.graphml (Nodes: 3, Edges: 2)
     [+] Wrote enriched_session_107225_Normal.graphml (Nodes: 13, Edges: 17)
     [+] Wrote enriched_session_107235_Normal.graphml (Nodes: 13, Edges: 17)
     [+] Wrote enriched_session_107218_Normal.graphml (Nodes: 13, Edges: 17)
     [+] Wrote enriched_session_107220_Normal.graphml (Nodes: 13, Edges: 17)
     [+] Wrote enriched_session_107217_Normal.graphml (Nodes: 13, Edges: 17)
     [+] Wrote enriched_session_107236_Normal.graphml (Nodes: 13, Edges: 17)
     [+] Wrote enriched_session_107243_Normal.graphml (Nodes: 13, Edges: 17)
     [+] Wrote enriched_session_107238_Normal.graphml (Nodes: 13, Edges: 17)
     [+] Wrote enriched_session_107221_Normal.graphml (Nodes: 13, Edges: 17)
     [+] Wrote enriched_session_107258_Normal.graphml (Nodes: 13, Edges: 17)
     [+] Wrote enriched_session_107268_Normal.graphml (Nodes: 13, Edges: 17)
     [+] Wrote enriched_session_107244_Normal.graphml (Nodes: 13, Edges: 17)
     [+] Wrote enriched_session_107270_Normal.graphml (Nodes: 13, Edges: 17)
     [+] Wrote enriched_session_107264_Normal.graphml (Nodes: 13, Edges: 17)
     [+] Wrote enriched_session_107248_Normal.graphml (Nodes: 13, Edges: 17)
     [+] Wrote enriched_session_107247_Normal.graphml (Nodes: 13, Edges: 17)
     [+] Wrote enriched_session_107239_Normal.graphml (Nodes: 13, Edges: 17)
     [+] Wrote enriched_session_107266_Normal.graphml (Nodes: 13, Edges: 17)
     [+] Wrote enriched_session_107251_Normal.graphml (Nodes: 13, Edges: 17)
     [+] Wrote enriched_session_107262_Normal.graphml (Nodes: 13, Edges: 17)
     [+] Wrote enriched_session_107257_Normal.graphml (Nodes: 13, Edges: 17)
     [+] Wrote enriched_session_107261_Normal.graphml (Nodes: 13, Edges: 17)
     [+] Wrote enriched_session_107255_Normal.graphml (Nodes: 13, Edges: 17)
     [+] Wrote enriched_session_107256_Normal.graphml (Nodes: 13, Edges: 17)
     [+] Wrote enriched_session_107250_Normal.graphml (Nodes: 13, Edges: 17)
     [+] Wrote enriched_session_107224_Normal.graphml (Nodes: 13, Edges: 17)
     [+] Wrote enriched_session_107259_Normal.graphml (Nodes: 13, Edges: 17)
     [+] Wrote enriched_session_107246_Normal.graphml (Nodes: 13, Edges: 17)
     [+] Wrote enriched_session_107233_Normal.graphml (Nodes: 13, Edges: 17)
     [+] Wrote enriched_session_107254_Normal.graphml (Nodes: 13, Edges: 17)
     [+] Wrote enriched_session_107230_Normal.graphml (Nodes: 13, Edges: 17)
     [+] Wrote enriched_session_107219_Normal.graphml (Nodes: 13, Edges: 17)
     [+] Wrote enriched_session_107223_Normal.graphml (Nodes: 13, Edges: 17)
     [+] Wrote enriched_session_107252_Normal.graphml (Nodes: 13, Edges: 17)
     [+] Wrote enriched_session_107260_Normal.graphml (Nodes: 13, Edges: 17)
     [+] Wrote enriched_session_107272_Normal.graphml (Nodes: 13, Edges: 17)
     [+] Wrote enriched_session_107271_Normal.graphml (Nodes: 13, Edges: 17)
     [+] Wrote enriched_session_107269_Normal.graphml (Nodes: 13, Edges: 17)
     [+] Wrote enriched_session_107273_Normal.graphml (Nodes: 13, Edges: 17)
     [+] Wrote enriched_session_107228_Normal.graphml (Nodes: 13, Edges: 17)
     [+] Wrote enriched_session_107245_Normal.graphml (Nodes: 13, Edges: 17)
     [+] Wrote enriched_session_107249_Normal.graphml (Nodes: 13, Edges: 17)
     [+] Wrote enriched_session_107274_Normal.graphml (Nodes: 13, Edges: 17)
     [+] Wrote enriched_session_107263_Normal.graphml (Nodes: 13, Edges: 17)
     [+] Wrote enriched_session_107267_Normal.graphml (Nodes: 13, Edges: 17)
     [+] Wrote enriched_session_107227_Normal.graphml (Nodes: 13, Edges: 17)
     [+] Wrote enriched_session_107234_Normal.graphml (Nodes: 13, Edges: 17)
     [+] Wrote enriched_session_107253_Normal.graphml (Nodes: 13, Edges: 17)
     [+] Wrote enriched_session_107265_Normal.graphml (Nodes: 13, Edges: 17)
     [+] Wrote enriched_session_107242_Normal.graphml (Nodes: 13, Edges: 17)
     [+] Wrote enriched_session_107276_Normal.graphml (Nodes: 4, Edges: 3)
     [+] Wrote enriched_session_107275_Normal.graphml (Nodes: 4, Edges: 3)
     [+] Wrote enriched_session_107285_Normal.graphml (Nodes: 4, Edges: 3)
     [+] Wrote enriched_session_107287_Normal.graphml (Nodes: 4, Edges: 3)
     [+] Wrote enriched_session_107288_Normal.graphml (Nodes: 4, Edges: 4)
     [+] Wrote enriched_session_107292_Normal.graphml (Nodes: 4, Edges: 4)
     [+] Wrote enriched_session_107291_Normal.graphml (Nodes: 4, Edges: 4)
     [+] Wrote enriched_session_107293_Normal.graphml (Nodes: 2, Edges: 1)
     [+] Wrote enriched_session_107295_Normal.graphml (Nodes: 3, Edges: 2)
     [+] Wrote enriched_session_107304_Normal.graphml (Nodes: 27, Edges: 25)
     [+] Wrote enriched_session_107305_Unauthorized_DB_Read.graphml (Nodes: 10, Edges: 9)
     [+] Wrote enriched_session_107327_Unauthorized_DB_Read.graphml (Nodes: 19, Edges: 18)
     [+] Wrote enriched_session_107328_Unauthorized_DB_Read.graphml (Nodes: 19, Edges: 18)
     [+] Wrote enriched_session_107337_Data_Exfiltration.graphml (Nodes: 12, Edges: 10)
     [+] Wrote enriched_session_107352_Data_Exfiltration.graphml (Nodes: 61, Edges: 65)
     [+] Wrote enriched_session_107368_Data_Exfiltration.graphml (Nodes: 35, Edges: 39)
     [+] Wrote enriched_session_107385_Data_Exfiltration.graphml (Nodes: 22, Edges: 23)
     [+] Wrote enriched_session_107400_Data_Exfiltration.graphml (Nodes: 22, Edges: 23)
     [+] Wrote enriched_session_107415_Data_Exfiltration.graphml (Nodes: 26, Edges: 31)
     [+] Wrote enriched_session_107433_Data_Exfiltration.graphml (Nodes: 26, Edges: 31)
     [+] Wrote enriched_session_107464_Data_Exfiltration.graphml (Nodes: 26, Edges: 30)
     [+] Wrote enriched_session_107481_Data_Exfiltration.graphml (Nodes: 26, Edges: 30)
     [+] Wrote enriched_session_107498_Data_Exfiltration.graphml (Nodes: 19, Edges: 17)
     [+] Wrote enriched_session_107512_Data_Exfiltration.graphml (Nodes: 19, Edges: 17)
     [+] Wrote enriched_session_107527_Data_Exfiltration.graphml (Nodes: 19, Edges: 17)
     [+] Wrote enriched_session_107542_Data_Exfiltration.graphml (Nodes: 19, Edges: 17)
     [+] Wrote enriched_session_107557_Data_Exfiltration.graphml (Nodes: 22, Edges: 22)
     [+] Wrote enriched_session_107572_Data_Exfiltration.graphml (Nodes: 22, Edges: 23)
     [+] Wrote enriched_session_107587_Data_Exfiltration.graphml (Nodes: 62, Edges: 66)
     [+] Wrote enriched_session_107603_Data_Exfiltration.graphml (Nodes: 36, Edges: 40)
     [+] Wrote enriched_session_107619_Data_Exfiltration.graphml (Nodes: 23, Edges: 24)
     [+] Wrote enriched_session_107643_Data_Exfiltration.graphml (Nodes: 23, Edges: 23)
     [+] Wrote enriched_session_107658_Data_Exfiltration.graphml (Nodes: 61, Edges: 64)
     [+] Wrote enriched_session_107674_Data_Exfiltration.graphml (Nodes: 35, Edges: 38)
     [+] Wrote enriched_session_107690_Data_Exfiltration.graphml (Nodes: 127, Edges: 127)
     [+] Wrote enriched_session_107705_Data_Exfiltration.graphml (Nodes: 62, Edges: 68)
     [+] Wrote enriched_session_107725_Data_Exfiltration.graphml (Nodes: 62, Edges: 68)
     [+] Wrote enriched_session_107777_Normal.graphml (Nodes: 18, Edges: 17)
     [+] Wrote enriched_session_107780_Normal.graphml (Nodes: 13, Edges: 11)
     [+] Wrote enriched_session_107783_Normal.graphml (Nodes: 59, Edges: 59)
     [+] Wrote enriched_session_107791_Normal.graphml (Nodes: 72, Edges: 73)
     [+] Wrote enriched_session_107823_OS_Privilege_Escalation.graphml (Nodes: 21, Edges: 21)
     [+] Wrote enriched_session_107838_OS_Privilege_Escalation.graphml (Nodes: 21, Edges: 21)
     [+] Wrote enriched_session_107853_OS_Privilege_Escalation.graphml (Nodes: 20, Edges: 20)
     [+] Wrote enriched_session_107881_OS_Privilege_Escalation.graphml (Nodes: 29, Edges: 35)
     [+] Wrote enriched_session_107911_OS_Privilege_Escalation.graphml (Nodes: 61, Edges: 66)
     [+] Wrote enriched_session_107927_OS_Privilege_Escalation.graphml (Nodes: 13, Edges: 11)
     [+] Wrote enriched_session_107929_OS_Privilege_Escalation.graphml (Nodes: 13, Edges: 11)
     [+] Wrote enriched_session_107931_OS_Privilege_Escalation.graphml (Nodes: 18, Edges: 17)
     [+] Wrote enriched_session_107944_OS_Privilege_Escalation.graphml (Nodes: 22, Edges: 23)
     [+] Wrote enriched_session_107960_OS_Privilege_Escalation.graphml (Nodes: 18, Edges: 16)
     [+] Wrote enriched_session_107973_SQL_Injection.graphml (Nodes: 13, Edges: 11)
     [+] Wrote enriched_session_107986_SQL_Injection.graphml (Nodes: 13, Edges: 11)

==================================================
Starting End-to-End Pipeline for: dataset_test_run_9
==================================================
[1/3] Running Algorithm 1 (SAC)
  wrote dataset_test_run_9_event_table.json  (2314 events, 35923 read total)
  wrote dataset_test_run_9_session_correlation.csv  (2314 correlated pairs)
[2/3] Running Algorithm 2 (Graph Construction)
     => Generated 107 base session graphs natively in RAM
[3/3] Running Algorithm 3 (Behavior Abstraction & Serialization)
     [+] Wrote enriched_session_108305_Data_Exfiltration.graphml (Nodes: 4, Edges: 3)
     [+] Wrote enriched_session_108307_Data_Exfiltration.graphml (Nodes: 9, Edges: 9)
     [+] Wrote enriched_session_108308_Data_Exfiltration.graphml (Nodes: 4, Edges: 3)
     [+] Wrote enriched_session_108309_Sabotage.graphml (Nodes: 3, Edges: 2)
     [+] Wrote enriched_session_108350_Normal.graphml (Nodes: 13, Edges: 17)
     [+] Wrote enriched_session_108318_Normal.graphml (Nodes: 13, Edges: 17)
     [+] Wrote enriched_session_108317_Normal.graphml (Nodes: 13, Edges: 17)
     [+] Wrote enriched_session_108362_Normal.graphml (Nodes: 13, Edges: 17)
     [+] Wrote enriched_session_108316_Normal.graphml (Nodes: 13, Edges: 17)
     [+] Wrote enriched_session_108319_Normal.graphml (Nodes: 13, Edges: 17)
     [+] Wrote enriched_session_108328_Normal.graphml (Nodes: 13, Edges: 17)
     [+] Wrote enriched_session_108357_Normal.graphml (Nodes: 13, Edges: 17)
     [+] Wrote enriched_session_108376_Normal.graphml (Nodes: 13, Edges: 17)
     [+] Wrote enriched_session_108322_Normal.graphml (Nodes: 13, Edges: 17)
     [+] Wrote enriched_session_108333_Normal.graphml (Nodes: 13, Edges: 17)
     [+] Wrote enriched_session_108344_Normal.graphml (Nodes: 13, Edges: 17)
     [+] Wrote enriched_session_108336_Normal.graphml (Nodes: 13, Edges: 17)
     [+] Wrote enriched_session_108352_Normal.graphml (Nodes: 13, Edges: 17)
     [+] Wrote enriched_session_108341_Normal.graphml (Nodes: 13, Edges: 17)
     [+] Wrote enriched_session_108361_Normal.graphml (Nodes: 13, Edges: 17)
     [+] Wrote enriched_session_108355_Normal.graphml (Nodes: 13, Edges: 17)
     [+] Wrote enriched_session_108365_Normal.graphml (Nodes: 13, Edges: 17)
     [+] Wrote enriched_session_108324_Normal.graphml (Nodes: 13, Edges: 17)
     [+] Wrote enriched_session_108331_Normal.graphml (Nodes: 13, Edges: 17)
     [+] Wrote enriched_session_108340_Normal.graphml (Nodes: 13, Edges: 17)
     [+] Wrote enriched_session_108359_Normal.graphml (Nodes: 13, Edges: 17)
     [+] Wrote enriched_session_108330_Normal.graphml (Nodes: 13, Edges: 17)
     [+] Wrote enriched_session_108342_Normal.graphml (Nodes: 13, Edges: 17)
     [+] Wrote enriched_session_108358_Normal.graphml (Nodes: 13, Edges: 17)
     [+] Wrote enriched_session_108351_Normal.graphml (Nodes: 13, Edges: 17)
     [+] Wrote enriched_session_108346_Normal.graphml (Nodes: 13, Edges: 17)
     [+] Wrote enriched_session_108366_Normal.graphml (Nodes: 13, Edges: 17)
     [+] Wrote enriched_session_108356_Normal.graphml (Nodes: 13, Edges: 17)
     [+] Wrote enriched_session_108323_Normal.graphml (Nodes: 13, Edges: 17)
     [+] Wrote enriched_session_108369_Normal.graphml (Nodes: 13, Edges: 17)
     [+] Wrote enriched_session_108354_Normal.graphml (Nodes: 13, Edges: 17)
     [+] Wrote enriched_session_108372_Normal.graphml (Nodes: 13, Edges: 17)
     [+] Wrote enriched_session_108353_Normal.graphml (Nodes: 13, Edges: 17)
     [+] Wrote enriched_session_108370_Normal.graphml (Nodes: 13, Edges: 17)
     [+] Wrote enriched_session_108363_Normal.graphml (Nodes: 13, Edges: 17)
     [+] Wrote enriched_session_108378_Normal.graphml (Nodes: 13, Edges: 17)
     [+] Wrote enriched_session_108367_Normal.graphml (Nodes: 13, Edges: 17)
     [+] Wrote enriched_session_108360_Normal.graphml (Nodes: 13, Edges: 17)
     [+] Wrote enriched_session_108368_Normal.graphml (Nodes: 13, Edges: 17)
     [+] Wrote enriched_session_108329_Normal.graphml (Nodes: 13, Edges: 17)
     [+] Wrote enriched_session_108364_Normal.graphml (Nodes: 13, Edges: 17)
     [+] Wrote enriched_session_108371_Normal.graphml (Nodes: 13, Edges: 17)
     [+] Wrote enriched_session_108375_Normal.graphml (Nodes: 13, Edges: 17)
     [+] Wrote enriched_session_108373_Normal.graphml (Nodes: 13, Edges: 17)
     [+] Wrote enriched_session_108379_Data_Exfiltration.graphml (Nodes: 4, Edges: 3)
     [+] Wrote enriched_session_108335_Normal.graphml (Nodes: 13, Edges: 17)
     [+] Wrote enriched_session_108374_Normal.graphml (Nodes: 13, Edges: 17)
     [+] Wrote enriched_session_108377_Normal.graphml (Nodes: 13, Edges: 17)
     [+] Wrote enriched_session_108343_Normal.graphml (Nodes: 13, Edges: 17)
     [+] Wrote enriched_session_108349_Normal.graphml (Nodes: 13, Edges: 17)
     [+] Wrote enriched_session_108382_Data_Exfiltration.graphml (Nodes: 4, Edges: 3)
     [+] Wrote enriched_session_108389_Data_Exfiltration.graphml (Nodes: 4, Edges: 3)
     [+] Wrote enriched_session_108392_Data_Exfiltration.graphml (Nodes: 4, Edges: 3)
     [+] Wrote enriched_session_108391_Data_Exfiltration.graphml (Nodes: 4, Edges: 4)
     [+] Wrote enriched_session_108395_Data_Exfiltration.graphml (Nodes: 4, Edges: 4)
     [+] Wrote enriched_session_108396_Data_Exfiltration.graphml (Nodes: 4, Edges: 4)
     [+] Wrote enriched_session_108397_Data_Exfiltration.graphml (Nodes: 2, Edges: 1)
     [+] Wrote enriched_session_108399_Data_Exfiltration.graphml (Nodes: 3, Edges: 2)
     [+] Wrote enriched_session_108408_Unauthorized_DB_Read.graphml (Nodes: 4, Edges: 4)
     [+] Wrote enriched_session_108410_Unauthorized_DB_Read.graphml (Nodes: 4, Edges: 4)
     [+] Wrote enriched_session_108409_Unauthorized_DB_Read.graphml (Nodes: 4, Edges: 4)
     [+] Wrote enriched_session_108411_Data_Exfiltration.graphml (Nodes: 26, Edges: 24)
     [+] Wrote enriched_session_108424_Data_Exfiltration.graphml (Nodes: 53, Edges: 57)
     [+] Wrote enriched_session_108442_Data_Exfiltration.graphml (Nodes: 12, Edges: 10)
     [+] Wrote enriched_session_108443_Data_Exfiltration.graphml (Nodes: 35, Edges: 38)
     [+] Wrote enriched_session_108459_Data_Exfiltration.graphml (Nodes: 22, Edges: 22)
     [+] Wrote enriched_session_108474_Data_Exfiltration.graphml (Nodes: 22, Edges: 22)
     [+] Wrote enriched_session_108489_Data_Exfiltration.graphml (Nodes: 26, Edges: 30)
     [+] Wrote enriched_session_108507_Data_Exfiltration.graphml (Nodes: 26, Edges: 30)
     [+] Wrote enriched_session_108524_Data_Exfiltration.graphml (Nodes: 26, Edges: 30)
     [+] Wrote enriched_session_108541_Data_Exfiltration.graphml (Nodes: 26, Edges: 30)
     [+] Wrote enriched_session_108558_Data_Exfiltration.graphml (Nodes: 19, Edges: 17)
     [+] Wrote enriched_session_108572_Data_Exfiltration.graphml (Nodes: 19, Edges: 17)
     [+] Wrote enriched_session_108586_Data_Exfiltration.graphml (Nodes: 19, Edges: 17)
     [+] Wrote enriched_session_108600_Data_Exfiltration.graphml (Nodes: 19, Edges: 17)
     [+] Wrote enriched_session_108614_Data_Exfiltration.graphml (Nodes: 22, Edges: 22)
     [+] Wrote enriched_session_108629_Data_Exfiltration.graphml (Nodes: 22, Edges: 22)
     [+] Wrote enriched_session_108644_Data_Exfiltration.graphml (Nodes: 62, Edges: 65)
     [+] Wrote enriched_session_108660_Data_Exfiltration.graphml (Nodes: 36, Edges: 39)
     [+] Wrote enriched_session_108676_Data_Exfiltration.graphml (Nodes: 23, Edges: 23)
     [+] Wrote enriched_session_108691_Data_Exfiltration.graphml (Nodes: 23, Edges: 23)
     [+] Wrote enriched_session_108706_Data_Exfiltration.graphml (Nodes: 61, Edges: 64)
     [+] Wrote enriched_session_108722_Data_Exfiltration.graphml (Nodes: 35, Edges: 38)
     [+] Wrote enriched_session_108738_Normal.graphml (Nodes: 127, Edges: 127)
     [+] Wrote enriched_session_108753_Data_Exfiltration.graphml (Nodes: 62, Edges: 67)
     [+] Wrote enriched_session_108770_Data_Exfiltration.graphml (Nodes: 62, Edges: 67)
     [+] Wrote enriched_session_108812_Normal.graphml (Nodes: 18, Edges: 17)
     [+] Wrote enriched_session_108815_Normal.graphml (Nodes: 13, Edges: 11)
     [+] Wrote enriched_session_108818_Normal.graphml (Nodes: 59, Edges: 59)
     [+] Wrote enriched_session_108826_Normal.graphml (Nodes: 72, Edges: 73)
     [+] Wrote enriched_session_108860_OS_Privilege_Escalation.graphml (Nodes: 30, Edges: 30)
     [+] Wrote enriched_session_108875_OS_Privilege_Escalation.graphml (Nodes: 21, Edges: 21)
     [+] Wrote enriched_session_108890_Attack.graphml (Nodes: 20, Edges: 20)
     [+] Wrote enriched_session_108918_Attack.graphml (Nodes: 29, Edges: 35)
     [+] Wrote enriched_session_108948_Attack.graphml (Nodes: 61, Edges: 65)
     [+] Wrote enriched_session_108964_Attack.graphml (Nodes: 13, Edges: 11)
     [+] Wrote enriched_session_108966_Attack.graphml (Nodes: 13, Edges: 11)
     [+] Wrote enriched_session_108968_Attack.graphml (Nodes: 18, Edges: 17)
     [+] Wrote enriched_session_108984_SQL_Injection.graphml (Nodes: 25, Edges: 25)
     [+] Wrote enriched_session_109000_SQL_Injection.graphml (Nodes: 18, Edges: 16)
     [+] Wrote enriched_session_109013_SQL_Injection.graphml (Nodes: 13, Edges: 11)
     [+] Wrote enriched_session_109026_SQL_Injection.graphml (Nodes: 13, Edges: 11)
